<?xml version = "1.0" encoding="Windows-1251" standalone="yes"?>
<VFPData>
	<xsd:schema id="VFPData" xmlns:xsd="http://www.w3.org/2001/XMLSchema" xmlns:msdata="urn:schemas-microsoft-com:xml-msdata">
		<xsd:element name="VFPData" msdata:IsDataSet="true">
			<xsd:complexType>
				<xsd:choice maxOccurs="unbounded">
					<xsd:element name="f002_insadvice" minOccurs="0" maxOccurs="unbounded">
						<xsd:complexType>
							<xsd:sequence>
								<xsd:element name="smocod">
									<xsd:simpleType>
										<xsd:restriction base="xsd:string">
											<xsd:maxLength value="5"/>
										</xsd:restriction>
									</xsd:simpleType>
								</xsd:element>
								<xsd:element name="year_work">
									<xsd:simpleType>
										<xsd:restriction base="xsd:decimal">
											<xsd:totalDigits value="6"/>
											<xsd:fractionDigits value="0"/>
										</xsd:restriction>
									</xsd:simpleType>
								</xsd:element>
								<xsd:element name="duved" type="xsd:date"/>
								<xsd:element name="kol_zl">
									<xsd:simpleType>
										<xsd:restriction base="xsd:decimal">
											<xsd:totalDigits value="12"/>
											<xsd:fractionDigits value="0"/>
										</xsd:restriction>
									</xsd:simpleType>
								</xsd:element>
								<xsd:element name="nal_p">
									<xsd:simpleType>
										<xsd:restriction base="xsd:string">
											<xsd:maxLength value="1"/>
										</xsd:restriction>
									</xsd:simpleType>
								</xsd:element>
							</xsd:sequence>
						</xsd:complexType>
					</xsd:element>
				</xsd:choice>
				<xsd:anyAttribute namespace="http://www.w3.org/XML/1998/namespace" processContents="lax"/>
			</xsd:complexType>
		</xsd:element>
	</xsd:schema>
	<f002_insadvice>
		<smocod>83005</smocod>
		<year_work>2024</year_work>
		<duved>2023-07-10</duved>
		<kol_zl>116307</kol_zl>
		<nal_p/>
	</f002_insadvice>
	<f002_insadvice>
		<smocod>83008</smocod>
		<year_work>2024</year_work>
		<duved>2023-07-11</duved>
		<kol_zl>260266</kol_zl>
		<nal_p/>
	</f002_insadvice>
	<f002_insadvice>
		<smocod>84002</smocod>
		<year_work>2024</year_work>
		<duved>2023-07-14</duved>
		<kol_zl>23782</kol_zl>
		<nal_p/>
	</f002_insadvice>
	<f002_insadvice>
		<smocod>85002</smocod>
		<year_work>2024</year_work>
		<duved>2023-07-24</duved>
		<kol_zl>1042161</kol_zl>
		<nal_p/>
	</f002_insadvice>
	<f002_insadvice>
		<smocod>85004</smocod>
		<year_work>2024</year_work>
		<duved>2023-08-01</duved>
		<kol_zl>868985</kol_zl>
		<nal_p/>
	</f002_insadvice>
	<f002_insadvice>
		<smocod>86001</smocod>
		<year_work>2024</year_work>
		<duved>2023-08-03</duved>
		<kol_zl>209697</kol_zl>
		<nal_p/>
	</f002_insadvice>
	<f002_insadvice>
		<smocod>86002</smocod>
		<year_work>2024</year_work>
		<duved>2023-07-24</duved>
		<kol_zl>263483</kol_zl>
		<nal_p/>
	</f002_insadvice>
	<f002_insadvice>
		<smocod>01004</smocod>
		<year_work>2024</year_work>
		<duved>2023-07-19</duved>
		<kol_zl>412762</kol_zl>
		<nal_p/>
	</f002_insadvice>
	<f002_insadvice>
		<smocod>02001</smocod>
		<year_work>2024</year_work>
		<duved>2023-07-14</duved>
		<kol_zl>165605</kol_zl>
		<nal_p/>
	</f002_insadvice>
	<f002_insadvice>
		<smocod>02004</smocod>
		<year_work>2024</year_work>
		<duved>2023-07-20</duved>
		<kol_zl>839274</kol_zl>
		<nal_p/>
	</f002_insadvice>
	<f002_insadvice>
		<smocod>02008</smocod>
		<year_work>2024</year_work>
		<duved>2023-07-12</duved>
		<kol_zl>405708</kol_zl>
		<nal_p/>
	</f002_insadvice>
	<f002_insadvice>
		<smocod>02010</smocod>
		<year_work>2024</year_work>
		<duved>2023-08-04</duved>
		<kol_zl>285895</kol_zl>
		<nal_p/>
	</f002_insadvice>
	<f002_insadvice>
		<smocod>02014</smocod>
		<year_work>2024</year_work>
		<duved>2023-07-19</duved>
		<kol_zl>720362</kol_zl>
		<nal_p/>
	</f002_insadvice>
	<f002_insadvice>
		<smocod>02016</smocod>
		<year_work>2024</year_work>
		<duved>2023-07-19</duved>
		<kol_zl>1391206</kol_zl>
		<nal_p/>
	</f002_insadvice>
	<f002_insadvice>
		<smocod>02017</smocod>
		<year_work>2024</year_work>
		<duved>2023-07-03</duved>
		<kol_zl>86322</kol_zl>
		<nal_p/>
	</f002_insadvice>
	<f002_insadvice>
		<smocod>03101</smocod>
		<year_work>2024</year_work>
		<duved>2023-07-11</duved>
		<kol_zl>512489</kol_zl>
		<nal_p/>
	</f002_insadvice>
	<f002_insadvice>
		<smocod>03102</smocod>
		<year_work>2024</year_work>
		<duved>2023-08-01</duved>
		<kol_zl>432627</kol_zl>
		<nal_p/>
	</f002_insadvice>
	<f002_insadvice>
		<smocod>04004</smocod>
		<year_work>2024</year_work>
		<duved>2023-07-31</duved>
		<kol_zl>220996</kol_zl>
		<nal_p/>
	</f002_insadvice>
	<f002_insadvice>
		<smocod>05501</smocod>
		<year_work>2024</year_work>
		<duved>2023-07-18</duved>
		<kol_zl>2601835</kol_zl>
		<nal_p/>
	</f002_insadvice>
	<f002_insadvice>
		<smocod>06050</smocod>
		<year_work>2024</year_work>
		<duved>2023-07-07</duved>
		<kol_zl>439393</kol_zl>
		<nal_p/>
	</f002_insadvice>
	<f002_insadvice>
		<smocod>07004</smocod>
		<year_work>2024</year_work>
		<duved>2023-08-01</duved>
		<kol_zl>667367</kol_zl>
		<nal_p/>
	</f002_insadvice>
	<f002_insadvice>
		<smocod>07005</smocod>
		<year_work>2024</year_work>
		<duved>2023-07-21</duved>
		<kol_zl>63663</kol_zl>
		<nal_p/>
	</f002_insadvice>
	<f002_insadvice>
		<smocod>08005</smocod>
		<year_work>2024</year_work>
		<duved>2023-07-11</duved>
		<kol_zl>232041</kol_zl>
		<nal_p/>
	</f002_insadvice>
	<f002_insadvice>
		<smocod>09050</smocod>
		<year_work>2024</year_work>
		<duved>2023-07-18</duved>
		<kol_zl>393415</kol_zl>
		<nal_p/>
	</f002_insadvice>
	<f002_insadvice>
		<smocod>10001</smocod>
		<year_work>2024</year_work>
		<duved>2023-07-04</duved>
		<kol_zl>118985</kol_zl>
		<nal_p/>
	</f002_insadvice>
	<f002_insadvice>
		<smocod>10003</smocod>
		<year_work>2024</year_work>
		<duved>2023-07-31</duved>
		<kol_zl>496992</kol_zl>
		<nal_p/>
	</f002_insadvice>
	<f002_insadvice>
		<smocod>11001</smocod>
		<year_work>2024</year_work>
		<duved>2023-07-12</duved>
		<kol_zl>388854</kol_zl>
		<nal_p/>
	</f002_insadvice>
	<f002_insadvice>
		<smocod>11002</smocod>
		<year_work>2024</year_work>
		<duved>2023-08-01</duved>
		<kol_zl>401781</kol_zl>
		<nal_p/>
	</f002_insadvice>
	<f002_insadvice>
		<smocod>12001</smocod>
		<year_work>2024</year_work>
		<duved>2023-07-11</duved>
		<kol_zl>645120</kol_zl>
		<nal_p/>
	</f002_insadvice>
	<f002_insadvice>
		<smocod>13006</smocod>
		<year_work>2024</year_work>
		<duved>2023-07-11</duved>
		<kol_zl>352171</kol_zl>
		<nal_p/>
	</f002_insadvice>
	<f002_insadvice>
		<smocod>13009</smocod>
		<year_work>2024</year_work>
		<duved>2023-07-28</duved>
		<kol_zl>340805</kol_zl>
		<nal_p/>
	</f002_insadvice>
	<f002_insadvice>
		<smocod>14002</smocod>
		<year_work>2024</year_work>
		<duved>2023-08-01</duved>
		<kol_zl>803979</kol_zl>
		<nal_p/>
	</f002_insadvice>
	<f002_insadvice>
		<smocod>14005</smocod>
		<year_work>2024</year_work>
		<duved>2023-08-14</duved>
		<kol_zl>138954</kol_zl>
		<nal_p/>
	</f002_insadvice>
	<f002_insadvice>
		<smocod>15002</smocod>
		<year_work>2024</year_work>
		<duved>2023-08-08</duved>
		<kol_zl>672447</kol_zl>
		<nal_p/>
	</f002_insadvice>
	<f002_insadvice>
		<smocod>16051</smocod>
		<year_work>2024</year_work>
		<duved>2023-08-15</duved>
		<kol_zl>3236698</kol_zl>
		<nal_p/>
	</f002_insadvice>
	<f002_insadvice>
		<smocod>16052</smocod>
		<year_work>2024</year_work>
		<duved>2023-07-21</duved>
		<kol_zl>293029</kol_zl>
		<nal_p/>
	</f002_insadvice>
	<f002_insadvice>
		<smocod>16053</smocod>
		<year_work>2024</year_work>
		<duved>2023-08-23</duved>
		<kol_zl>288995</kol_zl>
		<nal_p/>
	</f002_insadvice>
	<f002_insadvice>
		<smocod>17004</smocod>
		<year_work>2024</year_work>
		<duved>2023-08-10</duved>
		<kol_zl>316693</kol_zl>
		<nal_p/>
	</f002_insadvice>
	<f002_insadvice>
		<smocod>18002</smocod>
		<year_work>2024</year_work>
		<duved>2023-06-27</duved>
		<kol_zl>367569</kol_zl>
		<nal_p/>
	</f002_insadvice>
	<f002_insadvice>
		<smocod>18005</smocod>
		<year_work>2024</year_work>
		<duved>2023-07-20</duved>
		<kol_zl>788216</kol_zl>
		<nal_p/>
	</f002_insadvice>
	<f002_insadvice>
		<smocod>18006</smocod>
		<year_work>2024</year_work>
		<duved>2023-07-11</duved>
		<kol_zl>324084</kol_zl>
		<nal_p/>
	</f002_insadvice>
	<f002_insadvice>
		<smocod>19001</smocod>
		<year_work>2024</year_work>
		<duved>2023-06-30</duved>
		<kol_zl>241835</kol_zl>
		<nal_p/>
	</f002_insadvice>
	<f002_insadvice>
		<smocod>19006</smocod>
		<year_work>2024</year_work>
		<duved>2023-06-23</duved>
		<kol_zl>294107</kol_zl>
		<nal_p/>
	</f002_insadvice>
	<f002_insadvice>
		<smocod>20001</smocod>
		<year_work>2024</year_work>
		<duved>2011-01-01</duved>
		<kol_zl>0</kol_zl>
		<nal_p/>
	</f002_insadvice>
	<f002_insadvice>
		<smocod>21001</smocod>
		<year_work>2024</year_work>
		<duved>2023-08-15</duved>
		<kol_zl>209123</kol_zl>
		<nal_p/>
	</f002_insadvice>
	<f002_insadvice>
		<smocod>21002</smocod>
		<year_work>2024</year_work>
		<duved>2023-06-22</duved>
		<kol_zl>980103</kol_zl>
		<nal_p/>
	</f002_insadvice>
	<f002_insadvice>
		<smocod>22001</smocod>
		<year_work>2024</year_work>
		<duved>2023-08-17</duved>
		<kol_zl>1481998</kol_zl>
		<nal_p/>
	</f002_insadvice>
	<f002_insadvice>
		<smocod>22006</smocod>
		<year_work>2024</year_work>
		<duved>2023-07-31</duved>
		<kol_zl>728701</kol_zl>
		<nal_p/>
	</f002_insadvice>
	<f002_insadvice>
		<smocod>23207</smocod>
		<year_work>2024</year_work>
		<duved>2023-07-26</duved>
		<kol_zl>4339551</kol_zl>
		<nal_p/>
	</f002_insadvice>
	<f002_insadvice>
		<smocod>23407</smocod>
		<year_work>2024</year_work>
		<duved>2023-08-07</duved>
		<kol_zl>641037</kol_zl>
		<nal_p/>
	</f002_insadvice>
	<f002_insadvice>
		<smocod>23607</smocod>
		<year_work>2024</year_work>
		<duved>2023-07-14</duved>
		<kol_zl>984542</kol_zl>
		<nal_p/>
	</f002_insadvice>
	<f002_insadvice>
		<smocod>24008</smocod>
		<year_work>2024</year_work>
		<duved>2023-06-30</duved>
		<kol_zl>927266</kol_zl>
		<nal_p/>
	</f002_insadvice>
	<f002_insadvice>
		<smocod>24020</smocod>
		<year_work>2024</year_work>
		<duved>2023-07-10</duved>
		<kol_zl>712109</kol_zl>
		<nal_p/>
	</f002_insadvice>
	<f002_insadvice>
		<smocod>24022</smocod>
		<year_work>2024</year_work>
		<duved>2023-05-22</duved>
		<kol_zl>1183642</kol_zl>
		<nal_p/>
	</f002_insadvice>
	<f002_insadvice>
		<smocod>25011</smocod>
		<year_work>2024</year_work>
		<duved>2023-05-22</duved>
		<kol_zl>1795498</kol_zl>
		<nal_p/>
	</f002_insadvice>
	<f002_insadvice>
		<smocod>25014</smocod>
		<year_work>2024</year_work>
		<duved>2024-08-14</duved>
		<kol_zl>0</kol_zl>
		<nal_p/>
	</f002_insadvice>
	<f002_insadvice>
		<smocod>25014</smocod>
		<year_work>2024</year_work>
		<duved>2024-07-31</duved>
		<kol_zl>0</kol_zl>
		<nal_p/>
	</f002_insadvice>
	<f002_insadvice>
		<smocod>26005</smocod>
		<year_work>2024</year_work>
		<duved>2011-08-29</duved>
		<kol_zl>1900598</kol_zl>
		<nal_p/>
	</f002_insadvice>
	<f002_insadvice>
		<smocod>26008</smocod>
		<year_work>2024</year_work>
		<duved>2018-06-15</duved>
		<kol_zl>738744</kol_zl>
		<nal_p/>
	</f002_insadvice>
	<f002_insadvice>
		<smocod>27005</smocod>
		<year_work>2024</year_work>
		<duved>2023-07-13</duved>
		<kol_zl>1271027</kol_zl>
		<nal_p/>
	</f002_insadvice>
	<f002_insadvice>
		<smocod>28004</smocod>
		<year_work>2024</year_work>
		<duved>2023-07-11</duved>
		<kol_zl>754231</kol_zl>
		<nal_p/>
	</f002_insadvice>
	<f002_insadvice>
		<smocod>29030</smocod>
		<year_work>2024</year_work>
		<duved>2023-07-14</duved>
		<kol_zl>790181</kol_zl>
		<nal_p/>
	</f002_insadvice>
	<f002_insadvice>
		<smocod>29031</smocod>
		<year_work>2024</year_work>
		<duved>2023-08-02</duved>
		<kol_zl>258835</kol_zl>
		<nal_p/>
	</f002_insadvice>
	<f002_insadvice>
		<smocod>30002</smocod>
		<year_work>2024</year_work>
		<duved>2023-07-11</duved>
		<kol_zl>924228</kol_zl>
		<nal_p/>
	</f002_insadvice>
	<f002_insadvice>
		<smocod>31001</smocod>
		<year_work>2024</year_work>
		<duved>2023-07-14</duved>
		<kol_zl>1462209</kol_zl>
		<nal_p/>
	</f002_insadvice>
	<f002_insadvice>
		<smocod>31006</smocod>
		<year_work>2024</year_work>
		<duved>2023-06-27</duved>
		<kol_zl>36216</kol_zl>
		<nal_p/>
	</f002_insadvice>
	<f002_insadvice>
		<smocod>32020</smocod>
		<year_work>2024</year_work>
		<duved>2023-06-28</duved>
		<kol_zl>446221</kol_zl>
		<nal_p/>
	</f002_insadvice>
	<f002_insadvice>
		<smocod>32040</smocod>
		<year_work>2024</year_work>
		<duved>2023-07-13</duved>
		<kol_zl>167145</kol_zl>
		<nal_p/>
	</f002_insadvice>
	<f002_insadvice>
		<smocod>32055</smocod>
		<year_work>2024</year_work>
		<duved>2023-06-28</duved>
		<kol_zl>520763</kol_zl>
		<nal_p/>
	</f002_insadvice>
	<f002_insadvice>
		<smocod>33004</smocod>
		<year_work>2024</year_work>
		<duved>2023-07-19</duved>
		<kol_zl>153199</kol_zl>
		<nal_p/>
	</f002_insadvice>
	<f002_insadvice>
		<smocod>33007</smocod>
		<year_work>2024</year_work>
		<duved>2023-07-03</duved>
		<kol_zl>362322</kol_zl>
		<nal_p/>
	</f002_insadvice>
	<f002_insadvice>
		<smocod>33009</smocod>
		<year_work>2024</year_work>
		<duved>2023-07-21</duved>
		<kol_zl>800456</kol_zl>
		<nal_p/>
	</f002_insadvice>
	<f002_insadvice>
		<smocod>34002</smocod>
		<year_work>2024</year_work>
		<duved>2023-07-11</duved>
		<kol_zl>751239</kol_zl>
		<nal_p/>
	</f002_insadvice>
	<f002_insadvice>
		<smocod>34007</smocod>
		<year_work>2024</year_work>
		<duved>2023-07-20</duved>
		<kol_zl>1538128</kol_zl>
		<nal_p/>
	</f002_insadvice>
	<f002_insadvice>
		<smocod>35003</smocod>
		<year_work>2024</year_work>
		<duved>2023-07-14</duved>
		<kol_zl>1160093</kol_zl>
		<nal_p/>
	</f002_insadvice>
	<f002_insadvice>
		<smocod>36065</smocod>
		<year_work>2024</year_work>
		<duved>2023-06-19</duved>
		<kol_zl>1156553</kol_zl>
		<nal_p/>
	</f002_insadvice>
	<f002_insadvice>
		<smocod>36071</smocod>
		<year_work>2024</year_work>
		<duved>2023-07-13</duved>
		<kol_zl>110447</kol_zl>
		<nal_p/>
	</f002_insadvice>
	<f002_insadvice>
		<smocod>37002</smocod>
		<year_work>2024</year_work>
		<duved>2011-01-01</duved>
		<kol_zl>0</kol_zl>
		<nal_p/>
	</f002_insadvice>
	<f002_insadvice>
		<smocod>38014</smocod>
		<year_work>2024</year_work>
		<duved>2023-07-12</duved>
		<kol_zl>2225096</kol_zl>
		<nal_p/>
	</f002_insadvice>
	<f002_insadvice>
		<smocod>38020</smocod>
		<year_work>2024</year_work>
		<duved>2011-01-01</duved>
		<kol_zl>207617</kol_zl>
		<nal_p/>
	</f002_insadvice>
	<f002_insadvice>
		<smocod>39002</smocod>
		<year_work>2024</year_work>
		<duved>2023-07-11</duved>
		<kol_zl>691029</kol_zl>
		<nal_p/>
	</f002_insadvice>
	<f002_insadvice>
		<smocod>39005</smocod>
		<year_work>2024</year_work>
		<duved>2023-08-01</duved>
		<kol_zl>357140</kol_zl>
		<nal_p/>
	</f002_insadvice>
	<f002_insadvice>
		<smocod>40002</smocod>
		<year_work>2024</year_work>
		<duved>2023-07-14</duved>
		<kol_zl>418539</kol_zl>
		<nal_p/>
	</f002_insadvice>
	<f002_insadvice>
		<smocod>40004</smocod>
		<year_work>2024</year_work>
		<duved>2023-07-12</duved>
		<kol_zl>570646</kol_zl>
		<nal_p/>
	</f002_insadvice>
	<f002_insadvice>
		<smocod>41001</smocod>
		<year_work>2024</year_work>
		<duved>2023-07-11</duved>
		<kol_zl>290361</kol_zl>
		<nal_p/>
	</f002_insadvice>
	<f002_insadvice>
		<smocod>42005</smocod>
		<year_work>2024</year_work>
		<duved>2023-06-21</duved>
		<kol_zl>108584</kol_zl>
		<nal_p/>
	</f002_insadvice>
	<f002_insadvice>
		<smocod>42009</smocod>
		<year_work>2024</year_work>
		<duved>2023-07-18</duved>
		<kol_zl>2435764</kol_zl>
		<nal_p/>
	</f002_insadvice>
	<f002_insadvice>
		<smocod>43005</smocod>
		<year_work>2024</year_work>
		<duved>2023-07-17</duved>
		<kol_zl>130592</kol_zl>
		<nal_p/>
	</f002_insadvice>
	<f002_insadvice>
		<smocod>43006</smocod>
		<year_work>2024</year_work>
		<duved>2023-06-26</duved>
		<kol_zl>101238</kol_zl>
		<nal_p/>
	</f002_insadvice>
	<f002_insadvice>
		<smocod>43011</smocod>
		<year_work>2024</year_work>
		<duved>2023-07-25</duved>
		<kol_zl>212870</kol_zl>
		<nal_p/>
	</f002_insadvice>
	<f002_insadvice>
		<smocod>43012</smocod>
		<year_work>2024</year_work>
		<duved>2023-07-12</duved>
		<kol_zl>802757</kol_zl>
		<nal_p/>
	</f002_insadvice>
	<f002_insadvice>
		<smocod>44003</smocod>
		<year_work>2024</year_work>
		<duved>2023-07-31</duved>
		<kol_zl>235776</kol_zl>
		<nal_p/>
	</f002_insadvice>
	<f002_insadvice>
		<smocod>44011</smocod>
		<year_work>2024</year_work>
		<duved>2023-07-17</duved>
		<kol_zl>170743</kol_zl>
		<nal_p/>
	</f002_insadvice>
	<f002_insadvice>
		<smocod>44013</smocod>
		<year_work>2024</year_work>
		<duved>2023-07-11</duved>
		<kol_zl>209398</kol_zl>
		<nal_p/>
	</f002_insadvice>
	<f002_insadvice>
		<smocod>45001</smocod>
		<year_work>2024</year_work>
		<duved>2023-07-07</duved>
		<kol_zl>424777</kol_zl>
		<nal_p/>
	</f002_insadvice>
	<f002_insadvice>
		<smocod>45002</smocod>
		<year_work>2024</year_work>
		<duved>2023-07-25</duved>
		<kol_zl>359723</kol_zl>
		<nal_p/>
	</f002_insadvice>
	<f002_insadvice>
		<smocod>46003</smocod>
		<year_work>2024</year_work>
		<duved>2023-06-21</duved>
		<kol_zl>278966</kol_zl>
		<nal_p/>
	</f002_insadvice>
	<f002_insadvice>
		<smocod>46006</smocod>
		<year_work>2024</year_work>
		<duved>2023-06-26</duved>
		<kol_zl>109955</kol_zl>
		<nal_p/>
	</f002_insadvice>
	<f002_insadvice>
		<smocod>46007</smocod>
		<year_work>2024</year_work>
		<duved>2023-07-12</duved>
		<kol_zl>675253</kol_zl>
		<nal_p/>
	</f002_insadvice>
	<f002_insadvice>
		<smocod>47042</smocod>
		<year_work>2024</year_work>
		<duved>2023-07-12</duved>
		<kol_zl>696040</kol_zl>
		<nal_p/>
	</f002_insadvice>
	<f002_insadvice>
		<smocod>47043</smocod>
		<year_work>2024</year_work>
		<duved>2023-08-03</duved>
		<kol_zl>260249</kol_zl>
		<nal_p/>
	</f002_insadvice>
	<f002_insadvice>
		<smocod>47045</smocod>
		<year_work>2024</year_work>
		<duved>2023-07-20</duved>
		<kol_zl>648042</kol_zl>
		<nal_p/>
	</f002_insadvice>
	<f002_insadvice>
		<smocod>48004</smocod>
		<year_work>2024</year_work>
		<duved>2023-07-24</duved>
		<kol_zl>713239</kol_zl>
		<nal_p/>
	</f002_insadvice>
	<f002_insadvice>
		<smocod>48008</smocod>
		<year_work>2024</year_work>
		<duved>2023-07-11</duved>
		<kol_zl>397241</kol_zl>
		<nal_p/>
	</f002_insadvice>
	<f002_insadvice>
		<smocod>49003</smocod>
		<year_work>2024</year_work>
		<duved>2023-08-22</duved>
		<kol_zl>12835</kol_zl>
		<nal_p/>
	</f002_insadvice>
	<f002_insadvice>
		<smocod>49005</smocod>
		<year_work>2024</year_work>
		<duved>2023-07-12</duved>
		<kol_zl>119775</kol_zl>
		<nal_p/>
	</f002_insadvice>
	<f002_insadvice>
		<smocod>50005</smocod>
		<year_work>2024</year_work>
		<duved>2023-08-17</duved>
		<kol_zl>2855961</kol_zl>
		<nal_p/>
	</f002_insadvice>
	<f002_insadvice>
		<smocod>50006</smocod>
		<year_work>2024</year_work>
		<duved>2023-07-14</duved>
		<kol_zl>1944250</kol_zl>
		<nal_p/>
	</f002_insadvice>
	<f002_insadvice>
		<smocod>50046</smocod>
		<year_work>2024</year_work>
		<duved>2024-08-14</duved>
		<kol_zl>0</kol_zl>
		<nal_p/>
	</f002_insadvice>
	<f002_insadvice>
		<smocod>50046</smocod>
		<year_work>2024</year_work>
		<duved>2024-07-31</duved>
		<kol_zl>0</kol_zl>
		<nal_p/>
	</f002_insadvice>
	<f002_insadvice>
		<smocod>50051</smocod>
		<year_work>2024</year_work>
		<duved>2023-07-26</duved>
		<kol_zl>121632</kol_zl>
		<nal_p/>
	</f002_insadvice>
	<f002_insadvice>
		<smocod>51014</smocod>
		<year_work>2024</year_work>
		<duved>2023-07-13</duved>
		<kol_zl>420426</kol_zl>
		<nal_p/>
	</f002_insadvice>
	<f002_insadvice>
		<smocod>51018</smocod>
		<year_work>2024</year_work>
		<duved>2023-07-13</duved>
		<kol_zl>262550</kol_zl>
		<nal_p/>
	</f002_insadvice>
	<f002_insadvice>
		<smocod>52001</smocod>
		<year_work>2024</year_work>
		<duved>2023-06-29</duved>
		<kol_zl>68679</kol_zl>
		<nal_p/>
	</f002_insadvice>
	<f002_insadvice>
		<smocod>52006</smocod>
		<year_work>2024</year_work>
		<duved>2023-07-11</duved>
		<kol_zl>1993336</kol_zl>
		<nal_p/>
	</f002_insadvice>
	<f002_insadvice>
		<smocod>52008</smocod>
		<year_work>2024</year_work>
		<duved>2023-07-31</duved>
		<kol_zl>1023212</kol_zl>
		<nal_p/>
	</f002_insadvice>
	<f002_insadvice>
		<smocod>53007</smocod>
		<year_work>2024</year_work>
		<duved>2023-07-13</duved>
		<kol_zl>368856</kol_zl>
		<nal_p/>
	</f002_insadvice>
	<f002_insadvice>
		<smocod>53009</smocod>
		<year_work>2024</year_work>
		<duved>2023-07-26</duved>
		<kol_zl>206075</kol_zl>
		<nal_p/>
	</f002_insadvice>
	<f002_insadvice>
		<smocod>54001</smocod>
		<year_work>2024</year_work>
		<duved>2023-04-17</duved>
		<kol_zl>917301</kol_zl>
		<nal_p/>
	</f002_insadvice>
	<f002_insadvice>
		<smocod>54004</smocod>
		<year_work>2024</year_work>
		<duved>2023-06-26</duved>
		<kol_zl>886295</kol_zl>
		<nal_p/>
	</f002_insadvice>
	<f002_insadvice>
		<smocod>54009</smocod>
		<year_work>2024</year_work>
		<duved>2023-07-10</duved>
		<kol_zl>1103065</kol_zl>
		<nal_p/>
	</f002_insadvice>
	<f002_insadvice>
		<smocod>55041</smocod>
		<year_work>2024</year_work>
		<duved>2023-07-24</duved>
		<kol_zl>298839</kol_zl>
		<nal_p/>
	</f002_insadvice>
	<f002_insadvice>
		<smocod>55044</smocod>
		<year_work>2024</year_work>
		<duved>2023-07-11</duved>
		<kol_zl>648190</kol_zl>
		<nal_p/>
	</f002_insadvice>
	<f002_insadvice>
		<smocod>55050</smocod>
		<year_work>2024</year_work>
		<duved>2023-07-17</duved>
		<kol_zl>978787</kol_zl>
		<nal_p/>
	</f002_insadvice>
	<f002_insadvice>
		<smocod>56021</smocod>
		<year_work>2024</year_work>
		<duved>2023-07-11</duved>
		<kol_zl>1025320</kol_zl>
		<nal_p/>
	</f002_insadvice>
	<f002_insadvice>
		<smocod>56029</smocod>
		<year_work>2024</year_work>
		<duved>2023-06-30</duved>
		<kol_zl>177763</kol_zl>
		<nal_p/>
	</f002_insadvice>
	<f002_insadvice>
		<smocod>56032</smocod>
		<year_work>2024</year_work>
		<duved>2023-07-17</duved>
		<kol_zl>214952</kol_zl>
		<nal_p/>
	</f002_insadvice>
	<f002_insadvice>
		<smocod>56034</smocod>
		<year_work>2024</year_work>
		<duved>2023-08-04</duved>
		<kol_zl>493837</kol_zl>
		<nal_p/>
	</f002_insadvice>
	<f002_insadvice>
		<smocod>57002</smocod>
		<year_work>2024</year_work>
		<duved>2023-07-11</duved>
		<kol_zl>461398</kol_zl>
		<nal_p/>
	</f002_insadvice>
	<f002_insadvice>
		<smocod>57003</smocod>
		<year_work>2024</year_work>
		<duved>2023-07-07</duved>
		<kol_zl>257666</kol_zl>
		<nal_p/>
	</f002_insadvice>
	<f002_insadvice>
		<smocod>58004</smocod>
		<year_work>2024</year_work>
		<duved>2023-07-17</duved>
		<kol_zl>831012</kol_zl>
		<nal_p/>
	</f002_insadvice>
	<f002_insadvice>
		<smocod>58006</smocod>
		<year_work>2024</year_work>
		<duved>2023-07-26</duved>
		<kol_zl>394369</kol_zl>
		<nal_p/>
	</f002_insadvice>
	<f002_insadvice>
		<smocod>59015</smocod>
		<year_work>2024</year_work>
		<duved>2023-07-18</duved>
		<kol_zl>383345</kol_zl>
		<nal_p/>
	</f002_insadvice>
	<f002_insadvice>
		<smocod>59018</smocod>
		<year_work>2024</year_work>
		<duved>2023-06-26</duved>
		<kol_zl>498484</kol_zl>
		<nal_p/>
	</f002_insadvice>
	<f002_insadvice>
		<smocod>59020</smocod>
		<year_work>2024</year_work>
		<duved>2023-07-24</duved>
		<kol_zl>995104</kol_zl>
		<nal_p/>
	</f002_insadvice>
	<f002_insadvice>
		<smocod>59021</smocod>
		<year_work>2024</year_work>
		<duved>2023-07-11</duved>
		<kol_zl>678583</kol_zl>
		<nal_p/>
	</f002_insadvice>
	<f002_insadvice>
		<smocod>60001</smocod>
		<year_work>2024</year_work>
		<duved>2023-07-17</duved>
		<kol_zl>594693</kol_zl>
		<nal_p/>
	</f002_insadvice>
	<f002_insadvice>
		<smocod>61001</smocod>
		<year_work>2024</year_work>
		<duved>2023-07-12</duved>
		<kol_zl>949387</kol_zl>
		<nal_p/>
	</f002_insadvice>
	<f002_insadvice>
		<smocod>61013</smocod>
		<year_work>2024</year_work>
		<duved>2023-07-18</duved>
		<kol_zl>987466</kol_zl>
		<nal_p/>
	</f002_insadvice>
	<f002_insadvice>
		<smocod>61017</smocod>
		<year_work>2024</year_work>
		<duved>2023-07-12</duved>
		<kol_zl>475432</kol_zl>
		<nal_p/>
	</f002_insadvice>
	<f002_insadvice>
		<smocod>61022</smocod>
		<year_work>2024</year_work>
		<duved>2023-07-12</duved>
		<kol_zl>1165252</kol_zl>
		<nal_p/>
	</f002_insadvice>
	<f002_insadvice>
		<smocod>61024</smocod>
		<year_work>2024</year_work>
		<duved>2023-07-10</duved>
		<kol_zl>613992</kol_zl>
		<nal_p/>
	</f002_insadvice>
	<f002_insadvice>
		<smocod>62003</smocod>
		<year_work>2024</year_work>
		<duved>2023-07-14</duved>
		<kol_zl>791501</kol_zl>
		<nal_p/>
	</f002_insadvice>
	<f002_insadvice>
		<smocod>62006</smocod>
		<year_work>2024</year_work>
		<duved>2023-07-25</duved>
		<kol_zl>278062</kol_zl>
		<nal_p/>
	</f002_insadvice>
	<f002_insadvice>
		<smocod>63023</smocod>
		<year_work>2024</year_work>
		<duved>2023-07-17</duved>
		<kol_zl>1980692</kol_zl>
		<nal_p/>
	</f002_insadvice>
	<f002_insadvice>
		<smocod>63031</smocod>
		<year_work>2024</year_work>
		<duved>2023-06-29</duved>
		<kol_zl>1149135</kol_zl>
		<nal_p/>
	</f002_insadvice>
	<f002_insadvice>
		<smocod>64008</smocod>
		<year_work>2024</year_work>
		<duved>2023-07-11</duved>
		<kol_zl>1161886</kol_zl>
		<nal_p/>
	</f002_insadvice>
	<f002_insadvice>
		<smocod>64014</smocod>
		<year_work>2024</year_work>
		<duved>2023-07-14</duved>
		<kol_zl>672166</kol_zl>
		<nal_p/>
	</f002_insadvice>
	<f002_insadvice>
		<smocod>64015</smocod>
		<year_work>2024</year_work>
		<duved>2023-07-18</duved>
		<kol_zl>428632</kol_zl>
		<nal_p/>
	</f002_insadvice>
	<f002_insadvice>
		<smocod>65001</smocod>
		<year_work>2024</year_work>
		<duved>2023-07-12</duved>
		<kol_zl>506533</kol_zl>
		<nal_p/>
	</f002_insadvice>
	<f002_insadvice>
		<smocod>66004</smocod>
		<year_work>2024</year_work>
		<duved>2023-06-22</duved>
		<kol_zl>2529741</kol_zl>
		<nal_p/>
	</f002_insadvice>
	<f002_insadvice>
		<smocod>66013</smocod>
		<year_work>2024</year_work>
		<duved>2023-06-06</duved>
		<kol_zl>347581</kol_zl>
		<nal_p/>
	</f002_insadvice>
	<f002_insadvice>
		<smocod>66063</smocod>
		<year_work>2024</year_work>
		<duved>2023-07-17</duved>
		<kol_zl>1375724</kol_zl>
		<nal_p/>
	</f002_insadvice>
	<f002_insadvice>
		<smocod>66070</smocod>
		<year_work>2024</year_work>
		<duved>2023-06-30</duved>
		<kol_zl>76028</kol_zl>
		<nal_p/>
	</f002_insadvice>
	<f002_insadvice>
		<smocod>67002</smocod>
		<year_work>2024</year_work>
		<duved>2023-07-14</duved>
		<kol_zl>160298</kol_zl>
		<nal_p/>
	</f002_insadvice>
	<f002_insadvice>
		<smocod>67003</smocod>
		<year_work>2024</year_work>
		<duved>2023-07-13</duved>
		<kol_zl>260280</kol_zl>
		<nal_p/>
	</f002_insadvice>
	<f002_insadvice>
		<smocod>67004</smocod>
		<year_work>2024</year_work>
		<duved>2023-07-24</duved>
		<kol_zl>456532</kol_zl>
		<nal_p/>
	</f002_insadvice>
	<f002_insadvice>
		<smocod>68004</smocod>
		<year_work>2024</year_work>
		<duved>2023-07-11</duved>
		<kol_zl>931215</kol_zl>
		<nal_p/>
	</f002_insadvice>
	<f002_insadvice>
		<smocod>69005</smocod>
		<year_work>2024</year_work>
		<duved>2023-07-25</duved>
		<kol_zl>472718</kol_zl>
		<nal_p/>
	</f002_insadvice>
	<f002_insadvice>
		<smocod>69011</smocod>
		<year_work>2024</year_work>
		<duved>2023-07-21</duved>
		<kol_zl>214882</kol_zl>
		<nal_p/>
	</f002_insadvice>
	<f002_insadvice>
		<smocod>69013</smocod>
		<year_work>2024</year_work>
		<duved>2023-06-29</duved>
		<kol_zl>262767</kol_zl>
		<nal_p/>
	</f002_insadvice>
	<f002_insadvice>
		<smocod>69016</smocod>
		<year_work>2024</year_work>
		<duved>2023-07-12</duved>
		<kol_zl>279266</kol_zl>
		<nal_p/>
	</f002_insadvice>
	<f002_insadvice>
		<smocod>70010</smocod>
		<year_work>2024</year_work>
		<duved>2023-07-19</duved>
		<kol_zl>448786</kol_zl>
		<nal_p/>
	</f002_insadvice>
	<f002_insadvice>
		<smocod>70012</smocod>
		<year_work>2024</year_work>
		<duved>2023-07-12</duved>
		<kol_zl>560696</kol_zl>
		<nal_p/>
	</f002_insadvice>
	<f002_insadvice>
		<smocod>71001</smocod>
		<year_work>2024</year_work>
		<duved>2011-01-01</duved>
		<kol_zl>771013</kol_zl>
		<nal_p/>
	</f002_insadvice>
	<f002_insadvice>
		<smocod>71004</smocod>
		<year_work>2024</year_work>
		<duved>2015-08-12</duved>
		<kol_zl>617413</kol_zl>
		<nal_p/>
	</f002_insadvice>
	<f002_insadvice>
		<smocod>72002</smocod>
		<year_work>2024</year_work>
		<duved>2023-07-10</duved>
		<kol_zl>528817</kol_zl>
		<nal_p/>
	</f002_insadvice>
	<f002_insadvice>
		<smocod>72007</smocod>
		<year_work>2024</year_work>
		<duved>2023-07-26</duved>
		<kol_zl>271018</kol_zl>
		<nal_p/>
	</f002_insadvice>
	<f002_insadvice>
		<smocod>72008</smocod>
		<year_work>2024</year_work>
		<duved>2023-07-21</duved>
		<kol_zl>824219</kol_zl>
		<nal_p/>
	</f002_insadvice>
	<f002_insadvice>
		<smocod>73060</smocod>
		<year_work>2024</year_work>
		<duved>2023-07-26</duved>
		<kol_zl>866768</kol_zl>
		<nal_p/>
	</f002_insadvice>
	<f002_insadvice>
		<smocod>73064</smocod>
		<year_work>2024</year_work>
		<duved>2023-07-14</duved>
		<kol_zl>289513</kol_zl>
		<nal_p/>
	</f002_insadvice>
	<f002_insadvice>
		<smocod>74030</smocod>
		<year_work>2024</year_work>
		<duved>2023-07-26</duved>
		<kol_zl>103449</kol_zl>
		<nal_p/>
	</f002_insadvice>
	<f002_insadvice>
		<smocod>74036</smocod>
		<year_work>2024</year_work>
		<duved>2023-06-29</duved>
		<kol_zl>162025</kol_zl>
		<nal_p/>
	</f002_insadvice>
	<f002_insadvice>
		<smocod>74039</smocod>
		<year_work>2024</year_work>
		<duved>2023-07-20</duved>
		<kol_zl>144027</kol_zl>
		<nal_p/>
	</f002_insadvice>
	<f002_insadvice>
		<smocod>74057</smocod>
		<year_work>2024</year_work>
		<duved>2023-07-25</duved>
		<kol_zl>1631553</kol_zl>
		<nal_p/>
	</f002_insadvice>
	<f002_insadvice>
		<smocod>74058</smocod>
		<year_work>2024</year_work>
		<duved>2023-06-29</duved>
		<kol_zl>1381899</kol_zl>
		<nal_p/>
	</f002_insadvice>
	<f002_insadvice>
		<smocod>75001</smocod>
		<year_work>2024</year_work>
		<duved>2023-08-03</duved>
		<kol_zl>984795</kol_zl>
		<nal_p/>
	</f002_insadvice>
	<f002_insadvice>
		<smocod>75004</smocod>
		<year_work>2024</year_work>
		<duved>2024-08-14</duved>
		<kol_zl>0</kol_zl>
		<nal_p/>
	</f002_insadvice>
	<f002_insadvice>
		<smocod>75004</smocod>
		<year_work>2024</year_work>
		<duved>2024-07-31</duved>
		<kol_zl>0</kol_zl>
		<nal_p/>
	</f002_insadvice>
	<f002_insadvice>
		<smocod>76001</smocod>
		<year_work>2024</year_work>
		<duved>2023-07-24</duved>
		<kol_zl>178859</kol_zl>
		<nal_p/>
	</f002_insadvice>
	<f002_insadvice>
		<smocod>76003</smocod>
		<year_work>2024</year_work>
		<duved>2023-07-14</duved>
		<kol_zl>186343</kol_zl>
		<nal_p/>
	</f002_insadvice>
	<f002_insadvice>
		<smocod>76004</smocod>
		<year_work>2024</year_work>
		<duved>2023-07-25</duved>
		<kol_zl>626471</kol_zl>
		<nal_p/>
	</f002_insadvice>
	<f002_insadvice>
		<smocod>76006</smocod>
		<year_work>2024</year_work>
		<duved>2023-06-23</duved>
		<kol_zl>280103</kol_zl>
		<nal_p/>
	</f002_insadvice>
	<f002_insadvice>
		<smocod>77004</smocod>
		<year_work>2024</year_work>
		<duved>2011-01-01</duved>
		<kol_zl>3363421</kol_zl>
		<nal_p/>
	</f002_insadvice>
	<f002_insadvice>
		<smocod>77008</smocod>
		<year_work>2024</year_work>
		<duved>2011-01-01</duved>
		<kol_zl>2910736</kol_zl>
		<nal_p/>
	</f002_insadvice>
	<f002_insadvice>
		<smocod>77012</smocod>
		<year_work>2024</year_work>
		<duved>2024-08-14</duved>
		<kol_zl>0</kol_zl>
		<nal_p/>
	</f002_insadvice>
	<f002_insadvice>
		<smocod>77012</smocod>
		<year_work>2024</year_work>
		<duved>2024-07-31</duved>
		<kol_zl>0</kol_zl>
		<nal_p/>
	</f002_insadvice>
	<f002_insadvice>
		<smocod>77013</smocod>
		<year_work>2024</year_work>
		<duved>2012-01-01</duved>
		<kol_zl>537314</kol_zl>
		<nal_p/>
	</f002_insadvice>
	<f002_insadvice>
		<smocod>77015</smocod>
		<year_work>2024</year_work>
		<duved>2012-08-24</duved>
		<kol_zl>1177092</kol_zl>
		<nal_p/>
	</f002_insadvice>
	<f002_insadvice>
		<smocod>77016</smocod>
		<year_work>2024</year_work>
		<duved>2022-07-11</duved>
		<kol_zl>4221</kol_zl>
		<nal_p/>
	</f002_insadvice>
	<f002_insadvice>
		<smocod>78003</smocod>
		<year_work>2024</year_work>
		<duved>2023-07-04</duved>
		<kol_zl>1173880</kol_zl>
		<nal_p/>
	</f002_insadvice>
	<f002_insadvice>
		<smocod>78005</smocod>
		<year_work>2024</year_work>
		<duved>2023-07-14</duved>
		<kol_zl>525957</kol_zl>
		<nal_p/>
	</f002_insadvice>
	<f002_insadvice>
		<smocod>78006</smocod>
		<year_work>2024</year_work>
		<duved>2023-06-29</duved>
		<kol_zl>629943</kol_zl>
		<nal_p/>
	</f002_insadvice>
	<f002_insadvice>
		<smocod>78007</smocod>
		<year_work>2024</year_work>
		<duved>2023-08-03</duved>
		<kol_zl>1545198</kol_zl>
		<nal_p/>
	</f002_insadvice>
	<f002_insadvice>
		<smocod>78010</smocod>
		<year_work>2024</year_work>
		<duved>2023-07-13</duved>
		<kol_zl>1851023</kol_zl>
		<nal_p/>
	</f002_insadvice>
	<f002_insadvice>
		<smocod>78013</smocod>
		<year_work>2024</year_work>
		<duved>2023-06-27</duved>
		<kol_zl>353229</kol_zl>
		<nal_p/>
	</f002_insadvice>
	<f002_insadvice>
		<smocod>79003</smocod>
		<year_work>2024</year_work>
		<duved>2023-07-26</duved>
		<kol_zl>105754</kol_zl>
		<nal_p/>
	</f002_insadvice>
	<f002_insadvice>
		<smocod>79006</smocod>
		<year_work>2024</year_work>
		<duved>2023-07-18</duved>
		<kol_zl>43107</kol_zl>
		<nal_p/>
	</f002_insadvice>
	<f002_insadvice>
		<smocod>80001</smocod>
		<year_work>2024</year_work>
		<duved>2023-07-31</duved>
		<kol_zl>41112</kol_zl>
		<nal_p/>
	</f002_insadvice>
	<f002_insadvice>
		<smocod>81001</smocod>
		<year_work>2024</year_work>
		<duved>2023-07-24</duved>
		<kol_zl>176316</kol_zl>
		<nal_p/>
	</f002_insadvice>
	<f002_insadvice>
		<smocod>81007</smocod>
		<year_work>2024</year_work>
		<duved>2023-07-25</duved>
		<kol_zl>198797</kol_zl>
		<nal_p/>
	</f002_insadvice>
	<f002_insadvice>
		<smocod>81008</smocod>
		<year_work>2024</year_work>
		<duved>2023-07-05</duved>
		<kol_zl>1250734</kol_zl>
		<nal_p/>
	</f002_insadvice>
	<f002_insadvice>
		<smocod>82001</smocod>
		<year_work>2024</year_work>
		<duved>2011-08-26</duved>
		<kol_zl>45058</kol_zl>
		<nal_p/>
	</f002_insadvice>
	<f002_insadvice>
		<smocod>83001</smocod>
		<year_work>2024</year_work>
		<duved>2023-07-05</duved>
		<kol_zl>175536</kol_zl>
		<nal_p/>
	</f002_insadvice>
</VFPData>
