<?xml version = "1.0" encoding="Windows-1251" standalone="yes"?>
<VFPData>
	<xsd:schema id="VFPData" xmlns:xsd="http://www.w3.org/2001/XMLSchema" xmlns:msdata="urn:schemas-microsoft-com:xml-msdata">
		<xsd:element name="VFPData" msdata:IsDataSet="true">
			<xsd:complexType>
				<xsd:choice maxOccurs="unbounded">
					<xsd:element name="f002_insinclude" minOccurs="0" maxOccurs="unbounded">
						<xsd:complexType>
							<xsd:sequence>
								<xsd:element name="smocod">
									<xsd:simpleType>
										<xsd:restriction base="xsd:string">
											<xsd:maxLength value="5"/>
										</xsd:restriction>
									</xsd:simpleType>
								</xsd:element>
								<xsd:element name="d_begin" type="xsd:date"/>
								<xsd:element name="d_end" type="xsd:date"/>
								<xsd:element name="name_e">
									<xsd:simpleType>
										<xsd:restriction base="xsd:decimal">
											<xsd:totalDigits value="3"/>
											<xsd:fractionDigits value="0"/>
										</xsd:restriction>
									</xsd:simpleType>
								</xsd:element>
								<xsd:element name="nal_p">
									<xsd:simpleType>
										<xsd:restriction base="xsd:decimal">
											<xsd:totalDigits value="3"/>
											<xsd:fractionDigits value="0"/>
										</xsd:restriction>
									</xsd:simpleType>
								</xsd:element>
							</xsd:sequence>
						</xsd:complexType>
					</xsd:element>
				</xsd:choice>
				<xsd:anyAttribute namespace="http://www.w3.org/XML/1998/namespace" processContents="lax"/>
			</xsd:complexType>
		</xsd:element>
	</xsd:schema>
	<f002_insinclude>
		<smocod>01004</smocod>
		<d_begin>2019-08-27</d_begin>
		<d_end>9999-12-31</d_end>
		<name_e>0</name_e>
		<nal_p>0</nal_p>
	</f002_insinclude>
	<f002_insinclude>
		<smocod>02001</smocod>
		<d_begin>2011-01-01</d_begin>
		<d_end>9999-12-31</d_end>
		<name_e>0</name_e>
		<nal_p>0</nal_p>
	</f002_insinclude>
	<f002_insinclude>
		<smocod>02004</smocod>
		<d_begin>2011-01-01</d_begin>
		<d_end>9999-12-31</d_end>
		<name_e>0</name_e>
		<nal_p>0</nal_p>
	</f002_insinclude>
	<f002_insinclude>
		<smocod>02008</smocod>
		<d_begin>2011-01-01</d_begin>
		<d_end>9999-12-31</d_end>
		<name_e>0</name_e>
		<nal_p>0</nal_p>
	</f002_insinclude>
	<f002_insinclude>
		<smocod>02010</smocod>
		<d_begin>2011-08-25</d_begin>
		<d_end>9999-12-31</d_end>
		<name_e>0</name_e>
		<nal_p>0</nal_p>
	</f002_insinclude>
	<f002_insinclude>
		<smocod>02014</smocod>
		<d_begin>2015-08-31</d_begin>
		<d_end>9999-12-31</d_end>
		<name_e>0</name_e>
		<nal_p>0</nal_p>
	</f002_insinclude>
	<f002_insinclude>
		<smocod>02016</smocod>
		<d_begin>2017-08-17</d_begin>
		<d_end>9999-12-31</d_end>
		<name_e>0</name_e>
		<nal_p>0</nal_p>
	</f002_insinclude>
	<f002_insinclude>
		<smocod>02017</smocod>
		<d_begin>2011-01-01</d_begin>
		<d_end>9999-12-31</d_end>
		<name_e>0</name_e>
		<nal_p>0</nal_p>
	</f002_insinclude>
	<f002_insinclude>
		<smocod>03101</smocod>
		<d_begin>2011-01-01</d_begin>
		<d_end>9999-12-31</d_end>
		<name_e>0</name_e>
		<nal_p>0</nal_p>
	</f002_insinclude>
	<f002_insinclude>
		<smocod>03102</smocod>
		<d_begin>2011-01-01</d_begin>
		<d_end>9999-12-31</d_end>
		<name_e>0</name_e>
		<nal_p>0</nal_p>
	</f002_insinclude>
	<f002_insinclude>
		<smocod>04004</smocod>
		<d_begin>2015-08-03</d_begin>
		<d_end>9999-12-31</d_end>
		<name_e>0</name_e>
		<nal_p>0</nal_p>
	</f002_insinclude>
	<f002_insinclude>
		<smocod>05501</smocod>
		<d_begin>2011-01-01</d_begin>
		<d_end>9999-12-31</d_end>
		<name_e>0</name_e>
		<nal_p>0</nal_p>
	</f002_insinclude>
	<f002_insinclude>
		<smocod>06050</smocod>
		<d_begin>2011-03-10</d_begin>
		<d_end>9999-12-31</d_end>
		<name_e>0</name_e>
		<nal_p>0</nal_p>
	</f002_insinclude>
	<f002_insinclude>
		<smocod>07004</smocod>
		<d_begin>2015-08-07</d_begin>
		<d_end>9999-12-31</d_end>
		<name_e>0</name_e>
		<nal_p>0</nal_p>
	</f002_insinclude>
	<f002_insinclude>
		<smocod>07005</smocod>
		<d_begin>2015-08-17</d_begin>
		<d_end>9999-12-31</d_end>
		<name_e>0</name_e>
		<nal_p>0</nal_p>
	</f002_insinclude>
	<f002_insinclude>
		<smocod>08005</smocod>
		<d_begin>2018-06-15</d_begin>
		<d_end>9999-12-31</d_end>
		<name_e>0</name_e>
		<nal_p>0</nal_p>
	</f002_insinclude>
	<f002_insinclude>
		<smocod>09050</smocod>
		<d_begin>2011-01-01</d_begin>
		<d_end>9999-12-31</d_end>
		<name_e>0</name_e>
		<nal_p>0</nal_p>
	</f002_insinclude>
	<f002_insinclude>
		<smocod>10001</smocod>
		<d_begin>2011-04-01</d_begin>
		<d_end>9999-12-31</d_end>
		<name_e>0</name_e>
		<nal_p>0</nal_p>
	</f002_insinclude>
	<f002_insinclude>
		<smocod>10003</smocod>
		<d_begin>2011-01-01</d_begin>
		<d_end>9999-12-31</d_end>
		<name_e>0</name_e>
		<nal_p>0</nal_p>
	</f002_insinclude>
	<f002_insinclude>
		<smocod>11001</smocod>
		<d_begin>2011-04-15</d_begin>
		<d_end>9999-12-31</d_end>
		<name_e>0</name_e>
		<nal_p>0</nal_p>
	</f002_insinclude>
	<f002_insinclude>
		<smocod>11002</smocod>
		<d_begin>2011-04-15</d_begin>
		<d_end>9999-12-31</d_end>
		<name_e>0</name_e>
		<nal_p>0</nal_p>
	</f002_insinclude>
	<f002_insinclude>
		<smocod>12001</smocod>
		<d_begin>2011-06-17</d_begin>
		<d_end>9999-12-31</d_end>
		<name_e>0</name_e>
		<nal_p>0</nal_p>
	</f002_insinclude>
	<f002_insinclude>
		<smocod>13006</smocod>
		<d_begin>2012-01-01</d_begin>
		<d_end>9999-12-31</d_end>
		<name_e>0</name_e>
		<nal_p>0</nal_p>
	</f002_insinclude>
	<f002_insinclude>
		<smocod>13009</smocod>
		<d_begin>2011-01-01</d_begin>
		<d_end>9999-12-31</d_end>
		<name_e>0</name_e>
		<nal_p>0</nal_p>
	</f002_insinclude>
	<f002_insinclude>
		<smocod>14002</smocod>
		<d_begin>2011-04-28</d_begin>
		<d_end>9999-12-31</d_end>
		<name_e>0</name_e>
		<nal_p>0</nal_p>
	</f002_insinclude>
	<f002_insinclude>
		<smocod>14005</smocod>
		<d_begin>2011-04-28</d_begin>
		<d_end>9999-12-31</d_end>
		<name_e>0</name_e>
		<nal_p>0</nal_p>
	</f002_insinclude>
	<f002_insinclude>
		<smocod>15002</smocod>
		<d_begin>2011-01-01</d_begin>
		<d_end>9999-12-31</d_end>
		<name_e>0</name_e>
		<nal_p>0</nal_p>
	</f002_insinclude>
	<f002_insinclude>
		<smocod>16051</smocod>
		<d_begin>2011-01-01</d_begin>
		<d_end>9999-12-31</d_end>
		<name_e>0</name_e>
		<nal_p>0</nal_p>
	</f002_insinclude>
	<f002_insinclude>
		<smocod>16052</smocod>
		<d_begin>2011-01-01</d_begin>
		<d_end>9999-12-31</d_end>
		<name_e>0</name_e>
		<nal_p>0</nal_p>
	</f002_insinclude>
	<f002_insinclude>
		<smocod>16053</smocod>
		<d_begin>2011-01-01</d_begin>
		<d_end>9999-12-31</d_end>
		<name_e>0</name_e>
		<nal_p>0</nal_p>
	</f002_insinclude>
	<f002_insinclude>
		<smocod>17004</smocod>
		<d_begin>2015-08-07</d_begin>
		<d_end>9999-12-31</d_end>
		<name_e>0</name_e>
		<nal_p>0</nal_p>
	</f002_insinclude>
	<f002_insinclude>
		<smocod>18002</smocod>
		<d_begin>2011-01-01</d_begin>
		<d_end>9999-12-31</d_end>
		<name_e>0</name_e>
		<nal_p>0</nal_p>
	</f002_insinclude>
	<f002_insinclude>
		<smocod>18005</smocod>
		<d_begin>2011-01-01</d_begin>
		<d_end>9999-12-31</d_end>
		<name_e>0</name_e>
		<nal_p>0</nal_p>
	</f002_insinclude>
	<f002_insinclude>
		<smocod>18006</smocod>
		<d_begin>2011-01-01</d_begin>
		<d_end>9999-12-31</d_end>
		<name_e>0</name_e>
		<nal_p>0</nal_p>
	</f002_insinclude>
	<f002_insinclude>
		<smocod>19001</smocod>
		<d_begin>2011-01-01</d_begin>
		<d_end>9999-12-31</d_end>
		<name_e>0</name_e>
		<nal_p>0</nal_p>
	</f002_insinclude>
	<f002_insinclude>
		<smocod>19006</smocod>
		<d_begin>2019-08-30</d_begin>
		<d_end>9999-12-31</d_end>
		<name_e>0</name_e>
		<nal_p>0</nal_p>
	</f002_insinclude>
	<f002_insinclude>
		<smocod>20001</smocod>
		<d_begin>2011-01-01</d_begin>
		<d_end>9999-12-31</d_end>
		<name_e>0</name_e>
		<nal_p>0</nal_p>
	</f002_insinclude>
	<f002_insinclude>
		<smocod>21001</smocod>
		<d_begin>2011-04-15</d_begin>
		<d_end>9999-12-31</d_end>
		<name_e>0</name_e>
		<nal_p>0</nal_p>
	</f002_insinclude>
	<f002_insinclude>
		<smocod>21002</smocod>
		<d_begin>2011-04-15</d_begin>
		<d_end>9999-12-31</d_end>
		<name_e>0</name_e>
		<nal_p>0</nal_p>
	</f002_insinclude>
	<f002_insinclude>
		<smocod>22001</smocod>
		<d_begin>2011-01-01</d_begin>
		<d_end>9999-12-31</d_end>
		<name_e>0</name_e>
		<nal_p>0</nal_p>
	</f002_insinclude>
	<f002_insinclude>
		<smocod>22006</smocod>
		<d_begin>2011-01-01</d_begin>
		<d_end>9999-12-31</d_end>
		<name_e>0</name_e>
		<nal_p>0</nal_p>
	</f002_insinclude>
	<f002_insinclude>
		<smocod>23207</smocod>
		<d_begin>2013-07-30</d_begin>
		<d_end>9999-12-31</d_end>
		<name_e>0</name_e>
		<nal_p>0</nal_p>
	</f002_insinclude>
	<f002_insinclude>
		<smocod>23407</smocod>
		<d_begin>2011-01-01</d_begin>
		<d_end>9999-12-31</d_end>
		<name_e>0</name_e>
		<nal_p>0</nal_p>
	</f002_insinclude>
	<f002_insinclude>
		<smocod>23607</smocod>
		<d_begin>2014-08-19</d_begin>
		<d_end>9999-12-31</d_end>
		<name_e>0</name_e>
		<nal_p>0</nal_p>
	</f002_insinclude>
	<f002_insinclude>
		<smocod>24008</smocod>
		<d_begin>2020-04-23</d_begin>
		<d_end>9999-12-31</d_end>
		<name_e>0</name_e>
		<nal_p>0</nal_p>
	</f002_insinclude>
	<f002_insinclude>
		<smocod>24020</smocod>
		<d_begin>2019-07-12</d_begin>
		<d_end>9999-12-31</d_end>
		<name_e>0</name_e>
		<nal_p>0</nal_p>
	</f002_insinclude>
	<f002_insinclude>
		<smocod>24022</smocod>
		<d_begin>2020-04-30</d_begin>
		<d_end>9999-12-31</d_end>
		<name_e>0</name_e>
		<nal_p>0</nal_p>
	</f002_insinclude>
	<f002_insinclude>
		<smocod>25011</smocod>
		<d_begin>2011-08-24</d_begin>
		<d_end>9999-12-31</d_end>
		<name_e>0</name_e>
		<nal_p>0</nal_p>
	</f002_insinclude>
	<f002_insinclude>
		<smocod>25014</smocod>
		<d_begin>2021-07-14</d_begin>
		<d_end>9999-12-31</d_end>
		<name_e>0</name_e>
		<nal_p>0</nal_p>
	</f002_insinclude>
	<f002_insinclude>
		<smocod>26005</smocod>
		<d_begin>2011-08-29</d_begin>
		<d_end>9999-12-31</d_end>
		<name_e>0</name_e>
		<nal_p>0</nal_p>
	</f002_insinclude>
	<f002_insinclude>
		<smocod>26008</smocod>
		<d_begin>2018-06-15</d_begin>
		<d_end>9999-12-31</d_end>
		<name_e>0</name_e>
		<nal_p>0</nal_p>
	</f002_insinclude>
	<f002_insinclude>
		<smocod>27005</smocod>
		<d_begin>2015-07-27</d_begin>
		<d_end>9999-12-31</d_end>
		<name_e>0</name_e>
		<nal_p>0</nal_p>
	</f002_insinclude>
	<f002_insinclude>
		<smocod>28004</smocod>
		<d_begin>2013-01-01</d_begin>
		<d_end>9999-12-31</d_end>
		<name_e>0</name_e>
		<nal_p>0</nal_p>
	</f002_insinclude>
	<f002_insinclude>
		<smocod>29030</smocod>
		<d_begin>2011-01-01</d_begin>
		<d_end>9999-12-31</d_end>
		<name_e>0</name_e>
		<nal_p>0</nal_p>
	</f002_insinclude>
	<f002_insinclude>
		<smocod>29031</smocod>
		<d_begin>2011-01-01</d_begin>
		<d_end>9999-12-31</d_end>
		<name_e>0</name_e>
		<nal_p>0</nal_p>
	</f002_insinclude>
	<f002_insinclude>
		<smocod>30002</smocod>
		<d_begin>2011-01-01</d_begin>
		<d_end>9999-12-31</d_end>
		<name_e>0</name_e>
		<nal_p>0</nal_p>
	</f002_insinclude>
	<f002_insinclude>
		<smocod>31001</smocod>
		<d_begin>2011-01-01</d_begin>
		<d_end>9999-12-31</d_end>
		<name_e>0</name_e>
		<nal_p>0</nal_p>
	</f002_insinclude>
	<f002_insinclude>
		<smocod>31006</smocod>
		<d_begin>2014-08-14</d_begin>
		<d_end>9999-12-31</d_end>
		<name_e>0</name_e>
		<nal_p>0</nal_p>
	</f002_insinclude>
	<f002_insinclude>
		<smocod>32020</smocod>
		<d_begin>2011-01-01</d_begin>
		<d_end>9999-12-31</d_end>
		<name_e>0</name_e>
		<nal_p>0</nal_p>
	</f002_insinclude>
	<f002_insinclude>
		<smocod>32040</smocod>
		<d_begin>2018-06-14</d_begin>
		<d_end>9999-12-31</d_end>
		<name_e>0</name_e>
		<nal_p>0</nal_p>
	</f002_insinclude>
	<f002_insinclude>
		<smocod>32055</smocod>
		<d_begin>2013-08-09</d_begin>
		<d_end>9999-12-31</d_end>
		<name_e>0</name_e>
		<nal_p>0</nal_p>
	</f002_insinclude>
	<f002_insinclude>
		<smocod>33004</smocod>
		<d_begin>2011-04-15</d_begin>
		<d_end>9999-12-31</d_end>
		<name_e>0</name_e>
		<nal_p>0</nal_p>
	</f002_insinclude>
	<f002_insinclude>
		<smocod>33007</smocod>
		<d_begin>2011-04-15</d_begin>
		<d_end>9999-12-31</d_end>
		<name_e>0</name_e>
		<nal_p>0</nal_p>
	</f002_insinclude>
	<f002_insinclude>
		<smocod>33009</smocod>
		<d_begin>2015-08-14</d_begin>
		<d_end>9999-12-31</d_end>
		<name_e>0</name_e>
		<nal_p>0</nal_p>
	</f002_insinclude>
	<f002_insinclude>
		<smocod>34002</smocod>
		<d_begin>2011-01-01</d_begin>
		<d_end>9999-12-31</d_end>
		<name_e>0</name_e>
		<nal_p>0</nal_p>
	</f002_insinclude>
	<f002_insinclude>
		<smocod>34007</smocod>
		<d_begin>2015-08-10</d_begin>
		<d_end>9999-12-31</d_end>
		<name_e>0</name_e>
		<nal_p>0</nal_p>
	</f002_insinclude>
	<f002_insinclude>
		<smocod>35003</smocod>
		<d_begin>2011-08-02</d_begin>
		<d_end>9999-12-31</d_end>
		<name_e>0</name_e>
		<nal_p>0</nal_p>
	</f002_insinclude>
	<f002_insinclude>
		<smocod>36065</smocod>
		<d_begin>2011-04-01</d_begin>
		<d_end>9999-12-31</d_end>
		<name_e>0</name_e>
		<nal_p>0</nal_p>
	</f002_insinclude>
	<f002_insinclude>
		<smocod>36071</smocod>
		<d_begin>2011-04-01</d_begin>
		<d_end>9999-12-31</d_end>
		<name_e>0</name_e>
		<nal_p>0</nal_p>
	</f002_insinclude>
	<f002_insinclude>
		<smocod>37002</smocod>
		<d_begin>2011-01-01</d_begin>
		<d_end>9999-12-31</d_end>
		<name_e>0</name_e>
		<nal_p>0</nal_p>
	</f002_insinclude>
	<f002_insinclude>
		<smocod>38014</smocod>
		<d_begin>2011-01-01</d_begin>
		<d_end>9999-12-31</d_end>
		<name_e>0</name_e>
		<nal_p>0</nal_p>
	</f002_insinclude>
	<f002_insinclude>
		<smocod>38020</smocod>
		<d_begin>2011-01-01</d_begin>
		<d_end>9999-12-31</d_end>
		<name_e>0</name_e>
		<nal_p>0</nal_p>
	</f002_insinclude>
	<f002_insinclude>
		<smocod>39002</smocod>
		<d_begin>2011-01-01</d_begin>
		<d_end>9999-12-31</d_end>
		<name_e>0</name_e>
		<nal_p>0</nal_p>
	</f002_insinclude>
	<f002_insinclude>
		<smocod>39005</smocod>
		<d_begin>2011-01-01</d_begin>
		<d_end>9999-12-31</d_end>
		<name_e>0</name_e>
		<nal_p>0</nal_p>
	</f002_insinclude>
	<f002_insinclude>
		<smocod>40002</smocod>
		<d_begin>2011-01-01</d_begin>
		<d_end>9999-12-31</d_end>
		<name_e>0</name_e>
		<nal_p>0</nal_p>
	</f002_insinclude>
	<f002_insinclude>
		<smocod>40004</smocod>
		<d_begin>2018-06-19</d_begin>
		<d_end>9999-12-31</d_end>
		<name_e>0</name_e>
		<nal_p>0</nal_p>
	</f002_insinclude>
	<f002_insinclude>
		<smocod>41001</smocod>
		<d_begin>2011-01-01</d_begin>
		<d_end>9999-12-31</d_end>
		<name_e>0</name_e>
		<nal_p>0</nal_p>
	</f002_insinclude>
	<f002_insinclude>
		<smocod>42005</smocod>
		<d_begin>2011-04-01</d_begin>
		<d_end>9999-12-31</d_end>
		<name_e>0</name_e>
		<nal_p>0</nal_p>
	</f002_insinclude>
	<f002_insinclude>
		<smocod>42009</smocod>
		<d_begin>2013-08-05</d_begin>
		<d_end>9999-12-31</d_end>
		<name_e>0</name_e>
		<nal_p>0</nal_p>
	</f002_insinclude>
	<f002_insinclude>
		<smocod>43005</smocod>
		<d_begin>2011-01-01</d_begin>
		<d_end>9999-12-31</d_end>
		<name_e>0</name_e>
		<nal_p>0</nal_p>
	</f002_insinclude>
	<f002_insinclude>
		<smocod>43006</smocod>
		<d_begin>2011-01-01</d_begin>
		<d_end>9999-12-31</d_end>
		<name_e>0</name_e>
		<nal_p>0</nal_p>
	</f002_insinclude>
	<f002_insinclude>
		<smocod>43011</smocod>
		<d_begin>2011-01-01</d_begin>
		<d_end>9999-12-31</d_end>
		<name_e>0</name_e>
		<nal_p>0</nal_p>
	</f002_insinclude>
	<f002_insinclude>
		<smocod>43012</smocod>
		<d_begin>2018-06-13</d_begin>
		<d_end>9999-12-31</d_end>
		<name_e>0</name_e>
		<nal_p>0</nal_p>
	</f002_insinclude>
	<f002_insinclude>
		<smocod>44003</smocod>
		<d_begin>2011-01-01</d_begin>
		<d_end>9999-12-31</d_end>
		<name_e>0</name_e>
		<nal_p>0</nal_p>
	</f002_insinclude>
	<f002_insinclude>
		<smocod>44011</smocod>
		<d_begin>2011-01-01</d_begin>
		<d_end>9999-12-31</d_end>
		<name_e>0</name_e>
		<nal_p>0</nal_p>
	</f002_insinclude>
	<f002_insinclude>
		<smocod>44013</smocod>
		<d_begin>2018-06-26</d_begin>
		<d_end>9999-12-31</d_end>
		<name_e>0</name_e>
		<nal_p>0</nal_p>
	</f002_insinclude>
	<f002_insinclude>
		<smocod>45001</smocod>
		<d_begin>2011-01-01</d_begin>
		<d_end>9999-12-31</d_end>
		<name_e>0</name_e>
		<nal_p>0</nal_p>
	</f002_insinclude>
	<f002_insinclude>
		<smocod>45002</smocod>
		<d_begin>2011-01-01</d_begin>
		<d_end>9999-12-31</d_end>
		<name_e>0</name_e>
		<nal_p>0</nal_p>
	</f002_insinclude>
	<f002_insinclude>
		<smocod>46003</smocod>
		<d_begin>2011-01-01</d_begin>
		<d_end>9999-12-31</d_end>
		<name_e>0</name_e>
		<nal_p>0</nal_p>
	</f002_insinclude>
	<f002_insinclude>
		<smocod>46006</smocod>
		<d_begin>2014-08-12</d_begin>
		<d_end>9999-12-31</d_end>
		<name_e>0</name_e>
		<nal_p>0</nal_p>
	</f002_insinclude>
	<f002_insinclude>
		<smocod>46007</smocod>
		<d_begin>2018-06-14</d_begin>
		<d_end>9999-12-31</d_end>
		<name_e>0</name_e>
		<nal_p>0</nal_p>
	</f002_insinclude>
	<f002_insinclude>
		<smocod>47042</smocod>
		<d_begin>2011-01-01</d_begin>
		<d_end>9999-12-31</d_end>
		<name_e>0</name_e>
		<nal_p>0</nal_p>
	</f002_insinclude>
	<f002_insinclude>
		<smocod>47043</smocod>
		<d_begin>2011-01-01</d_begin>
		<d_end>9999-12-31</d_end>
		<name_e>0</name_e>
		<nal_p>0</nal_p>
	</f002_insinclude>
	<f002_insinclude>
		<smocod>47045</smocod>
		<d_begin>2011-01-01</d_begin>
		<d_end>9999-12-31</d_end>
		<name_e>0</name_e>
		<nal_p>0</nal_p>
	</f002_insinclude>
	<f002_insinclude>
		<smocod>48004</smocod>
		<d_begin>2011-08-19</d_begin>
		<d_end>9999-12-31</d_end>
		<name_e>0</name_e>
		<nal_p>0</nal_p>
	</f002_insinclude>
	<f002_insinclude>
		<smocod>48008</smocod>
		<d_begin>2018-06-19</d_begin>
		<d_end>9999-12-31</d_end>
		<name_e>0</name_e>
		<nal_p>0</nal_p>
	</f002_insinclude>
	<f002_insinclude>
		<smocod>49003</smocod>
		<d_begin>2011-04-08</d_begin>
		<d_end>2024-09-09</d_end>
		<name_e>3</name_e>
		<nal_p>2</nal_p>
	</f002_insinclude>
	<f002_insinclude>
		<smocod>49005</smocod>
		<d_begin>2012-08-30</d_begin>
		<d_end>9999-12-31</d_end>
		<name_e>0</name_e>
		<nal_p>0</nal_p>
	</f002_insinclude>
	<f002_insinclude>
		<smocod>50005</smocod>
		<d_begin>2011-05-25</d_begin>
		<d_end>9999-12-31</d_end>
		<name_e>0</name_e>
		<nal_p>0</nal_p>
	</f002_insinclude>
	<f002_insinclude>
		<smocod>50006</smocod>
		<d_begin>2011-01-01</d_begin>
		<d_end>9999-12-31</d_end>
		<name_e>0</name_e>
		<nal_p>0</nal_p>
	</f002_insinclude>
	<f002_insinclude>
		<smocod>50046</smocod>
		<d_begin>2011-08-08</d_begin>
		<d_end>9999-12-31</d_end>
		<name_e>0</name_e>
		<nal_p>0</nal_p>
	</f002_insinclude>
	<f002_insinclude>
		<smocod>50051</smocod>
		<d_begin>2013-08-06</d_begin>
		<d_end>9999-12-31</d_end>
		<name_e>0</name_e>
		<nal_p>0</nal_p>
	</f002_insinclude>
	<f002_insinclude>
		<smocod>51014</smocod>
		<d_begin>2011-01-01</d_begin>
		<d_end>9999-12-31</d_end>
		<name_e>0</name_e>
		<nal_p>0</nal_p>
	</f002_insinclude>
	<f002_insinclude>
		<smocod>51018</smocod>
		<d_begin>2014-01-01</d_begin>
		<d_end>9999-12-31</d_end>
		<name_e>0</name_e>
		<nal_p>0</nal_p>
	</f002_insinclude>
	<f002_insinclude>
		<smocod>52001</smocod>
		<d_begin>2011-01-01</d_begin>
		<d_end>9999-12-31</d_end>
		<name_e>0</name_e>
		<nal_p>0</nal_p>
	</f002_insinclude>
	<f002_insinclude>
		<smocod>52006</smocod>
		<d_begin>2018-06-13</d_begin>
		<d_end>9999-12-31</d_end>
		<name_e>0</name_e>
		<nal_p>0</nal_p>
	</f002_insinclude>
	<f002_insinclude>
		<smocod>52008</smocod>
		<d_begin>2015-08-18</d_begin>
		<d_end>9999-12-31</d_end>
		<name_e>0</name_e>
		<nal_p>0</nal_p>
	</f002_insinclude>
	<f002_insinclude>
		<smocod>53007</smocod>
		<d_begin>2014-01-01</d_begin>
		<d_end>9999-12-31</d_end>
		<name_e>0</name_e>
		<nal_p>0</nal_p>
	</f002_insinclude>
	<f002_insinclude>
		<smocod>53009</smocod>
		<d_begin>2020-03-26</d_begin>
		<d_end>9999-12-31</d_end>
		<name_e>0</name_e>
		<nal_p>0</nal_p>
	</f002_insinclude>
	<f002_insinclude>
		<smocod>54001</smocod>
		<d_begin>2011-01-01</d_begin>
		<d_end>9999-12-31</d_end>
		<name_e>0</name_e>
		<nal_p>0</nal_p>
	</f002_insinclude>
	<f002_insinclude>
		<smocod>54004</smocod>
		<d_begin>2011-01-01</d_begin>
		<d_end>9999-12-31</d_end>
		<name_e>0</name_e>
		<nal_p>0</nal_p>
	</f002_insinclude>
	<f002_insinclude>
		<smocod>54009</smocod>
		<d_begin>2019-07-10</d_begin>
		<d_end>9999-12-31</d_end>
		<name_e>0</name_e>
		<nal_p>0</nal_p>
	</f002_insinclude>
	<f002_insinclude>
		<smocod>55041</smocod>
		<d_begin>2011-08-08</d_begin>
		<d_end>9999-12-31</d_end>
		<name_e>0</name_e>
		<nal_p>0</nal_p>
	</f002_insinclude>
	<f002_insinclude>
		<smocod>55044</smocod>
		<d_begin>2018-06-14</d_begin>
		<d_end>9999-12-31</d_end>
		<name_e>0</name_e>
		<nal_p>0</nal_p>
	</f002_insinclude>
	<f002_insinclude>
		<smocod>55050</smocod>
		<d_begin>2016-07-08</d_begin>
		<d_end>9999-12-31</d_end>
		<name_e>0</name_e>
		<nal_p>0</nal_p>
	</f002_insinclude>
	<f002_insinclude>
		<smocod>56021</smocod>
		<d_begin>2011-01-01</d_begin>
		<d_end>9999-12-31</d_end>
		<name_e>0</name_e>
		<nal_p>0</nal_p>
	</f002_insinclude>
	<f002_insinclude>
		<smocod>56029</smocod>
		<d_begin>2011-01-01</d_begin>
		<d_end>9999-12-31</d_end>
		<name_e>0</name_e>
		<nal_p>0</nal_p>
	</f002_insinclude>
	<f002_insinclude>
		<smocod>56032</smocod>
		<d_begin>2011-01-01</d_begin>
		<d_end>9999-12-31</d_end>
		<name_e>0</name_e>
		<nal_p>0</nal_p>
	</f002_insinclude>
	<f002_insinclude>
		<smocod>56034</smocod>
		<d_begin>2015-08-14</d_begin>
		<d_end>9999-12-31</d_end>
		<name_e>0</name_e>
		<nal_p>0</nal_p>
	</f002_insinclude>
	<f002_insinclude>
		<smocod>57002</smocod>
		<d_begin>2011-08-04</d_begin>
		<d_end>9999-12-31</d_end>
		<name_e>0</name_e>
		<nal_p>0</nal_p>
	</f002_insinclude>
	<f002_insinclude>
		<smocod>57003</smocod>
		<d_begin>2011-07-22</d_begin>
		<d_end>9999-12-31</d_end>
		<name_e>0</name_e>
		<nal_p>0</nal_p>
	</f002_insinclude>
	<f002_insinclude>
		<smocod>58004</smocod>
		<d_begin>2011-03-30</d_begin>
		<d_end>9999-12-31</d_end>
		<name_e>0</name_e>
		<nal_p>0</nal_p>
	</f002_insinclude>
	<f002_insinclude>
		<smocod>58006</smocod>
		<d_begin>2011-03-30</d_begin>
		<d_end>9999-12-31</d_end>
		<name_e>0</name_e>
		<nal_p>0</nal_p>
	</f002_insinclude>
	<f002_insinclude>
		<smocod>59015</smocod>
		<d_begin>2011-01-01</d_begin>
		<d_end>9999-12-31</d_end>
		<name_e>0</name_e>
		<nal_p>0</nal_p>
	</f002_insinclude>
	<f002_insinclude>
		<smocod>59018</smocod>
		<d_begin>2011-01-01</d_begin>
		<d_end>9999-12-31</d_end>
		<name_e>0</name_e>
		<nal_p>0</nal_p>
	</f002_insinclude>
	<f002_insinclude>
		<smocod>59020</smocod>
		<d_begin>2011-01-01</d_begin>
		<d_end>9999-12-31</d_end>
		<name_e>0</name_e>
		<nal_p>0</nal_p>
	</f002_insinclude>
	<f002_insinclude>
		<smocod>59021</smocod>
		<d_begin>2011-01-01</d_begin>
		<d_end>9999-12-31</d_end>
		<name_e>0</name_e>
		<nal_p>0</nal_p>
	</f002_insinclude>
	<f002_insinclude>
		<smocod>60001</smocod>
		<d_begin>2011-01-01</d_begin>
		<d_end>9999-12-31</d_end>
		<name_e>0</name_e>
		<nal_p>0</nal_p>
	</f002_insinclude>
	<f002_insinclude>
		<smocod>61001</smocod>
		<d_begin>2011-01-01</d_begin>
		<d_end>9999-12-31</d_end>
		<name_e>0</name_e>
		<nal_p>0</nal_p>
	</f002_insinclude>
	<f002_insinclude>
		<smocod>61013</smocod>
		<d_begin>2011-01-01</d_begin>
		<d_end>9999-12-31</d_end>
		<name_e>0</name_e>
		<nal_p>0</nal_p>
	</f002_insinclude>
	<f002_insinclude>
		<smocod>61017</smocod>
		<d_begin>2011-01-01</d_begin>
		<d_end>9999-12-31</d_end>
		<name_e>0</name_e>
		<nal_p>0</nal_p>
	</f002_insinclude>
	<f002_insinclude>
		<smocod>61022</smocod>
		<d_begin>2011-01-01</d_begin>
		<d_end>9999-12-31</d_end>
		<name_e>0</name_e>
		<nal_p>0</nal_p>
	</f002_insinclude>
	<f002_insinclude>
		<smocod>61024</smocod>
		<d_begin>2013-08-13</d_begin>
		<d_end>9999-12-31</d_end>
		<name_e>0</name_e>
		<nal_p>0</nal_p>
	</f002_insinclude>
	<f002_insinclude>
		<smocod>62003</smocod>
		<d_begin>2011-03-01</d_begin>
		<d_end>9999-12-31</d_end>
		<name_e>0</name_e>
		<nal_p>0</nal_p>
	</f002_insinclude>
	<f002_insinclude>
		<smocod>62006</smocod>
		<d_begin>2015-08-03</d_begin>
		<d_end>9999-12-31</d_end>
		<name_e>0</name_e>
		<nal_p>0</nal_p>
	</f002_insinclude>
	<f002_insinclude>
		<smocod>63023</smocod>
		<d_begin>2011-04-15</d_begin>
		<d_end>9999-12-31</d_end>
		<name_e>0</name_e>
		<nal_p>0</nal_p>
	</f002_insinclude>
	<f002_insinclude>
		<smocod>63031</smocod>
		<d_begin>2023-03-16</d_begin>
		<d_end>9999-12-31</d_end>
		<name_e>0</name_e>
		<nal_p>0</nal_p>
	</f002_insinclude>
	<f002_insinclude>
		<smocod>64008</smocod>
		<d_begin>2011-01-01</d_begin>
		<d_end>9999-12-31</d_end>
		<name_e>0</name_e>
		<nal_p>0</nal_p>
	</f002_insinclude>
	<f002_insinclude>
		<smocod>64014</smocod>
		<d_begin>2011-01-01</d_begin>
		<d_end>9999-12-31</d_end>
		<name_e>0</name_e>
		<nal_p>0</nal_p>
	</f002_insinclude>
	<f002_insinclude>
		<smocod>64015</smocod>
		<d_begin>2011-01-01</d_begin>
		<d_end>9999-12-31</d_end>
		<name_e>0</name_e>
		<nal_p>0</nal_p>
	</f002_insinclude>
	<f002_insinclude>
		<smocod>65001</smocod>
		<d_begin>2011-01-01</d_begin>
		<d_end>9999-12-31</d_end>
		<name_e>0</name_e>
		<nal_p>0</nal_p>
	</f002_insinclude>
	<f002_insinclude>
		<smocod>66004</smocod>
		<d_begin>2011-01-01</d_begin>
		<d_end>9999-12-31</d_end>
		<name_e>0</name_e>
		<nal_p>0</nal_p>
	</f002_insinclude>
	<f002_insinclude>
		<smocod>66013</smocod>
		<d_begin>2011-01-01</d_begin>
		<d_end>9999-12-31</d_end>
		<name_e>0</name_e>
		<nal_p>0</nal_p>
	</f002_insinclude>
	<f002_insinclude>
		<smocod>66063</smocod>
		<d_begin>2011-01-01</d_begin>
		<d_end>9999-12-31</d_end>
		<name_e>0</name_e>
		<nal_p>0</nal_p>
	</f002_insinclude>
	<f002_insinclude>
		<smocod>66070</smocod>
		<d_begin>2011-01-01</d_begin>
		<d_end>9999-12-31</d_end>
		<name_e>0</name_e>
		<nal_p>0</nal_p>
	</f002_insinclude>
	<f002_insinclude>
		<smocod>67002</smocod>
		<d_begin>2011-04-15</d_begin>
		<d_end>9999-12-31</d_end>
		<name_e>0</name_e>
		<nal_p>0</nal_p>
	</f002_insinclude>
	<f002_insinclude>
		<smocod>67003</smocod>
		<d_begin>2011-04-15</d_begin>
		<d_end>9999-12-31</d_end>
		<name_e>0</name_e>
		<nal_p>0</nal_p>
	</f002_insinclude>
	<f002_insinclude>
		<smocod>67004</smocod>
		<d_begin>2011-04-15</d_begin>
		<d_end>9999-12-31</d_end>
		<name_e>0</name_e>
		<nal_p>0</nal_p>
	</f002_insinclude>
	<f002_insinclude>
		<smocod>68004</smocod>
		<d_begin>2014-08-19</d_begin>
		<d_end>9999-12-31</d_end>
		<name_e>0</name_e>
		<nal_p>0</nal_p>
	</f002_insinclude>
	<f002_insinclude>
		<smocod>69005</smocod>
		<d_begin>2011-01-01</d_begin>
		<d_end>9999-12-31</d_end>
		<name_e>0</name_e>
		<nal_p>0</nal_p>
	</f002_insinclude>
	<f002_insinclude>
		<smocod>69011</smocod>
		<d_begin>2011-01-01</d_begin>
		<d_end>9999-12-31</d_end>
		<name_e>0</name_e>
		<nal_p>0</nal_p>
	</f002_insinclude>
	<f002_insinclude>
		<smocod>69013</smocod>
		<d_begin>2011-01-01</d_begin>
		<d_end>9999-12-31</d_end>
		<name_e>0</name_e>
		<nal_p>0</nal_p>
	</f002_insinclude>
	<f002_insinclude>
		<smocod>69016</smocod>
		<d_begin>2011-01-01</d_begin>
		<d_end>9999-12-31</d_end>
		<name_e>0</name_e>
		<nal_p>0</nal_p>
	</f002_insinclude>
	<f002_insinclude>
		<smocod>70010</smocod>
		<d_begin>2011-01-01</d_begin>
		<d_end>9999-12-31</d_end>
		<name_e>0</name_e>
		<nal_p>0</nal_p>
	</f002_insinclude>
	<f002_insinclude>
		<smocod>70012</smocod>
		<d_begin>2011-01-01</d_begin>
		<d_end>9999-12-31</d_end>
		<name_e>0</name_e>
		<nal_p>0</nal_p>
	</f002_insinclude>
	<f002_insinclude>
		<smocod>71001</smocod>
		<d_begin>2011-01-01</d_begin>
		<d_end>9999-12-31</d_end>
		<name_e>0</name_e>
		<nal_p>0</nal_p>
	</f002_insinclude>
	<f002_insinclude>
		<smocod>71004</smocod>
		<d_begin>2015-08-12</d_begin>
		<d_end>9999-12-31</d_end>
		<name_e>0</name_e>
		<nal_p>0</nal_p>
	</f002_insinclude>
	<f002_insinclude>
		<smocod>72002</smocod>
		<d_begin>2011-01-01</d_begin>
		<d_end>9999-12-31</d_end>
		<name_e>0</name_e>
		<nal_p>0</nal_p>
	</f002_insinclude>
	<f002_insinclude>
		<smocod>72007</smocod>
		<d_begin>2015-09-01</d_begin>
		<d_end>9999-12-31</d_end>
		<name_e>0</name_e>
		<nal_p>0</nal_p>
	</f002_insinclude>
	<f002_insinclude>
		<smocod>72008</smocod>
		<d_begin>2015-09-01</d_begin>
		<d_end>9999-12-31</d_end>
		<name_e>0</name_e>
		<nal_p>0</nal_p>
	</f002_insinclude>
	<f002_insinclude>
		<smocod>73060</smocod>
		<d_begin>2011-01-01</d_begin>
		<d_end>9999-12-31</d_end>
		<name_e>0</name_e>
		<nal_p>0</nal_p>
	</f002_insinclude>
	<f002_insinclude>
		<smocod>73064</smocod>
		<d_begin>2018-06-14</d_begin>
		<d_end>9999-12-31</d_end>
		<name_e>0</name_e>
		<nal_p>0</nal_p>
	</f002_insinclude>
	<f002_insinclude>
		<smocod>74030</smocod>
		<d_begin>2011-01-01</d_begin>
		<d_end>9999-12-31</d_end>
		<name_e>0</name_e>
		<nal_p>0</nal_p>
	</f002_insinclude>
	<f002_insinclude>
		<smocod>74036</smocod>
		<d_begin>2011-01-01</d_begin>
		<d_end>9999-12-31</d_end>
		<name_e>0</name_e>
		<nal_p>0</nal_p>
	</f002_insinclude>
	<f002_insinclude>
		<smocod>74039</smocod>
		<d_begin>2011-01-01</d_begin>
		<d_end>9999-12-31</d_end>
		<name_e>0</name_e>
		<nal_p>0</nal_p>
	</f002_insinclude>
	<f002_insinclude>
		<smocod>74057</smocod>
		<d_begin>2013-08-07</d_begin>
		<d_end>9999-12-31</d_end>
		<name_e>0</name_e>
		<nal_p>0</nal_p>
	</f002_insinclude>
	<f002_insinclude>
		<smocod>74058</smocod>
		<d_begin>2021-08-30</d_begin>
		<d_end>9999-12-31</d_end>
		<name_e>0</name_e>
		<nal_p>0</nal_p>
	</f002_insinclude>
	<f002_insinclude>
		<smocod>75001</smocod>
		<d_begin>2011-01-01</d_begin>
		<d_end>9999-12-31</d_end>
		<name_e>0</name_e>
		<nal_p>0</nal_p>
	</f002_insinclude>
	<f002_insinclude>
		<smocod>75004</smocod>
		<d_begin>2021-07-13</d_begin>
		<d_end>9999-12-31</d_end>
		<name_e>0</name_e>
		<nal_p>0</nal_p>
	</f002_insinclude>
	<f002_insinclude>
		<smocod>76001</smocod>
		<d_begin>2011-05-10</d_begin>
		<d_end>9999-12-31</d_end>
		<name_e>0</name_e>
		<nal_p>0</nal_p>
	</f002_insinclude>
	<f002_insinclude>
		<smocod>76003</smocod>
		<d_begin>2011-05-10</d_begin>
		<d_end>9999-12-31</d_end>
		<name_e>0</name_e>
		<nal_p>0</nal_p>
	</f002_insinclude>
	<f002_insinclude>
		<smocod>76004</smocod>
		<d_begin>2011-05-10</d_begin>
		<d_end>9999-12-31</d_end>
		<name_e>0</name_e>
		<nal_p>0</nal_p>
	</f002_insinclude>
	<f002_insinclude>
		<smocod>76006</smocod>
		<d_begin>2011-05-10</d_begin>
		<d_end>9999-12-31</d_end>
		<name_e>0</name_e>
		<nal_p>0</nal_p>
	</f002_insinclude>
	<f002_insinclude>
		<smocod>77004</smocod>
		<d_begin>2011-01-01</d_begin>
		<d_end>9999-12-31</d_end>
		<name_e>0</name_e>
		<nal_p>0</nal_p>
	</f002_insinclude>
	<f002_insinclude>
		<smocod>77008</smocod>
		<d_begin>2011-01-01</d_begin>
		<d_end>9999-12-31</d_end>
		<name_e>0</name_e>
		<nal_p>0</nal_p>
	</f002_insinclude>
	<f002_insinclude>
		<smocod>77012</smocod>
		<d_begin>2012-01-01</d_begin>
		<d_end>9999-12-31</d_end>
		<name_e>0</name_e>
		<nal_p>0</nal_p>
	</f002_insinclude>
	<f002_insinclude>
		<smocod>77013</smocod>
		<d_begin>2012-01-01</d_begin>
		<d_end>9999-12-31</d_end>
		<name_e>0</name_e>
		<nal_p>0</nal_p>
	</f002_insinclude>
	<f002_insinclude>
		<smocod>77015</smocod>
		<d_begin>2012-08-24</d_begin>
		<d_end>9999-12-31</d_end>
		<name_e>0</name_e>
		<nal_p>0</nal_p>
	</f002_insinclude>
	<f002_insinclude>
		<smocod>77016</smocod>
		<d_begin>2022-07-11</d_begin>
		<d_end>9999-12-31</d_end>
		<name_e>0</name_e>
		<nal_p>0</nal_p>
	</f002_insinclude>
	<f002_insinclude>
		<smocod>78003</smocod>
		<d_begin>2011-01-01</d_begin>
		<d_end>9999-12-31</d_end>
		<name_e>0</name_e>
		<nal_p>0</nal_p>
	</f002_insinclude>
	<f002_insinclude>
		<smocod>78005</smocod>
		<d_begin>2011-01-01</d_begin>
		<d_end>9999-12-31</d_end>
		<name_e>0</name_e>
		<nal_p>0</nal_p>
	</f002_insinclude>
	<f002_insinclude>
		<smocod>78006</smocod>
		<d_begin>2011-01-01</d_begin>
		<d_end>9999-12-31</d_end>
		<name_e>0</name_e>
		<nal_p>0</nal_p>
	</f002_insinclude>
	<f002_insinclude>
		<smocod>78007</smocod>
		<d_begin>2011-01-01</d_begin>
		<d_end>9999-12-31</d_end>
		<name_e>0</name_e>
		<nal_p>0</nal_p>
	</f002_insinclude>
	<f002_insinclude>
		<smocod>78010</smocod>
		<d_begin>2011-01-01</d_begin>
		<d_end>9999-12-31</d_end>
		<name_e>0</name_e>
		<nal_p>0</nal_p>
	</f002_insinclude>
	<f002_insinclude>
		<smocod>78013</smocod>
		<d_begin>2022-05-07</d_begin>
		<d_end>9999-12-31</d_end>
		<name_e>0</name_e>
		<nal_p>0</nal_p>
	</f002_insinclude>
	<f002_insinclude>
		<smocod>79003</smocod>
		<d_begin>2011-01-01</d_begin>
		<d_end>9999-12-31</d_end>
		<name_e>0</name_e>
		<nal_p>0</nal_p>
	</f002_insinclude>
	<f002_insinclude>
		<smocod>79006</smocod>
		<d_begin>2016-08-31</d_begin>
		<d_end>9999-12-31</d_end>
		<name_e>0</name_e>
		<nal_p>0</nal_p>
	</f002_insinclude>
	<f002_insinclude>
		<smocod>80001</smocod>
		<d_begin>2011-01-01</d_begin>
		<d_end>9999-12-31</d_end>
		<name_e>0</name_e>
		<nal_p>0</nal_p>
	</f002_insinclude>
	<f002_insinclude>
		<smocod>81001</smocod>
		<d_begin>2011-01-01</d_begin>
		<d_end>9999-12-31</d_end>
		<name_e>0</name_e>
		<nal_p>0</nal_p>
	</f002_insinclude>
	<f002_insinclude>
		<smocod>81007</smocod>
		<d_begin>2015-08-11</d_begin>
		<d_end>9999-12-31</d_end>
		<name_e>0</name_e>
		<nal_p>0</nal_p>
	</f002_insinclude>
	<f002_insinclude>
		<smocod>81008</smocod>
		<d_begin>2015-08-31</d_begin>
		<d_end>9999-12-31</d_end>
		<name_e>0</name_e>
		<nal_p>0</nal_p>
	</f002_insinclude>
	<f002_insinclude>
		<smocod>82001</smocod>
		<d_begin>2011-08-26</d_begin>
		<d_end>9999-12-31</d_end>
		<name_e>0</name_e>
		<nal_p>0</nal_p>
	</f002_insinclude>
	<f002_insinclude>
		<smocod>83001</smocod>
		<d_begin>2011-01-01</d_begin>
		<d_end>9999-12-31</d_end>
		<name_e>0</name_e>
		<nal_p>0</nal_p>
	</f002_insinclude>
	<f002_insinclude>
		<smocod>83005</smocod>
		<d_begin>2011-01-01</d_begin>
		<d_end>9999-12-31</d_end>
		<name_e>0</name_e>
		<nal_p>0</nal_p>
	</f002_insinclude>
	<f002_insinclude>
		<smocod>83008</smocod>
		<d_begin>2011-01-01</d_begin>
		<d_end>9999-12-31</d_end>
		<name_e>0</name_e>
		<nal_p>0</nal_p>
	</f002_insinclude>
	<f002_insinclude>
		<smocod>84002</smocod>
		<d_begin>2018-08-31</d_begin>
		<d_end>9999-12-31</d_end>
		<name_e>0</name_e>
		<nal_p>0</nal_p>
	</f002_insinclude>
	<f002_insinclude>
		<smocod>85002</smocod>
		<d_begin>2014-07-30</d_begin>
		<d_end>9999-12-31</d_end>
		<name_e>0</name_e>
		<nal_p>0</nal_p>
	</f002_insinclude>
	<f002_insinclude>
		<smocod>85004</smocod>
		<d_begin>2015-08-18</d_begin>
		<d_end>9999-12-31</d_end>
		<name_e>0</name_e>
		<nal_p>0</nal_p>
	</f002_insinclude>
	<f002_insinclude>
		<smocod>86001</smocod>
		<d_begin>2014-08-29</d_begin>
		<d_end>9999-12-31</d_end>
		<name_e>0</name_e>
		<nal_p>0</nal_p>
	</f002_insinclude>
	<f002_insinclude>
		<smocod>86002</smocod>
		<d_begin>2014-08-29</d_begin>
		<d_end>9999-12-31</d_end>
		<name_e>0</name_e>
		<nal_p>0</nal_p>
	</f002_insinclude>
</VFPData>
