<?xml version = "1.0" encoding="Windows-1251" standalone="yes"?>
<VFPData>
	<xsd:schema id="VFPData" xmlns:xsd="http://www.w3.org/2001/XMLSchema" xmlns:msdata="urn:schemas-microsoft-com:xml-msdata">
		<xsd:element name="VFPData" msdata:IsDataSet="true">
			<xsd:complexType>
				<xsd:choice maxOccurs="unbounded">
					<xsd:element name="ksg_anat_ds" minOccurs="0" maxOccurs="unbounded">
						<xsd:complexType>
							<xsd:sequence>
								<xsd:element name="code_anat">
									<xsd:simpleType>
										<xsd:restriction base="xsd:string">
											<xsd:maxLength value="2"/>
										</xsd:restriction>
									</xsd:simpleType>
								</xsd:element>
								<xsd:element name="ds">
									<xsd:simpleType>
										<xsd:restriction base="xsd:string">
											<xsd:maxLength value="6"/>
										</xsd:restriction>
									</xsd:simpleType>
								</xsd:element>
							</xsd:sequence>
						</xsd:complexType>
					</xsd:element>
				</xsd:choice>
				<xsd:anyAttribute namespace="http://www.w3.org/XML/1998/namespace" processContents="lax"/>
			</xsd:complexType>
		</xsd:element>
	</xsd:schema>
	<ksg_anat_ds>
		<code_anat>T1</code_anat>
		<ds>S02.0</ds>
	</ksg_anat_ds>
	<ksg_anat_ds>
		<code_anat>T1</code_anat>
		<ds>S02.1</ds>
	</ksg_anat_ds>
	<ksg_anat_ds>
		<code_anat>T1</code_anat>
		<ds>S04.0</ds>
	</ksg_anat_ds>
	<ksg_anat_ds>
		<code_anat>T1</code_anat>
		<ds>S05.7</ds>
	</ksg_anat_ds>
	<ksg_anat_ds>
		<code_anat>T1</code_anat>
		<ds>S06.1</ds>
	</ksg_anat_ds>
	<ksg_anat_ds>
		<code_anat>T1</code_anat>
		<ds>S06.2</ds>
	</ksg_anat_ds>
	<ksg_anat_ds>
		<code_anat>T1</code_anat>
		<ds>S06.3</ds>
	</ksg_anat_ds>
	<ksg_anat_ds>
		<code_anat>T1</code_anat>
		<ds>S06.4</ds>
	</ksg_anat_ds>
	<ksg_anat_ds>
		<code_anat>T1</code_anat>
		<ds>S06.5</ds>
	</ksg_anat_ds>
	<ksg_anat_ds>
		<code_anat>T1</code_anat>
		<ds>S06.6</ds>
	</ksg_anat_ds>
	<ksg_anat_ds>
		<code_anat>T1</code_anat>
		<ds>S06.7</ds>
	</ksg_anat_ds>
	<ksg_anat_ds>
		<code_anat>T1</code_anat>
		<ds>S07.0</ds>
	</ksg_anat_ds>
	<ksg_anat_ds>
		<code_anat>T1</code_anat>
		<ds>S07.1</ds>
	</ksg_anat_ds>
	<ksg_anat_ds>
		<code_anat>T1</code_anat>
		<ds>S07.8</ds>
	</ksg_anat_ds>
	<ksg_anat_ds>
		<code_anat>T1</code_anat>
		<ds>S09.0</ds>
	</ksg_anat_ds>
	<ksg_anat_ds>
		<code_anat>T1</code_anat>
		<ds>S11.0</ds>
	</ksg_anat_ds>
	<ksg_anat_ds>
		<code_anat>T1</code_anat>
		<ds>S11.1</ds>
	</ksg_anat_ds>
	<ksg_anat_ds>
		<code_anat>T1</code_anat>
		<ds>S11.2</ds>
	</ksg_anat_ds>
	<ksg_anat_ds>
		<code_anat>T1</code_anat>
		<ds>S11.7</ds>
	</ksg_anat_ds>
	<ksg_anat_ds>
		<code_anat>T1</code_anat>
		<ds>S15.0</ds>
	</ksg_anat_ds>
	<ksg_anat_ds>
		<code_anat>T1</code_anat>
		<ds>S15.1</ds>
	</ksg_anat_ds>
	<ksg_anat_ds>
		<code_anat>T1</code_anat>
		<ds>S15.2</ds>
	</ksg_anat_ds>
	<ksg_anat_ds>
		<code_anat>T1</code_anat>
		<ds>S15.3</ds>
	</ksg_anat_ds>
	<ksg_anat_ds>
		<code_anat>T1</code_anat>
		<ds>S15.7</ds>
	</ksg_anat_ds>
	<ksg_anat_ds>
		<code_anat>T1</code_anat>
		<ds>S15.8</ds>
	</ksg_anat_ds>
	<ksg_anat_ds>
		<code_anat>T1</code_anat>
		<ds>S15.9</ds>
	</ksg_anat_ds>
	<ksg_anat_ds>
		<code_anat>T1</code_anat>
		<ds>S17.0</ds>
	</ksg_anat_ds>
	<ksg_anat_ds>
		<code_anat>T1</code_anat>
		<ds>S17.8</ds>
	</ksg_anat_ds>
	<ksg_anat_ds>
		<code_anat>T1</code_anat>
		<ds>S18</ds>
	</ksg_anat_ds>
	<ksg_anat_ds>
		<code_anat>T2</code_anat>
		<ds>S12.0</ds>
	</ksg_anat_ds>
	<ksg_anat_ds>
		<code_anat>T2</code_anat>
		<ds>S12.9</ds>
	</ksg_anat_ds>
	<ksg_anat_ds>
		<code_anat>T2</code_anat>
		<ds>S13.0</ds>
	</ksg_anat_ds>
	<ksg_anat_ds>
		<code_anat>T2</code_anat>
		<ds>S13.1</ds>
	</ksg_anat_ds>
	<ksg_anat_ds>
		<code_anat>T2</code_anat>
		<ds>S13.3</ds>
	</ksg_anat_ds>
	<ksg_anat_ds>
		<code_anat>T2</code_anat>
		<ds>S14.0</ds>
	</ksg_anat_ds>
	<ksg_anat_ds>
		<code_anat>T2</code_anat>
		<ds>S14.3</ds>
	</ksg_anat_ds>
	<ksg_anat_ds>
		<code_anat>T2</code_anat>
		<ds>S22</ds>
	</ksg_anat_ds>
	<ksg_anat_ds>
		<code_anat>T2</code_anat>
		<ds>S22.0</ds>
	</ksg_anat_ds>
	<ksg_anat_ds>
		<code_anat>T2</code_anat>
		<ds>S23.0</ds>
	</ksg_anat_ds>
	<ksg_anat_ds>
		<code_anat>T2</code_anat>
		<ds>S23.1</ds>
	</ksg_anat_ds>
	<ksg_anat_ds>
		<code_anat>T2</code_anat>
		<ds>S24.0</ds>
	</ksg_anat_ds>
	<ksg_anat_ds>
		<code_anat>T2</code_anat>
		<ds>S32.0</ds>
	</ksg_anat_ds>
	<ksg_anat_ds>
		<code_anat>T2</code_anat>
		<ds>S32.1</ds>
	</ksg_anat_ds>
	<ksg_anat_ds>
		<code_anat>T2</code_anat>
		<ds>S33.0</ds>
	</ksg_anat_ds>
	<ksg_anat_ds>
		<code_anat>T2</code_anat>
		<ds>S33.1</ds>
	</ksg_anat_ds>
	<ksg_anat_ds>
		<code_anat>T2</code_anat>
		<ds>S33.2</ds>
	</ksg_anat_ds>
	<ksg_anat_ds>
		<code_anat>T2</code_anat>
		<ds>S33.4</ds>
	</ksg_anat_ds>
	<ksg_anat_ds>
		<code_anat>T2</code_anat>
		<ds>S34.0</ds>
	</ksg_anat_ds>
	<ksg_anat_ds>
		<code_anat>T2</code_anat>
		<ds>S34.3</ds>
	</ksg_anat_ds>
	<ksg_anat_ds>
		<code_anat>T2</code_anat>
		<ds>S34.4</ds>
	</ksg_anat_ds>
	<ksg_anat_ds>
		<code_anat>T3</code_anat>
		<ds>S22.2</ds>
	</ksg_anat_ds>
	<ksg_anat_ds>
		<code_anat>T3</code_anat>
		<ds>S22.4</ds>
	</ksg_anat_ds>
	<ksg_anat_ds>
		<code_anat>T3</code_anat>
		<ds>S22.5</ds>
	</ksg_anat_ds>
	<ksg_anat_ds>
		<code_anat>T3</code_anat>
		<ds>S25.0</ds>
	</ksg_anat_ds>
	<ksg_anat_ds>
		<code_anat>T3</code_anat>
		<ds>S25.1</ds>
	</ksg_anat_ds>
	<ksg_anat_ds>
		<code_anat>T3</code_anat>
		<ds>S25.2</ds>
	</ksg_anat_ds>
	<ksg_anat_ds>
		<code_anat>T3</code_anat>
		<ds>S25.3</ds>
	</ksg_anat_ds>
	<ksg_anat_ds>
		<code_anat>T3</code_anat>
		<ds>S25.4</ds>
	</ksg_anat_ds>
	<ksg_anat_ds>
		<code_anat>T3</code_anat>
		<ds>S25.5</ds>
	</ksg_anat_ds>
	<ksg_anat_ds>
		<code_anat>T3</code_anat>
		<ds>S25.7</ds>
	</ksg_anat_ds>
	<ksg_anat_ds>
		<code_anat>T3</code_anat>
		<ds>S25.8</ds>
	</ksg_anat_ds>
	<ksg_anat_ds>
		<code_anat>T3</code_anat>
		<ds>S25.9</ds>
	</ksg_anat_ds>
	<ksg_anat_ds>
		<code_anat>T3</code_anat>
		<ds>S26.0</ds>
	</ksg_anat_ds>
	<ksg_anat_ds>
		<code_anat>T3</code_anat>
		<ds>S27.0</ds>
	</ksg_anat_ds>
	<ksg_anat_ds>
		<code_anat>T3</code_anat>
		<ds>S27.1</ds>
	</ksg_anat_ds>
	<ksg_anat_ds>
		<code_anat>T3</code_anat>
		<ds>S27.2</ds>
	</ksg_anat_ds>
	<ksg_anat_ds>
		<code_anat>T3</code_anat>
		<ds>S27.4</ds>
	</ksg_anat_ds>
	<ksg_anat_ds>
		<code_anat>T3</code_anat>
		<ds>S27.5</ds>
	</ksg_anat_ds>
	<ksg_anat_ds>
		<code_anat>T3</code_anat>
		<ds>S27.6</ds>
	</ksg_anat_ds>
	<ksg_anat_ds>
		<code_anat>T3</code_anat>
		<ds>S27.8</ds>
	</ksg_anat_ds>
	<ksg_anat_ds>
		<code_anat>T3</code_anat>
		<ds>S28.0</ds>
	</ksg_anat_ds>
	<ksg_anat_ds>
		<code_anat>T3</code_anat>
		<ds>S28.1</ds>
	</ksg_anat_ds>
	<ksg_anat_ds>
		<code_anat>T4</code_anat>
		<ds>S35.0</ds>
	</ksg_anat_ds>
	<ksg_anat_ds>
		<code_anat>T4</code_anat>
		<ds>S35.1</ds>
	</ksg_anat_ds>
	<ksg_anat_ds>
		<code_anat>T4</code_anat>
		<ds>S35.2</ds>
	</ksg_anat_ds>
	<ksg_anat_ds>
		<code_anat>T4</code_anat>
		<ds>S35.3</ds>
	</ksg_anat_ds>
	<ksg_anat_ds>
		<code_anat>T4</code_anat>
		<ds>S35.4</ds>
	</ksg_anat_ds>
	<ksg_anat_ds>
		<code_anat>T4</code_anat>
		<ds>S35.5</ds>
	</ksg_anat_ds>
	<ksg_anat_ds>
		<code_anat>T4</code_anat>
		<ds>S35.7</ds>
	</ksg_anat_ds>
	<ksg_anat_ds>
		<code_anat>T4</code_anat>
		<ds>S35.8</ds>
	</ksg_anat_ds>
	<ksg_anat_ds>
		<code_anat>T4</code_anat>
		<ds>S35.9</ds>
	</ksg_anat_ds>
	<ksg_anat_ds>
		<code_anat>T4</code_anat>
		<ds>S36.0</ds>
	</ksg_anat_ds>
	<ksg_anat_ds>
		<code_anat>T4</code_anat>
		<ds>S36.1</ds>
	</ksg_anat_ds>
	<ksg_anat_ds>
		<code_anat>T4</code_anat>
		<ds>S36.2</ds>
	</ksg_anat_ds>
	<ksg_anat_ds>
		<code_anat>T4</code_anat>
		<ds>S36.3</ds>
	</ksg_anat_ds>
	<ksg_anat_ds>
		<code_anat>T4</code_anat>
		<ds>S36.4</ds>
	</ksg_anat_ds>
	<ksg_anat_ds>
		<code_anat>T4</code_anat>
		<ds>S36.5</ds>
	</ksg_anat_ds>
	<ksg_anat_ds>
		<code_anat>T4</code_anat>
		<ds>S36.8</ds>
	</ksg_anat_ds>
	<ksg_anat_ds>
		<code_anat>T4</code_anat>
		<ds>S36.9</ds>
	</ksg_anat_ds>
	<ksg_anat_ds>
		<code_anat>T4</code_anat>
		<ds>S37.0</ds>
	</ksg_anat_ds>
	<ksg_anat_ds>
		<code_anat>T4</code_anat>
		<ds>S38.1</ds>
	</ksg_anat_ds>
	<ksg_anat_ds>
		<code_anat>T4</code_anat>
		<ds>S38.3</ds>
	</ksg_anat_ds>
	<ksg_anat_ds>
		<code_anat>T5</code_anat>
		<ds>S32.3</ds>
	</ksg_anat_ds>
	<ksg_anat_ds>
		<code_anat>T5</code_anat>
		<ds>S32.4</ds>
	</ksg_anat_ds>
	<ksg_anat_ds>
		<code_anat>T5</code_anat>
		<ds>S32.5</ds>
	</ksg_anat_ds>
	<ksg_anat_ds>
		<code_anat>T5</code_anat>
		<ds>S36.6</ds>
	</ksg_anat_ds>
	<ksg_anat_ds>
		<code_anat>T5</code_anat>
		<ds>S37.1</ds>
	</ksg_anat_ds>
	<ksg_anat_ds>
		<code_anat>T5</code_anat>
		<ds>S37.2</ds>
	</ksg_anat_ds>
	<ksg_anat_ds>
		<code_anat>T5</code_anat>
		<ds>S37.4</ds>
	</ksg_anat_ds>
	<ksg_anat_ds>
		<code_anat>T5</code_anat>
		<ds>S37.5</ds>
	</ksg_anat_ds>
	<ksg_anat_ds>
		<code_anat>T5</code_anat>
		<ds>S37.6</ds>
	</ksg_anat_ds>
	<ksg_anat_ds>
		<code_anat>T5</code_anat>
		<ds>S37.8</ds>
	</ksg_anat_ds>
	<ksg_anat_ds>
		<code_anat>T5</code_anat>
		<ds>S38.0</ds>
	</ksg_anat_ds>
	<ksg_anat_ds>
		<code_anat>T5</code_anat>
		<ds>S38.2</ds>
	</ksg_anat_ds>
	<ksg_anat_ds>
		<code_anat>T6</code_anat>
		<ds>S42.2</ds>
	</ksg_anat_ds>
	<ksg_anat_ds>
		<code_anat>T6</code_anat>
		<ds>S42.3</ds>
	</ksg_anat_ds>
	<ksg_anat_ds>
		<code_anat>T6</code_anat>
		<ds>S42.4</ds>
	</ksg_anat_ds>
	<ksg_anat_ds>
		<code_anat>T6</code_anat>
		<ds>S42.8</ds>
	</ksg_anat_ds>
	<ksg_anat_ds>
		<code_anat>T6</code_anat>
		<ds>S45.0</ds>
	</ksg_anat_ds>
	<ksg_anat_ds>
		<code_anat>T6</code_anat>
		<ds>S45.1</ds>
	</ksg_anat_ds>
	<ksg_anat_ds>
		<code_anat>T6</code_anat>
		<ds>S45.2</ds>
	</ksg_anat_ds>
	<ksg_anat_ds>
		<code_anat>T6</code_anat>
		<ds>S45.7</ds>
	</ksg_anat_ds>
	<ksg_anat_ds>
		<code_anat>T6</code_anat>
		<ds>S45.8</ds>
	</ksg_anat_ds>
	<ksg_anat_ds>
		<code_anat>T6</code_anat>
		<ds>S47</ds>
	</ksg_anat_ds>
	<ksg_anat_ds>
		<code_anat>T6</code_anat>
		<ds>S48.0</ds>
	</ksg_anat_ds>
	<ksg_anat_ds>
		<code_anat>T6</code_anat>
		<ds>S48.1</ds>
	</ksg_anat_ds>
	<ksg_anat_ds>
		<code_anat>T6</code_anat>
		<ds>S48.9</ds>
	</ksg_anat_ds>
	<ksg_anat_ds>
		<code_anat>T6</code_anat>
		<ds>S52.7</ds>
	</ksg_anat_ds>
	<ksg_anat_ds>
		<code_anat>T6</code_anat>
		<ds>S55.0</ds>
	</ksg_anat_ds>
	<ksg_anat_ds>
		<code_anat>T6</code_anat>
		<ds>S55.1</ds>
	</ksg_anat_ds>
	<ksg_anat_ds>
		<code_anat>T6</code_anat>
		<ds>S55.7</ds>
	</ksg_anat_ds>
	<ksg_anat_ds>
		<code_anat>T6</code_anat>
		<ds>S55.8</ds>
	</ksg_anat_ds>
	<ksg_anat_ds>
		<code_anat>T6</code_anat>
		<ds>S57.0</ds>
	</ksg_anat_ds>
	<ksg_anat_ds>
		<code_anat>T6</code_anat>
		<ds>S57.8</ds>
	</ksg_anat_ds>
	<ksg_anat_ds>
		<code_anat>T6</code_anat>
		<ds>S57.9</ds>
	</ksg_anat_ds>
	<ksg_anat_ds>
		<code_anat>T6</code_anat>
		<ds>S58.0</ds>
	</ksg_anat_ds>
	<ksg_anat_ds>
		<code_anat>T6</code_anat>
		<ds>S58.1</ds>
	</ksg_anat_ds>
	<ksg_anat_ds>
		<code_anat>T6</code_anat>
		<ds>S58.9</ds>
	</ksg_anat_ds>
	<ksg_anat_ds>
		<code_anat>T6</code_anat>
		<ds>S68.4</ds>
	</ksg_anat_ds>
	<ksg_anat_ds>
		<code_anat>T6</code_anat>
		<ds>S71.7</ds>
	</ksg_anat_ds>
	<ksg_anat_ds>
		<code_anat>T6</code_anat>
		<ds>S72.0</ds>
	</ksg_anat_ds>
	<ksg_anat_ds>
		<code_anat>T6</code_anat>
		<ds>S72.1</ds>
	</ksg_anat_ds>
	<ksg_anat_ds>
		<code_anat>T6</code_anat>
		<ds>S72.2</ds>
	</ksg_anat_ds>
	<ksg_anat_ds>
		<code_anat>T6</code_anat>
		<ds>S72.3</ds>
	</ksg_anat_ds>
	<ksg_anat_ds>
		<code_anat>T6</code_anat>
		<ds>S72.4</ds>
	</ksg_anat_ds>
	<ksg_anat_ds>
		<code_anat>T6</code_anat>
		<ds>S72.7</ds>
	</ksg_anat_ds>
	<ksg_anat_ds>
		<code_anat>T6</code_anat>
		<ds>S75.0</ds>
	</ksg_anat_ds>
	<ksg_anat_ds>
		<code_anat>T6</code_anat>
		<ds>S75.1</ds>
	</ksg_anat_ds>
	<ksg_anat_ds>
		<code_anat>T6</code_anat>
		<ds>S75.2</ds>
	</ksg_anat_ds>
	<ksg_anat_ds>
		<code_anat>T6</code_anat>
		<ds>S75.7</ds>
	</ksg_anat_ds>
	<ksg_anat_ds>
		<code_anat>T6</code_anat>
		<ds>S75.8</ds>
	</ksg_anat_ds>
	<ksg_anat_ds>
		<code_anat>T6</code_anat>
		<ds>S77.0</ds>
	</ksg_anat_ds>
	<ksg_anat_ds>
		<code_anat>T6</code_anat>
		<ds>S77.1</ds>
	</ksg_anat_ds>
	<ksg_anat_ds>
		<code_anat>T6</code_anat>
		<ds>S77.2</ds>
	</ksg_anat_ds>
	<ksg_anat_ds>
		<code_anat>T6</code_anat>
		<ds>S78.0</ds>
	</ksg_anat_ds>
	<ksg_anat_ds>
		<code_anat>T6</code_anat>
		<ds>S78.1</ds>
	</ksg_anat_ds>
	<ksg_anat_ds>
		<code_anat>T6</code_anat>
		<ds>S78.9</ds>
	</ksg_anat_ds>
	<ksg_anat_ds>
		<code_anat>T6</code_anat>
		<ds>S79.7</ds>
	</ksg_anat_ds>
	<ksg_anat_ds>
		<code_anat>T6</code_anat>
		<ds>S82.1</ds>
	</ksg_anat_ds>
	<ksg_anat_ds>
		<code_anat>T6</code_anat>
		<ds>S82.2</ds>
	</ksg_anat_ds>
	<ksg_anat_ds>
		<code_anat>T6</code_anat>
		<ds>S82.3</ds>
	</ksg_anat_ds>
	<ksg_anat_ds>
		<code_anat>T6</code_anat>
		<ds>S82.7</ds>
	</ksg_anat_ds>
	<ksg_anat_ds>
		<code_anat>T6</code_anat>
		<ds>S85.0</ds>
	</ksg_anat_ds>
	<ksg_anat_ds>
		<code_anat>T6</code_anat>
		<ds>S85.1</ds>
	</ksg_anat_ds>
	<ksg_anat_ds>
		<code_anat>T6</code_anat>
		<ds>S85.5</ds>
	</ksg_anat_ds>
	<ksg_anat_ds>
		<code_anat>T6</code_anat>
		<ds>S85.7</ds>
	</ksg_anat_ds>
	<ksg_anat_ds>
		<code_anat>T6</code_anat>
		<ds>S87.0</ds>
	</ksg_anat_ds>
	<ksg_anat_ds>
		<code_anat>T6</code_anat>
		<ds>S87.8</ds>
	</ksg_anat_ds>
	<ksg_anat_ds>
		<code_anat>T6</code_anat>
		<ds>S88.0</ds>
	</ksg_anat_ds>
	<ksg_anat_ds>
		<code_anat>T6</code_anat>
		<ds>S88.1</ds>
	</ksg_anat_ds>
	<ksg_anat_ds>
		<code_anat>T6</code_anat>
		<ds>S88.9</ds>
	</ksg_anat_ds>
	<ksg_anat_ds>
		<code_anat>T6</code_anat>
		<ds>S95.7</ds>
	</ksg_anat_ds>
	<ksg_anat_ds>
		<code_anat>T6</code_anat>
		<ds>S95.8</ds>
	</ksg_anat_ds>
	<ksg_anat_ds>
		<code_anat>T6</code_anat>
		<ds>S95.9</ds>
	</ksg_anat_ds>
	<ksg_anat_ds>
		<code_anat>T6</code_anat>
		<ds>S97.0</ds>
	</ksg_anat_ds>
	<ksg_anat_ds>
		<code_anat>T6</code_anat>
		<ds>S97.8</ds>
	</ksg_anat_ds>
	<ksg_anat_ds>
		<code_anat>T6</code_anat>
		<ds>S98.0</ds>
	</ksg_anat_ds>
	<ksg_anat_ds>
		<code_anat>T7</code_anat>
		<ds>S02.7</ds>
	</ksg_anat_ds>
	<ksg_anat_ds>
		<code_anat>T7</code_anat>
		<ds>S12.7</ds>
	</ksg_anat_ds>
	<ksg_anat_ds>
		<code_anat>T7</code_anat>
		<ds>S22.1</ds>
	</ksg_anat_ds>
	<ksg_anat_ds>
		<code_anat>T7</code_anat>
		<ds>S27.7</ds>
	</ksg_anat_ds>
	<ksg_anat_ds>
		<code_anat>T7</code_anat>
		<ds>S29.7</ds>
	</ksg_anat_ds>
	<ksg_anat_ds>
		<code_anat>T7</code_anat>
		<ds>S31.7</ds>
	</ksg_anat_ds>
	<ksg_anat_ds>
		<code_anat>T7</code_anat>
		<ds>S32.7</ds>
	</ksg_anat_ds>
	<ksg_anat_ds>
		<code_anat>T7</code_anat>
		<ds>S36.7</ds>
	</ksg_anat_ds>
	<ksg_anat_ds>
		<code_anat>T7</code_anat>
		<ds>S37.7</ds>
	</ksg_anat_ds>
	<ksg_anat_ds>
		<code_anat>T7</code_anat>
		<ds>S39.6</ds>
	</ksg_anat_ds>
	<ksg_anat_ds>
		<code_anat>T7</code_anat>
		<ds>S39.7</ds>
	</ksg_anat_ds>
	<ksg_anat_ds>
		<code_anat>T7</code_anat>
		<ds>S42.7</ds>
	</ksg_anat_ds>
	<ksg_anat_ds>
		<code_anat>T7</code_anat>
		<ds>S49.7</ds>
	</ksg_anat_ds>
	<ksg_anat_ds>
		<code_anat>T7</code_anat>
		<ds>T01.1</ds>
	</ksg_anat_ds>
	<ksg_anat_ds>
		<code_anat>T7</code_anat>
		<ds>T01.8</ds>
	</ksg_anat_ds>
	<ksg_anat_ds>
		<code_anat>T7</code_anat>
		<ds>T01.9</ds>
	</ksg_anat_ds>
	<ksg_anat_ds>
		<code_anat>T7</code_anat>
		<ds>T02.0</ds>
	</ksg_anat_ds>
	<ksg_anat_ds>
		<code_anat>T7</code_anat>
		<ds>T02.1</ds>
	</ksg_anat_ds>
	<ksg_anat_ds>
		<code_anat>T7</code_anat>
		<ds>T02.2</ds>
	</ksg_anat_ds>
	<ksg_anat_ds>
		<code_anat>T7</code_anat>
		<ds>T02.3</ds>
	</ksg_anat_ds>
	<ksg_anat_ds>
		<code_anat>T7</code_anat>
		<ds>T02.4</ds>
	</ksg_anat_ds>
	<ksg_anat_ds>
		<code_anat>T7</code_anat>
		<ds>T02.5</ds>
	</ksg_anat_ds>
	<ksg_anat_ds>
		<code_anat>T7</code_anat>
		<ds>T02.6</ds>
	</ksg_anat_ds>
	<ksg_anat_ds>
		<code_anat>T7</code_anat>
		<ds>T02.7</ds>
	</ksg_anat_ds>
	<ksg_anat_ds>
		<code_anat>T7</code_anat>
		<ds>T02.8</ds>
	</ksg_anat_ds>
	<ksg_anat_ds>
		<code_anat>T7</code_anat>
		<ds>T02.9</ds>
	</ksg_anat_ds>
	<ksg_anat_ds>
		<code_anat>T7</code_anat>
		<ds>T04.0</ds>
	</ksg_anat_ds>
	<ksg_anat_ds>
		<code_anat>T7</code_anat>
		<ds>T04.1</ds>
	</ksg_anat_ds>
	<ksg_anat_ds>
		<code_anat>T7</code_anat>
		<ds>T04.2</ds>
	</ksg_anat_ds>
	<ksg_anat_ds>
		<code_anat>T7</code_anat>
		<ds>T04.3</ds>
	</ksg_anat_ds>
	<ksg_anat_ds>
		<code_anat>T7</code_anat>
		<ds>T04.4</ds>
	</ksg_anat_ds>
	<ksg_anat_ds>
		<code_anat>T7</code_anat>
		<ds>T04.7</ds>
	</ksg_anat_ds>
	<ksg_anat_ds>
		<code_anat>T7</code_anat>
		<ds>T04.8</ds>
	</ksg_anat_ds>
	<ksg_anat_ds>
		<code_anat>T7</code_anat>
		<ds>T04.9</ds>
	</ksg_anat_ds>
	<ksg_anat_ds>
		<code_anat>T7</code_anat>
		<ds>T05.0</ds>
	</ksg_anat_ds>
	<ksg_anat_ds>
		<code_anat>T7</code_anat>
		<ds>T05.1</ds>
	</ksg_anat_ds>
	<ksg_anat_ds>
		<code_anat>T7</code_anat>
		<ds>T05.2</ds>
	</ksg_anat_ds>
	<ksg_anat_ds>
		<code_anat>T7</code_anat>
		<ds>T05.3</ds>
	</ksg_anat_ds>
	<ksg_anat_ds>
		<code_anat>T7</code_anat>
		<ds>T05.4</ds>
	</ksg_anat_ds>
	<ksg_anat_ds>
		<code_anat>T7</code_anat>
		<ds>T05.5</ds>
	</ksg_anat_ds>
	<ksg_anat_ds>
		<code_anat>T7</code_anat>
		<ds>T05.6</ds>
	</ksg_anat_ds>
	<ksg_anat_ds>
		<code_anat>T7</code_anat>
		<ds>T05.8</ds>
	</ksg_anat_ds>
	<ksg_anat_ds>
		<code_anat>T7</code_anat>
		<ds>T05.9</ds>
	</ksg_anat_ds>
	<ksg_anat_ds>
		<code_anat>T7</code_anat>
		<ds>T06.0</ds>
	</ksg_anat_ds>
	<ksg_anat_ds>
		<code_anat>T7</code_anat>
		<ds>T06.1</ds>
	</ksg_anat_ds>
	<ksg_anat_ds>
		<code_anat>T7</code_anat>
		<ds>T06.2</ds>
	</ksg_anat_ds>
	<ksg_anat_ds>
		<code_anat>T7</code_anat>
		<ds>T06.3</ds>
	</ksg_anat_ds>
	<ksg_anat_ds>
		<code_anat>T7</code_anat>
		<ds>T06.4</ds>
	</ksg_anat_ds>
	<ksg_anat_ds>
		<code_anat>T7</code_anat>
		<ds>T06.5</ds>
	</ksg_anat_ds>
	<ksg_anat_ds>
		<code_anat>T7</code_anat>
		<ds>T06.8</ds>
	</ksg_anat_ds>
	<ksg_anat_ds>
		<code_anat>T7</code_anat>
		<ds>T07</ds>
	</ksg_anat_ds>
</VFPData>
