<?xml version = "1.0" encoding="Windows-1251" standalone="yes"?>
<VFPData>
	<xsd:schema id="VFPData" xmlns:xsd="http://www.w3.org/2001/XMLSchema" xmlns:msdata="urn:schemas-microsoft-com:xml-msdata">
		<xsd:element name="VFPData" msdata:IsDataSet="true">
			<xsd:complexType>
				<xsd:choice maxOccurs="unbounded">
					<xsd:element name="ksg_path" minOccurs="0" maxOccurs="unbounded">
						<xsd:complexType>
							<xsd:sequence>
								<xsd:element name="id">
									<xsd:simpleType>
										<xsd:restriction base="xsd:decimal">
											<xsd:totalDigits value="11"/>
											<xsd:fractionDigits value="0"/>
										</xsd:restriction>
									</xsd:simpleType>
								</xsd:element>
								<xsd:element name="ds_b">
									<xsd:simpleType>
										<xsd:restriction base="xsd:string">
											<xsd:maxLength value="6"/>
										</xsd:restriction>
									</xsd:simpleType>
								</xsd:element>
								<xsd:element name="ds_e">
									<xsd:simpleType>
										<xsd:restriction base="xsd:string">
											<xsd:maxLength value="6"/>
										</xsd:restriction>
									</xsd:simpleType>
								</xsd:element>
								<xsd:element name="orphan">
									<xsd:simpleType>
										<xsd:restriction base="xsd:decimal">
											<xsd:totalDigits value="3"/>
											<xsd:fractionDigits value="0"/>
										</xsd:restriction>
									</xsd:simpleType>
								</xsd:element>
							</xsd:sequence>
						</xsd:complexType>
					</xsd:element>
				</xsd:choice>
				<xsd:anyAttribute namespace="http://www.w3.org/XML/1998/namespace" processContents="lax"/>
			</xsd:complexType>
		</xsd:element>
	</xsd:schema>
	<ksg_path>
		<id>1</id>
		<ds_b>E10.0</ds_b>
		<ds_e>E11.9</ds_e>
		<orphan>0</orphan>
	</ksg_path>
	<ksg_path>
		<id>2</id>
		<ds_b>G35</ds_b>
		<ds_e>G35</ds_e>
		<orphan>0</orphan>
	</ksg_path>
	<ksg_path>
		<id>3</id>
		<ds_b>C91.1</ds_b>
		<ds_e>C91.1</ds_e>
		<orphan>0</orphan>
	</ksg_path>
	<ksg_path>
		<id>4</id>
		<ds_b>Z94.0</ds_b>
		<ds_e>Z94.1</ds_e>
		<orphan>0</orphan>
	</ksg_path>
	<ksg_path>
		<id>5</id>
		<ds_b>Z94.4</ds_b>
		<ds_e>Z94.4</ds_e>
		<orphan>0</orphan>
	</ksg_path>
	<ksg_path>
		<id>6</id>
		<ds_b>Z94.8</ds_b>
		<ds_e>Z94.8</ds_e>
		<orphan>0</orphan>
	</ksg_path>
	<ksg_path>
		<id>7</id>
		<ds_b>G80.0</ds_b>
		<ds_e>G80.9</ds_e>
		<orphan>0</orphan>
	</ksg_path>
	<ksg_path>
		<id>8</id>
		<ds_b>B20.0</ds_b>
		<ds_e>B24.9</ds_e>
		<orphan>0</orphan>
	</ksg_path>
	<ksg_path>
		<id>9</id>
		<ds_b>Z20.6</ds_b>
		<ds_e>Z20.6</ds_e>
		<orphan>0</orphan>
	</ksg_path>
	<ksg_path>
		<id>10</id>
		<ds_b>B37.2</ds_b>
		<ds_e>B37.2</ds_e>
		<orphan>1</orphan>
	</ksg_path>
	<ksg_path>
		<id>11</id>
		<ds_b>B46.0</ds_b>
		<ds_e>B46.9</ds_e>
		<orphan>1</orphan>
	</ksg_path>
	<ksg_path>
		<id>12</id>
		<ds_b>C00.0</ds_b>
		<ds_e>C00.9</ds_e>
		<orphan>1</orphan>
	</ksg_path>
	<ksg_path>
		<id>13</id>
		<ds_b>C01</ds_b>
		<ds_e>C09.9</ds_e>
		<orphan>1</orphan>
	</ksg_path>
	<ksg_path>
		<id>14</id>
		<ds_b>C11.0</ds_b>
		<ds_e>C11.9</ds_e>
		<orphan>1</orphan>
	</ksg_path>
	<ksg_path>
		<id>15</id>
		<ds_b>C10</ds_b>
		<ds_e>C10.9</ds_e>
		<orphan>1</orphan>
	</ksg_path>
	<ksg_path>
		<id>16</id>
		<ds_b>C12</ds_b>
		<ds_e>C13.9</ds_e>
		<orphan>1</orphan>
	</ksg_path>
	<ksg_path>
		<id>17</id>
		<ds_b>C30</ds_b>
		<ds_e>C31.9</ds_e>
		<orphan>1</orphan>
	</ksg_path>
	<ksg_path>
		<id>18</id>
		<ds_b>C32.0</ds_b>
		<ds_e>C32.9</ds_e>
		<orphan>1</orphan>
	</ksg_path>
	<ksg_path>
		<id>19</id>
		<ds_b>C15.0</ds_b>
		<ds_e>C15.9</ds_e>
		<orphan>1</orphan>
	</ksg_path>
	<ksg_path>
		<id>20</id>
		<ds_b>C22.0</ds_b>
		<ds_e>C22.9</ds_e>
		<orphan>1</orphan>
	</ksg_path>
	<ksg_path>
		<id>21</id>
		<ds_b>C23</ds_b>
		<ds_e>C24.9</ds_e>
		<orphan>1</orphan>
	</ksg_path>
	<ksg_path>
		<id>22</id>
		<ds_b>C43.0</ds_b>
		<ds_e>C43.9</ds_e>
		<orphan>1</orphan>
	</ksg_path>
	<ksg_path>
		<id>23</id>
		<ds_b>C00.0</ds_b>
		<ds_e>C26.9</ds_e>
		<orphan>1</orphan>
	</ksg_path>
	<ksg_path>
		<id>24</id>
		<ds_b>C30.0</ds_b>
		<ds_e>C34.9</ds_e>
		<orphan>1</orphan>
	</ksg_path>
	<ksg_path>
		<id>25</id>
		<ds_b>C52</ds_b>
		<ds_e>C57.9</ds_e>
		<orphan>1</orphan>
	</ksg_path>
	<ksg_path>
		<id>26</id>
		<ds_b>C61</ds_b>
		<ds_e>C62.9</ds_e>
		<orphan>1</orphan>
	</ksg_path>
	<ksg_path>
		<id>27</id>
		<ds_b>C64</ds_b>
		<ds_e>C68.9</ds_e>
		<orphan>1</orphan>
	</ksg_path>
	<ksg_path>
		<id>28</id>
		<ds_b>C70.0</ds_b>
		<ds_e>C75.9</ds_e>
		<orphan>1</orphan>
	</ksg_path>
	<ksg_path>
		<id>29</id>
		<ds_b>C45.0</ds_b>
		<ds_e>C45.9</ds_e>
		<orphan>1</orphan>
	</ksg_path>
	<ksg_path>
		<id>30</id>
		<ds_b>C60.0</ds_b>
		<ds_e>C60.9</ds_e>
		<orphan>1</orphan>
	</ksg_path>
	<ksg_path>
		<id>31</id>
		<ds_b>C51.0</ds_b>
		<ds_e>C51.9</ds_e>
		<orphan>1</orphan>
	</ksg_path>
	<ksg_path>
		<id>32</id>
		<ds_b>C62.0</ds_b>
		<ds_e>C62.9</ds_e>
		<orphan>1</orphan>
	</ksg_path>
	<ksg_path>
		<id>33</id>
		<ds_b>C58</ds_b>
		<ds_e>C58.9</ds_e>
		<orphan>1</orphan>
	</ksg_path>
	<ksg_path>
		<id>34</id>
		<ds_b>C65.0</ds_b>
		<ds_e>C66.9</ds_e>
		<orphan>1</orphan>
	</ksg_path>
	<ksg_path>
		<id>35</id>
		<ds_b>C74.1</ds_b>
		<ds_e>C74.1</ds_e>
		<orphan>1</orphan>
	</ksg_path>
	<ksg_path>
		<id>36</id>
		<ds_b>C18.9</ds_b>
		<ds_e>C18.9</ds_e>
		<orphan>1</orphan>
	</ksg_path>
	<ksg_path>
		<id>37</id>
		<ds_b>C37</ds_b>
		<ds_e>C37</ds_e>
		<orphan>1</orphan>
	</ksg_path>
	<ksg_path>
		<id>38</id>
		<ds_b>C38.2</ds_b>
		<ds_e>C38.2</ds_e>
		<orphan>1</orphan>
	</ksg_path>
	<ksg_path>
		<id>39</id>
		<ds_b>C47.3</ds_b>
		<ds_e>C47.6</ds_e>
		<orphan>1</orphan>
	</ksg_path>
	<ksg_path>
		<id>40</id>
		<ds_b>C47.8</ds_b>
		<ds_e>C47.9</ds_e>
		<orphan>1</orphan>
	</ksg_path>
	<ksg_path>
		<id>41</id>
		<ds_b>C48.0</ds_b>
		<ds_e>C48.0</ds_e>
		<orphan>1</orphan>
	</ksg_path>
	<ksg_path>
		<id>42</id>
		<ds_b>C49.0</ds_b>
		<ds_e>C49.9</ds_e>
		<orphan>1</orphan>
	</ksg_path>
	<ksg_path>
		<id>43</id>
		<ds_b>C76.0</ds_b>
		<ds_e>C76.3</ds_e>
		<orphan>1</orphan>
	</ksg_path>
	<ksg_path>
		<id>44</id>
		<ds_b>C76.7</ds_b>
		<ds_e>C76.8</ds_e>
		<orphan>1</orphan>
	</ksg_path>
	<ksg_path>
		<id>45</id>
		<ds_b>C40.0</ds_b>
		<ds_e>C41.9</ds_e>
		<orphan>1</orphan>
	</ksg_path>
	<ksg_path>
		<id>46</id>
		<ds_b>C47.0</ds_b>
		<ds_e>C49.9</ds_e>
		<orphan>1</orphan>
	</ksg_path>
	<ksg_path>
		<id>47</id>
		<ds_b>C44.0</ds_b>
		<ds_e>C44.9</ds_e>
		<orphan>1</orphan>
	</ksg_path>
	<ksg_path>
		<id>48</id>
		<ds_b>C69.2</ds_b>
		<ds_e>C69.2</ds_e>
		<orphan>1</orphan>
	</ksg_path>
	<ksg_path>
		<id>49</id>
		<ds_b>C71.0</ds_b>
		<ds_e>C71.9</ds_e>
		<orphan>1</orphan>
	</ksg_path>
	<ksg_path>
		<id>50</id>
		<ds_b>C73</ds_b>
		<ds_e>C73</ds_e>
		<orphan>1</orphan>
	</ksg_path>
	<ksg_path>
		<id>51</id>
		<ds_b>C74.0</ds_b>
		<ds_e>C74.0</ds_e>
		<orphan>1</orphan>
	</ksg_path>
	<ksg_path>
		<id>52</id>
		<ds_b>C81.1</ds_b>
		<ds_e>C81.3</ds_e>
		<orphan>1</orphan>
	</ksg_path>
	<ksg_path>
		<id>53</id>
		<ds_b>C81.7</ds_b>
		<ds_e>C81.7</ds_e>
		<orphan>1</orphan>
	</ksg_path>
	<ksg_path>
		<id>54</id>
		<ds_b>C81.9</ds_b>
		<ds_e>C81.9</ds_e>
		<orphan>1</orphan>
	</ksg_path>
	<ksg_path>
		<id>55</id>
		<ds_b>C82.0</ds_b>
		<ds_e>C82.2</ds_e>
		<orphan>1</orphan>
	</ksg_path>
	<ksg_path>
		<id>56</id>
		<ds_b>C82.7</ds_b>
		<ds_e>C82.9</ds_e>
		<orphan>1</orphan>
	</ksg_path>
	<ksg_path>
		<id>57</id>
		<ds_b>C83.0</ds_b>
		<ds_e>C83.9</ds_e>
		<orphan>1</orphan>
	</ksg_path>
	<ksg_path>
		<id>58</id>
		<ds_b>C84.0</ds_b>
		<ds_e>C84.5</ds_e>
		<orphan>1</orphan>
	</ksg_path>
	<ksg_path>
		<id>59</id>
		<ds_b>C85.0</ds_b>
		<ds_e>C85.1</ds_e>
		<orphan>1</orphan>
	</ksg_path>
	<ksg_path>
		<id>60</id>
		<ds_b>C85.7</ds_b>
		<ds_e>C85.7</ds_e>
		<orphan>1</orphan>
	</ksg_path>
	<ksg_path>
		<id>61</id>
		<ds_b>C85.9</ds_b>
		<ds_e>C85.9</ds_e>
		<orphan>1</orphan>
	</ksg_path>
	<ksg_path>
		<id>62</id>
		<ds_b>C86.0</ds_b>
		<ds_e>C86.6</ds_e>
		<orphan>1</orphan>
	</ksg_path>
	<ksg_path>
		<id>63</id>
		<ds_b>C88.0</ds_b>
		<ds_e>C88.0</ds_e>
		<orphan>1</orphan>
	</ksg_path>
	<ksg_path>
		<id>64</id>
		<ds_b>C88.2</ds_b>
		<ds_e>C88.4</ds_e>
		<orphan>1</orphan>
	</ksg_path>
	<ksg_path>
		<id>65</id>
		<ds_b>C88.7</ds_b>
		<ds_e>C88.7</ds_e>
		<orphan>1</orphan>
	</ksg_path>
	<ksg_path>
		<id>66</id>
		<ds_b>C88.9</ds_b>
		<ds_e>C88.9</ds_e>
		<orphan>1</orphan>
	</ksg_path>
	<ksg_path>
		<id>67</id>
		<ds_b>C90.0</ds_b>
		<ds_e>C90.2</ds_e>
		<orphan>1</orphan>
	</ksg_path>
	<ksg_path>
		<id>68</id>
		<ds_b>C91.0</ds_b>
		<ds_e>C91.0</ds_e>
		<orphan>1</orphan>
	</ksg_path>
	<ksg_path>
		<id>69</id>
		<ds_b>C91.3</ds_b>
		<ds_e>C91.4</ds_e>
		<orphan>1</orphan>
	</ksg_path>
	<ksg_path>
		<id>70</id>
		<ds_b>C91.7</ds_b>
		<ds_e>C91.7</ds_e>
		<orphan>1</orphan>
	</ksg_path>
	<ksg_path>
		<id>71</id>
		<ds_b>C91.9</ds_b>
		<ds_e>C91.9</ds_e>
		<orphan>1</orphan>
	</ksg_path>
	<ksg_path>
		<id>72</id>
		<ds_b>C92.0</ds_b>
		<ds_e>C92.0</ds_e>
		<orphan>1</orphan>
	</ksg_path>
	<ksg_path>
		<id>73</id>
		<ds_b>C92.1</ds_b>
		<ds_e>C92.1</ds_e>
		<orphan>1</orphan>
	</ksg_path>
	<ksg_path>
		<id>74</id>
		<ds_b>C92.2</ds_b>
		<ds_e>C92.2</ds_e>
		<orphan>1</orphan>
	</ksg_path>
	<ksg_path>
		<id>75</id>
		<ds_b>C92.3</ds_b>
		<ds_e>C92.3</ds_e>
		<orphan>1</orphan>
	</ksg_path>
	<ksg_path>
		<id>76</id>
		<ds_b>C92.4</ds_b>
		<ds_e>C92.4</ds_e>
		<orphan>1</orphan>
	</ksg_path>
	<ksg_path>
		<id>77</id>
		<ds_b>C92.5</ds_b>
		<ds_e>C92.5</ds_e>
		<orphan>1</orphan>
	</ksg_path>
	<ksg_path>
		<id>78</id>
		<ds_b>C92.7</ds_b>
		<ds_e>C92.7</ds_e>
		<orphan>1</orphan>
	</ksg_path>
	<ksg_path>
		<id>79</id>
		<ds_b>C92.9</ds_b>
		<ds_e>C92.9</ds_e>
		<orphan>1</orphan>
	</ksg_path>
	<ksg_path>
		<id>80</id>
		<ds_b>C93.0</ds_b>
		<ds_e>C93.0</ds_e>
		<orphan>1</orphan>
	</ksg_path>
	<ksg_path>
		<id>81</id>
		<ds_b>C93.1</ds_b>
		<ds_e>C93.1</ds_e>
		<orphan>1</orphan>
	</ksg_path>
	<ksg_path>
		<id>82</id>
		<ds_b>C93.3</ds_b>
		<ds_e>C93.3</ds_e>
		<orphan>1</orphan>
	</ksg_path>
	<ksg_path>
		<id>83</id>
		<ds_b>C93.7</ds_b>
		<ds_e>C93.7</ds_e>
		<orphan>1</orphan>
	</ksg_path>
	<ksg_path>
		<id>84</id>
		<ds_b>C93.9</ds_b>
		<ds_e>C93.9</ds_e>
		<orphan>1</orphan>
	</ksg_path>
	<ksg_path>
		<id>85</id>
		<ds_b>C94.0</ds_b>
		<ds_e>C94.0</ds_e>
		<orphan>1</orphan>
	</ksg_path>
	<ksg_path>
		<id>86</id>
		<ds_b>C94.2</ds_b>
		<ds_e>C94.2</ds_e>
		<orphan>1</orphan>
	</ksg_path>
	<ksg_path>
		<id>87</id>
		<ds_b>C94.3</ds_b>
		<ds_e>C94.4</ds_e>
		<orphan>1</orphan>
	</ksg_path>
	<ksg_path>
		<id>88</id>
		<ds_b>C94.7</ds_b>
		<ds_e>C94.7</ds_e>
		<orphan>1</orphan>
	</ksg_path>
	<ksg_path>
		<id>89</id>
		<ds_b>C95.0</ds_b>
		<ds_e>C95.1</ds_e>
		<orphan>1</orphan>
	</ksg_path>
	<ksg_path>
		<id>90</id>
		<ds_b>C95.7</ds_b>
		<ds_e>C95.7</ds_e>
		<orphan>1</orphan>
	</ksg_path>
	<ksg_path>
		<id>91</id>
		<ds_b>C95.9</ds_b>
		<ds_e>C95.9</ds_e>
		<orphan>1</orphan>
	</ksg_path>
	<ksg_path>
		<id>92</id>
		<ds_b>C96.0</ds_b>
		<ds_e>C96.3</ds_e>
		<orphan>1</orphan>
	</ksg_path>
	<ksg_path>
		<id>93</id>
		<ds_b>C96.7</ds_b>
		<ds_e>C96.7</ds_e>
		<orphan>1</orphan>
	</ksg_path>
	<ksg_path>
		<id>94</id>
		<ds_b>C96.9</ds_b>
		<ds_e>C96.9</ds_e>
		<orphan>1</orphan>
	</ksg_path>
	<ksg_path>
		<id>95</id>
		<ds_b>D12.6</ds_b>
		<ds_e>D12.6</ds_e>
		<orphan>1</orphan>
	</ksg_path>
	<ksg_path>
		<id>96</id>
		<ds_b>D18</ds_b>
		<ds_e>D18.1</ds_e>
		<orphan>1</orphan>
	</ksg_path>
	<ksg_path>
		<id>97</id>
		<ds_b>D44.8</ds_b>
		<ds_e>D44.8</ds_e>
		<orphan>1</orphan>
	</ksg_path>
	<ksg_path>
		<id>98</id>
		<ds_b>D45</ds_b>
		<ds_e>D45</ds_e>
		<orphan>1</orphan>
	</ksg_path>
	<ksg_path>
		<id>99</id>
		<ds_b>D46.0</ds_b>
		<ds_e>D46.2</ds_e>
		<orphan>1</orphan>
	</ksg_path>
	<ksg_path>
		<id>100</id>
		<ds_b>D46.4</ds_b>
		<ds_e>D46.7</ds_e>
		<orphan>1</orphan>
	</ksg_path>
	<ksg_path>
		<id>101</id>
		<ds_b>D46.9</ds_b>
		<ds_e>D46.9</ds_e>
		<orphan>1</orphan>
	</ksg_path>
	<ksg_path>
		<id>102</id>
		<ds_b>D47.1</ds_b>
		<ds_e>D47.1</ds_e>
		<orphan>1</orphan>
	</ksg_path>
	<ksg_path>
		<id>103</id>
		<ds_b>D47.3</ds_b>
		<ds_e>D47.3</ds_e>
		<orphan>1</orphan>
	</ksg_path>
	<ksg_path>
		<id>104</id>
		<ds_b>D48.7</ds_b>
		<ds_e>D48.7</ds_e>
		<orphan>1</orphan>
	</ksg_path>
	<ksg_path>
		<id>105</id>
		<ds_b>D51.1</ds_b>
		<ds_e>D51.1</ds_e>
		<orphan>1</orphan>
	</ksg_path>
	<ksg_path>
		<id>106</id>
		<ds_b>D55.0</ds_b>
		<ds_e>D55.3</ds_e>
		<orphan>1</orphan>
	</ksg_path>
	<ksg_path>
		<id>107</id>
		<ds_b>D55.8</ds_b>
		<ds_e>D55.9</ds_e>
		<orphan>1</orphan>
	</ksg_path>
	<ksg_path>
		<id>108</id>
		<ds_b>D56.0</ds_b>
		<ds_e>D56.2</ds_e>
		<orphan>1</orphan>
	</ksg_path>
	<ksg_path>
		<id>109</id>
		<ds_b>D56.4</ds_b>
		<ds_e>D56.4</ds_e>
		<orphan>1</orphan>
	</ksg_path>
	<ksg_path>
		<id>110</id>
		<ds_b>D56.8</ds_b>
		<ds_e>D56.9</ds_e>
		<orphan>1</orphan>
	</ksg_path>
	<ksg_path>
		<id>111</id>
		<ds_b>D57.0</ds_b>
		<ds_e>D57.3</ds_e>
		<orphan>1</orphan>
	</ksg_path>
	<ksg_path>
		<id>112</id>
		<ds_b>D57.8</ds_b>
		<ds_e>D57.8</ds_e>
		<orphan>1</orphan>
	</ksg_path>
	<ksg_path>
		<id>113</id>
		<ds_b>D58.0</ds_b>
		<ds_e>D58.2</ds_e>
		<orphan>1</orphan>
	</ksg_path>
	<ksg_path>
		<id>114</id>
		<ds_b>D58.8</ds_b>
		<ds_e>D58.9</ds_e>
		<orphan>1</orphan>
	</ksg_path>
	<ksg_path>
		<id>115</id>
		<ds_b>D59.0</ds_b>
		<ds_e>D59.6</ds_e>
		<orphan>1</orphan>
	</ksg_path>
	<ksg_path>
		<id>116</id>
		<ds_b>D59.8</ds_b>
		<ds_e>D59.9</ds_e>
		<orphan>1</orphan>
	</ksg_path>
	<ksg_path>
		<id>117</id>
		<ds_b>D60.0</ds_b>
		<ds_e>D60.1</ds_e>
		<orphan>1</orphan>
	</ksg_path>
	<ksg_path>
		<id>118</id>
		<ds_b>D60.8</ds_b>
		<ds_e>D60.9</ds_e>
		<orphan>1</orphan>
	</ksg_path>
	<ksg_path>
		<id>119</id>
		<ds_b>D61.0</ds_b>
		<ds_e>D61.3</ds_e>
		<orphan>1</orphan>
	</ksg_path>
	<ksg_path>
		<id>120</id>
		<ds_b>D61.8</ds_b>
		<ds_e>D61.9</ds_e>
		<orphan>1</orphan>
	</ksg_path>
	<ksg_path>
		<id>121</id>
		<ds_b>D64.0</ds_b>
		<ds_e>D64.4</ds_e>
		<orphan>1</orphan>
	</ksg_path>
	<ksg_path>
		<id>122</id>
		<ds_b>D64.8</ds_b>
		<ds_e>D64.9</ds_e>
		<orphan>1</orphan>
	</ksg_path>
	<ksg_path>
		<id>123</id>
		<ds_b>D64.4</ds_b>
		<ds_e>D64.4</ds_e>
		<orphan>1</orphan>
	</ksg_path>
	<ksg_path>
		<id>124</id>
		<ds_b>D66</ds_b>
		<ds_e>D66</ds_e>
		<orphan>1</orphan>
	</ksg_path>
	<ksg_path>
		<id>125</id>
		<ds_b>D67</ds_b>
		<ds_e>D67</ds_e>
		<orphan>1</orphan>
	</ksg_path>
	<ksg_path>
		<id>126</id>
		<ds_b>D68.0</ds_b>
		<ds_e>D68.2</ds_e>
		<orphan>1</orphan>
	</ksg_path>
	<ksg_path>
		<id>127</id>
		<ds_b>D68.8</ds_b>
		<ds_e>D68.8</ds_e>
		<orphan>1</orphan>
	</ksg_path>
	<ksg_path>
		<id>128</id>
		<ds_b>D69.0</ds_b>
		<ds_e>D69.6</ds_e>
		<orphan>1</orphan>
	</ksg_path>
	<ksg_path>
		<id>129</id>
		<ds_b>D69.8</ds_b>
		<ds_e>D69.9</ds_e>
		<orphan>1</orphan>
	</ksg_path>
	<ksg_path>
		<id>130</id>
		<ds_b>D70.0</ds_b>
		<ds_e>D70.0</ds_e>
		<orphan>1</orphan>
	</ksg_path>
	<ksg_path>
		<id>131</id>
		<ds_b>D72.0</ds_b>
		<ds_e>D72.2</ds_e>
		<orphan>1</orphan>
	</ksg_path>
	<ksg_path>
		<id>132</id>
		<ds_b>D72.8</ds_b>
		<ds_e>D72.9</ds_e>
		<orphan>1</orphan>
	</ksg_path>
	<ksg_path>
		<id>133</id>
		<ds_b>D74.0</ds_b>
		<ds_e>D74.0</ds_e>
		<orphan>1</orphan>
	</ksg_path>
	<ksg_path>
		<id>134</id>
		<ds_b>D74.8</ds_b>
		<ds_e>D74.9</ds_e>
		<orphan>1</orphan>
	</ksg_path>
	<ksg_path>
		<id>135</id>
		<ds_b>D75.0</ds_b>
		<ds_e>D75.1</ds_e>
		<orphan>1</orphan>
	</ksg_path>
	<ksg_path>
		<id>136</id>
		<ds_b>D75.8</ds_b>
		<ds_e>D75.9</ds_e>
		<orphan>1</orphan>
	</ksg_path>
	<ksg_path>
		<id>137</id>
		<ds_b>D76.0</ds_b>
		<ds_e>D76.3</ds_e>
		<orphan>1</orphan>
	</ksg_path>
	<ksg_path>
		<id>138</id>
		<ds_b>D80.0</ds_b>
		<ds_e>D80.1</ds_e>
		<orphan>1</orphan>
	</ksg_path>
	<ksg_path>
		<id>139</id>
		<ds_b>D80.5</ds_b>
		<ds_e>D80.5</ds_e>
		<orphan>1</orphan>
	</ksg_path>
	<ksg_path>
		<id>140</id>
		<ds_b>D80.8</ds_b>
		<ds_e>D80.9</ds_e>
		<orphan>1</orphan>
	</ksg_path>
	<ksg_path>
		<id>141</id>
		<ds_b>D81.0</ds_b>
		<ds_e>D81.9</ds_e>
		<orphan>1</orphan>
	</ksg_path>
	<ksg_path>
		<id>142</id>
		<ds_b>D82.0</ds_b>
		<ds_e>D82.9</ds_e>
		<orphan>1</orphan>
	</ksg_path>
	<ksg_path>
		<id>143</id>
		<ds_b>D83.0</ds_b>
		<ds_e>D83.0</ds_e>
		<orphan>1</orphan>
	</ksg_path>
	<ksg_path>
		<id>144</id>
		<ds_b>D83.1</ds_b>
		<ds_e>D83.1</ds_e>
		<orphan>1</orphan>
	</ksg_path>
	<ksg_path>
		<id>145</id>
		<ds_b>D83.8</ds_b>
		<ds_e>D83.9</ds_e>
		<orphan>1</orphan>
	</ksg_path>
	<ksg_path>
		<id>146</id>
		<ds_b>D84.0</ds_b>
		<ds_e>D84.1</ds_e>
		<orphan>1</orphan>
	</ksg_path>
	<ksg_path>
		<id>147</id>
		<ds_b>D84.8</ds_b>
		<ds_e>D84.9</ds_e>
		<orphan>1</orphan>
	</ksg_path>
	<ksg_path>
		<id>148</id>
		<ds_b>D86.0</ds_b>
		<ds_e>D86.3</ds_e>
		<orphan>1</orphan>
	</ksg_path>
	<ksg_path>
		<id>149</id>
		<ds_b>D86.8</ds_b>
		<ds_e>D86.9</ds_e>
		<orphan>1</orphan>
	</ksg_path>
	<ksg_path>
		<id>150</id>
		<ds_b>D89.0</ds_b>
		<ds_e>D89.2</ds_e>
		<orphan>1</orphan>
	</ksg_path>
	<ksg_path>
		<id>151</id>
		<ds_b>D89.8</ds_b>
		<ds_e>D89.9</ds_e>
		<orphan>1</orphan>
	</ksg_path>
	<ksg_path>
		<id>152</id>
		<ds_b>E88.0</ds_b>
		<ds_e>E88.0</ds_e>
		<orphan>1</orphan>
	</ksg_path>
	<ksg_path>
		<id>153</id>
		<ds_b>E16.1</ds_b>
		<ds_e>E16.1</ds_e>
		<orphan>1</orphan>
	</ksg_path>
	<ksg_path>
		<id>154</id>
		<ds_b>E22.0</ds_b>
		<ds_e>E22.0</ds_e>
		<orphan>1</orphan>
	</ksg_path>
	<ksg_path>
		<id>155</id>
		<ds_b>E22.1</ds_b>
		<ds_e>E22.1</ds_e>
		<orphan>1</orphan>
	</ksg_path>
	<ksg_path>
		<id>156</id>
		<ds_b>E22.8</ds_b>
		<ds_e>E22.8</ds_e>
		<orphan>1</orphan>
	</ksg_path>
	<ksg_path>
		<id>157</id>
		<ds_b>E23.0</ds_b>
		<ds_e>E23.0</ds_e>
		<orphan>1</orphan>
	</ksg_path>
	<ksg_path>
		<id>158</id>
		<ds_b>E24.0</ds_b>
		<ds_e>E24.0</ds_e>
		<orphan>1</orphan>
	</ksg_path>
	<ksg_path>
		<id>159</id>
		<ds_b>E25.0</ds_b>
		<ds_e>E25.0</ds_e>
		<orphan>1</orphan>
	</ksg_path>
	<ksg_path>
		<id>160</id>
		<ds_b>E29.1</ds_b>
		<ds_e>E29.1</ds_e>
		<orphan>1</orphan>
	</ksg_path>
	<ksg_path>
		<id>161</id>
		<ds_b>E30.1</ds_b>
		<ds_e>E30.1</ds_e>
		<orphan>1</orphan>
	</ksg_path>
	<ksg_path>
		<id>162</id>
		<ds_b>E34.3</ds_b>
		<ds_e>E34.3</ds_e>
		<orphan>1</orphan>
	</ksg_path>
	<ksg_path>
		<id>163</id>
		<ds_b>E34.5</ds_b>
		<ds_e>E34.5</ds_e>
		<orphan>1</orphan>
	</ksg_path>
	<ksg_path>
		<id>164</id>
		<ds_b>E34.8</ds_b>
		<ds_e>E34.8</ds_e>
		<orphan>1</orphan>
	</ksg_path>
	<ksg_path>
		<id>165</id>
		<ds_b>E70.0</ds_b>
		<ds_e>E70.0</ds_e>
		<orphan>1</orphan>
	</ksg_path>
	<ksg_path>
		<id>166</id>
		<ds_b>E70.1</ds_b>
		<ds_e>E70.1</ds_e>
		<orphan>1</orphan>
	</ksg_path>
	<ksg_path>
		<id>167</id>
		<ds_b>E70.2</ds_b>
		<ds_e>E70.2</ds_e>
		<orphan>1</orphan>
	</ksg_path>
	<ksg_path>
		<id>168</id>
		<ds_b>E70.3</ds_b>
		<ds_e>E70.3</ds_e>
		<orphan>1</orphan>
	</ksg_path>
	<ksg_path>
		<id>169</id>
		<ds_b>E71.0</ds_b>
		<ds_e>E71.0</ds_e>
		<orphan>1</orphan>
	</ksg_path>
	<ksg_path>
		<id>170</id>
		<ds_b>E71.1</ds_b>
		<ds_e>E71.1</ds_e>
		<orphan>1</orphan>
	</ksg_path>
	<ksg_path>
		<id>171</id>
		<ds_b>E71.3</ds_b>
		<ds_e>E71.3</ds_e>
		<orphan>1</orphan>
	</ksg_path>
	<ksg_path>
		<id>172</id>
		<ds_b>E72.0</ds_b>
		<ds_e>E72.0</ds_e>
		<orphan>1</orphan>
	</ksg_path>
	<ksg_path>
		<id>173</id>
		<ds_b>E72.1</ds_b>
		<ds_e>E72.1</ds_e>
		<orphan>1</orphan>
	</ksg_path>
	<ksg_path>
		<id>174</id>
		<ds_b>E72.2</ds_b>
		<ds_e>E72.2</ds_e>
		<orphan>1</orphan>
	</ksg_path>
	<ksg_path>
		<id>175</id>
		<ds_b>E72.3</ds_b>
		<ds_e>E72.3</ds_e>
		<orphan>1</orphan>
	</ksg_path>
	<ksg_path>
		<id>176</id>
		<ds_b>E72.4</ds_b>
		<ds_e>E72.4</ds_e>
		<orphan>1</orphan>
	</ksg_path>
	<ksg_path>
		<id>177</id>
		<ds_b>E72.5</ds_b>
		<ds_e>E72.5</ds_e>
		<orphan>1</orphan>
	</ksg_path>
	<ksg_path>
		<id>178</id>
		<ds_b>E74.0</ds_b>
		<ds_e>E74.0</ds_e>
		<orphan>1</orphan>
	</ksg_path>
	<ksg_path>
		<id>179</id>
		<ds_b>E74.1</ds_b>
		<ds_e>E74.1</ds_e>
		<orphan>1</orphan>
	</ksg_path>
	<ksg_path>
		<id>180</id>
		<ds_b>E74.2</ds_b>
		<ds_e>E74.2</ds_e>
		<orphan>1</orphan>
	</ksg_path>
	<ksg_path>
		<id>181</id>
		<ds_b>E74.3</ds_b>
		<ds_e>E74.3</ds_e>
		<orphan>1</orphan>
	</ksg_path>
	<ksg_path>
		<id>182</id>
		<ds_b>E74.4</ds_b>
		<ds_e>E74.4</ds_e>
		<orphan>1</orphan>
	</ksg_path>
	<ksg_path>
		<id>183</id>
		<ds_b>E75.0</ds_b>
		<ds_e>E75.0</ds_e>
		<orphan>1</orphan>
	</ksg_path>
	<ksg_path>
		<id>184</id>
		<ds_b>E75.1</ds_b>
		<ds_e>E75.1</ds_e>
		<orphan>1</orphan>
	</ksg_path>
	<ksg_path>
		<id>185</id>
		<ds_b>E75.2</ds_b>
		<ds_e>E75.2</ds_e>
		<orphan>1</orphan>
	</ksg_path>
	<ksg_path>
		<id>186</id>
		<ds_b>E75.4</ds_b>
		<ds_e>E75.4</ds_e>
		<orphan>1</orphan>
	</ksg_path>
	<ksg_path>
		<id>187</id>
		<ds_b>E75.5</ds_b>
		<ds_e>E75.5</ds_e>
		<orphan>1</orphan>
	</ksg_path>
	<ksg_path>
		<id>188</id>
		<ds_b>E76.0</ds_b>
		<ds_e>E76.0</ds_e>
		<orphan>1</orphan>
	</ksg_path>
	<ksg_path>
		<id>189</id>
		<ds_b>E76.1</ds_b>
		<ds_e>E76.1</ds_e>
		<orphan>1</orphan>
	</ksg_path>
	<ksg_path>
		<id>190</id>
		<ds_b>E76.2</ds_b>
		<ds_e>E76.2</ds_e>
		<orphan>1</orphan>
	</ksg_path>
	<ksg_path>
		<id>191</id>
		<ds_b>E77.0</ds_b>
		<ds_e>E77.0</ds_e>
		<orphan>1</orphan>
	</ksg_path>
	<ksg_path>
		<id>192</id>
		<ds_b>E77.1</ds_b>
		<ds_e>E77.1</ds_e>
		<orphan>1</orphan>
	</ksg_path>
	<ksg_path>
		<id>193</id>
		<ds_b>E78.2</ds_b>
		<ds_e>E78.2</ds_e>
		<orphan>1</orphan>
	</ksg_path>
	<ksg_path>
		<id>194</id>
		<ds_b>E78.6</ds_b>
		<ds_e>E78.6</ds_e>
		<orphan>1</orphan>
	</ksg_path>
	<ksg_path>
		<id>195</id>
		<ds_b>E78.8</ds_b>
		<ds_e>E78.8</ds_e>
		<orphan>1</orphan>
	</ksg_path>
	<ksg_path>
		<id>196</id>
		<ds_b>E79.1</ds_b>
		<ds_e>E79.1</ds_e>
		<orphan>1</orphan>
	</ksg_path>
	<ksg_path>
		<id>197</id>
		<ds_b>E79.8</ds_b>
		<ds_e>E79.8</ds_e>
		<orphan>1</orphan>
	</ksg_path>
	<ksg_path>
		<id>198</id>
		<ds_b>E80.0</ds_b>
		<ds_e>E80.0</ds_e>
		<orphan>1</orphan>
	</ksg_path>
	<ksg_path>
		<id>199</id>
		<ds_b>E80.1</ds_b>
		<ds_e>E80.1</ds_e>
		<orphan>1</orphan>
	</ksg_path>
	<ksg_path>
		<id>200</id>
		<ds_b>E80.2</ds_b>
		<ds_e>E80.2</ds_e>
		<orphan>1</orphan>
	</ksg_path>
	<ksg_path>
		<id>201</id>
		<ds_b>E80.5</ds_b>
		<ds_e>E80.5</ds_e>
		<orphan>1</orphan>
	</ksg_path>
	<ksg_path>
		<id>202</id>
		<ds_b>E83.0</ds_b>
		<ds_e>E83.0</ds_e>
		<orphan>1</orphan>
	</ksg_path>
	<ksg_path>
		<id>203</id>
		<ds_b>E83.1</ds_b>
		<ds_e>E83.1</ds_e>
		<orphan>1</orphan>
	</ksg_path>
	<ksg_path>
		<id>204</id>
		<ds_b>E83.3</ds_b>
		<ds_e>E83.3</ds_e>
		<orphan>1</orphan>
	</ksg_path>
	<ksg_path>
		<id>205</id>
		<ds_b>E83.4</ds_b>
		<ds_e>E83.4</ds_e>
		<orphan>1</orphan>
	</ksg_path>
	<ksg_path>
		<id>206</id>
		<ds_b>E84.0</ds_b>
		<ds_e>E84.9</ds_e>
		<orphan>1</orphan>
	</ksg_path>
	<ksg_path>
		<id>207</id>
		<ds_b>E85.0</ds_b>
		<ds_e>E85.0</ds_e>
		<orphan>1</orphan>
	</ksg_path>
	<ksg_path>
		<id>208</id>
		<ds_b>E85.2</ds_b>
		<ds_e>E85.2</ds_e>
		<orphan>1</orphan>
	</ksg_path>
	<ksg_path>
		<id>209</id>
		<ds_b>E85.4</ds_b>
		<ds_e>E85.4</ds_e>
		<orphan>1</orphan>
	</ksg_path>
	<ksg_path>
		<id>210</id>
		<ds_b>E85.8</ds_b>
		<ds_e>E85.9</ds_e>
		<orphan>1</orphan>
	</ksg_path>
	<ksg_path>
		<id>211</id>
		<ds_b>E85.1</ds_b>
		<ds_e>E85.1</ds_e>
		<orphan>1</orphan>
	</ksg_path>
	<ksg_path>
		<id>212</id>
		<ds_b>E88.1</ds_b>
		<ds_e>E88.1</ds_e>
		<orphan>1</orphan>
	</ksg_path>
	<ksg_path>
		<id>213</id>
		<ds_b>E88.8</ds_b>
		<ds_e>E88.8</ds_e>
		<orphan>1</orphan>
	</ksg_path>
	<ksg_path>
		<id>214</id>
		<ds_b>F84.2</ds_b>
		<ds_e>F84.2</ds_e>
		<orphan>1</orphan>
	</ksg_path>
	<ksg_path>
		<id>215</id>
		<ds_b>F95.2</ds_b>
		<ds_e>F95.2</ds_e>
		<orphan>1</orphan>
	</ksg_path>
	<ksg_path>
		<id>216</id>
		<ds_b>G10</ds_b>
		<ds_e>G10</ds_e>
		<orphan>1</orphan>
	</ksg_path>
	<ksg_path>
		<id>217</id>
		<ds_b>G11.1</ds_b>
		<ds_e>G11.1</ds_e>
		<orphan>1</orphan>
	</ksg_path>
	<ksg_path>
		<id>218</id>
		<ds_b>G11.3</ds_b>
		<ds_e>G11.3</ds_e>
		<orphan>1</orphan>
	</ksg_path>
	<ksg_path>
		<id>219</id>
		<ds_b>G12.0</ds_b>
		<ds_e>G12.0</ds_e>
		<orphan>1</orphan>
	</ksg_path>
	<ksg_path>
		<id>220</id>
		<ds_b>G12.1</ds_b>
		<ds_e>G12.1</ds_e>
		<orphan>1</orphan>
	</ksg_path>
	<ksg_path>
		<id>221</id>
		<ds_b>G12.2</ds_b>
		<ds_e>G12.2</ds_e>
		<orphan>1</orphan>
	</ksg_path>
	<ksg_path>
		<id>222</id>
		<ds_b>G12.8</ds_b>
		<ds_e>G12.8</ds_e>
		<orphan>1</orphan>
	</ksg_path>
	<ksg_path>
		<id>223</id>
		<ds_b>G20</ds_b>
		<ds_e>G20</ds_e>
		<orphan>1</orphan>
	</ksg_path>
	<ksg_path>
		<id>224</id>
		<ds_b>G23.0</ds_b>
		<ds_e>G23.0</ds_e>
		<orphan>1</orphan>
	</ksg_path>
	<ksg_path>
		<id>225</id>
		<ds_b>G23.8</ds_b>
		<ds_e>G23.8</ds_e>
		<orphan>1</orphan>
	</ksg_path>
	<ksg_path>
		<id>226</id>
		<ds_b>G24.1</ds_b>
		<ds_e>G24.1</ds_e>
		<orphan>1</orphan>
	</ksg_path>
	<ksg_path>
		<id>227</id>
		<ds_b>G31.8</ds_b>
		<ds_e>G31.8</ds_e>
		<orphan>1</orphan>
	</ksg_path>
	<ksg_path>
		<id>228</id>
		<ds_b>G31.9</ds_b>
		<ds_e>G31.9</ds_e>
		<orphan>1</orphan>
	</ksg_path>
	<ksg_path>
		<id>229</id>
		<ds_b>G36.0</ds_b>
		<ds_e>G36.0</ds_e>
		<orphan>1</orphan>
	</ksg_path>
	<ksg_path>
		<id>230</id>
		<ds_b>G40.4</ds_b>
		<ds_e>G40.4</ds_e>
		<orphan>1</orphan>
	</ksg_path>
	<ksg_path>
		<id>231</id>
		<ds_b>G47.3</ds_b>
		<ds_e>G47.3</ds_e>
		<orphan>1</orphan>
	</ksg_path>
	<ksg_path>
		<id>232</id>
		<ds_b>G47.11</ds_b>
		<ds_e>G47.11</ds_e>
		<orphan>1</orphan>
	</ksg_path>
	<ksg_path>
		<id>233</id>
		<ds_b>G60.0</ds_b>
		<ds_e>G60.0</ds_e>
		<orphan>1</orphan>
	</ksg_path>
	<ksg_path>
		<id>234</id>
		<ds_b>G60.1</ds_b>
		<ds_e>G60.1</ds_e>
		<orphan>1</orphan>
	</ksg_path>
	<ksg_path>
		<id>235</id>
		<ds_b>G61.0</ds_b>
		<ds_e>G61.0</ds_e>
		<orphan>1</orphan>
	</ksg_path>
	<ksg_path>
		<id>236</id>
		<ds_b>G61.8</ds_b>
		<ds_e>G61.8</ds_e>
		<orphan>1</orphan>
	</ksg_path>
	<ksg_path>
		<id>237</id>
		<ds_b>G70.0</ds_b>
		<ds_e>G70.0</ds_e>
		<orphan>1</orphan>
	</ksg_path>
	<ksg_path>
		<id>238</id>
		<ds_b>G70.2</ds_b>
		<ds_e>G70.2</ds_e>
		<orphan>1</orphan>
	</ksg_path>
	<ksg_path>
		<id>239</id>
		<ds_b>G71.0</ds_b>
		<ds_e>G71.0</ds_e>
		<orphan>1</orphan>
	</ksg_path>
	<ksg_path>
		<id>240</id>
		<ds_b>G71.2</ds_b>
		<ds_e>G71.2</ds_e>
		<orphan>1</orphan>
	</ksg_path>
	<ksg_path>
		<id>241</id>
		<ds_b>G71.3</ds_b>
		<ds_e>G71.3</ds_e>
		<orphan>1</orphan>
	</ksg_path>
	<ksg_path>
		<id>242</id>
		<ds_b>G93.4</ds_b>
		<ds_e>G93.4</ds_e>
		<orphan>1</orphan>
	</ksg_path>
	<ksg_path>
		<id>243</id>
		<ds_b>G95.0</ds_b>
		<ds_e>G95.0</ds_e>
		<orphan>1</orphan>
	</ksg_path>
	<ksg_path>
		<id>244</id>
		<ds_b>G98</ds_b>
		<ds_e>G98</ds_e>
		<orphan>1</orphan>
	</ksg_path>
	<ksg_path>
		<id>245</id>
		<ds_b>H35.5</ds_b>
		<ds_e>H35.5</ds_e>
		<orphan>1</orphan>
	</ksg_path>
	<ksg_path>
		<id>246</id>
		<ds_b>H47.2</ds_b>
		<ds_e>H47.2</ds_e>
		<orphan>1</orphan>
	</ksg_path>
	<ksg_path>
		<id>247</id>
		<ds_b>I27.0</ds_b>
		<ds_e>I27.0</ds_e>
		<orphan>1</orphan>
	</ksg_path>
	<ksg_path>
		<id>248</id>
		<ds_b>I27.8</ds_b>
		<ds_e>I27.8</ds_e>
		<orphan>1</orphan>
	</ksg_path>
	<ksg_path>
		<id>249</id>
		<ds_b>I27.8</ds_b>
		<ds_e>I27.8</ds_e>
		<orphan>1</orphan>
	</ksg_path>
	<ksg_path>
		<id>250</id>
		<ds_b>I42.1</ds_b>
		<ds_e>I42.1</ds_e>
		<orphan>1</orphan>
	</ksg_path>
	<ksg_path>
		<id>251</id>
		<ds_b>I42.2</ds_b>
		<ds_e>I42.2</ds_e>
		<orphan>1</orphan>
	</ksg_path>
	<ksg_path>
		<id>252</id>
		<ds_b>I45.8</ds_b>
		<ds_e>I45.8</ds_e>
		<orphan>1</orphan>
	</ksg_path>
	<ksg_path>
		<id>253</id>
		<ds_b>I47.2</ds_b>
		<ds_e>I47.2</ds_e>
		<orphan>1</orphan>
	</ksg_path>
	<ksg_path>
		<id>254</id>
		<ds_b>I48.0</ds_b>
		<ds_e>I48.9</ds_e>
		<orphan>1</orphan>
	</ksg_path>
	<ksg_path>
		<id>255</id>
		<ds_b>I49.5</ds_b>
		<ds_e>I49.5</ds_e>
		<orphan>1</orphan>
	</ksg_path>
	<ksg_path>
		<id>256</id>
		<ds_b>J84.1</ds_b>
		<ds_e>J84.1</ds_e>
		<orphan>1</orphan>
	</ksg_path>
	<ksg_path>
		<id>257</id>
		<ds_b>J93.1</ds_b>
		<ds_e>J93.1</ds_e>
		<orphan>1</orphan>
	</ksg_path>
	<ksg_path>
		<id>258</id>
		<ds_b>K50.0</ds_b>
		<ds_e>K50.9</ds_e>
		<orphan>1</orphan>
	</ksg_path>
	<ksg_path>
		<id>259</id>
		<ds_b>K51.0</ds_b>
		<ds_e>K51.9</ds_e>
		<orphan>1</orphan>
	</ksg_path>
	<ksg_path>
		<id>260</id>
		<ds_b>K91.2</ds_b>
		<ds_e>K91.2</ds_e>
		<orphan>1</orphan>
	</ksg_path>
	<ksg_path>
		<id>261</id>
		<ds_b>K91.8</ds_b>
		<ds_e>K91.8</ds_e>
		<orphan>1</orphan>
	</ksg_path>
	<ksg_path>
		<id>262</id>
		<ds_b>K90.8</ds_b>
		<ds_e>K90.9</ds_e>
		<orphan>1</orphan>
	</ksg_path>
	<ksg_path>
		<id>263</id>
		<ds_b>K91.1</ds_b>
		<ds_e>K91.1</ds_e>
		<orphan>1</orphan>
	</ksg_path>
	<ksg_path>
		<id>264</id>
		<ds_b>L13.0</ds_b>
		<ds_e>L13.0</ds_e>
		<orphan>1</orphan>
	</ksg_path>
	<ksg_path>
		<id>265</id>
		<ds_b>L81.6</ds_b>
		<ds_e>L81.6</ds_e>
		<orphan>1</orphan>
	</ksg_path>
	<ksg_path>
		<id>266</id>
		<ds_b>M 31.3</ds_b>
		<ds_e>M 31.3</ds_e>
		<orphan>1</orphan>
	</ksg_path>
	<ksg_path>
		<id>267</id>
		<ds_b>M08.2</ds_b>
		<ds_e>M08.2</ds_e>
		<orphan>1</orphan>
	</ksg_path>
	<ksg_path>
		<id>268</id>
		<ds_b>M30.1</ds_b>
		<ds_e>M30.1</ds_e>
		<orphan>1</orphan>
	</ksg_path>
	<ksg_path>
		<id>269</id>
		<ds_b>M31.1</ds_b>
		<ds_e>M31.1</ds_e>
		<orphan>1</orphan>
	</ksg_path>
	<ksg_path>
		<id>270</id>
		<ds_b>M31.4</ds_b>
		<ds_e>M31.4</ds_e>
		<orphan>1</orphan>
	</ksg_path>
	<ksg_path>
		<id>271</id>
		<ds_b>M35.2</ds_b>
		<ds_e>M35.2</ds_e>
		<orphan>1</orphan>
	</ksg_path>
	<ksg_path>
		<id>272</id>
		<ds_b>M61.1</ds_b>
		<ds_e>M61.1</ds_e>
		<orphan>1</orphan>
	</ksg_path>
	<ksg_path>
		<id>273</id>
		<ds_b>M86.6</ds_b>
		<ds_e>M86.6</ds_e>
		<orphan>1</orphan>
	</ksg_path>
	<ksg_path>
		<id>274</id>
		<ds_b>N46</ds_b>
		<ds_e>N46</ds_e>
		<orphan>1</orphan>
	</ksg_path>
	<ksg_path>
		<id>275</id>
		<ds_b>Q13.1</ds_b>
		<ds_e>Q13.1</ds_e>
		<orphan>1</orphan>
	</ksg_path>
	<ksg_path>
		<id>276</id>
		<ds_b>Q20.9</ds_b>
		<ds_e>Q20.9</ds_e>
		<orphan>1</orphan>
	</ksg_path>
	<ksg_path>
		<id>277</id>
		<ds_b>Q43.1</ds_b>
		<ds_e>Q43.1</ds_e>
		<orphan>1</orphan>
	</ksg_path>
	<ksg_path>
		<id>278</id>
		<ds_b>Q61.0</ds_b>
		<ds_e>Q61.9</ds_e>
		<orphan>1</orphan>
	</ksg_path>
	<ksg_path>
		<id>279</id>
		<ds_b>Q74.0</ds_b>
		<ds_e>Q74.0</ds_e>
		<orphan>1</orphan>
	</ksg_path>
	<ksg_path>
		<id>280</id>
		<ds_b>Q77.4</ds_b>
		<ds_e>Q77.4</ds_e>
		<orphan>1</orphan>
	</ksg_path>
	<ksg_path>
		<id>281</id>
		<ds_b>Q77.5</ds_b>
		<ds_e>Q77.5</ds_e>
		<orphan>1</orphan>
	</ksg_path>
	<ksg_path>
		<id>282</id>
		<ds_b>Q77.8</ds_b>
		<ds_e>Q77.8</ds_e>
		<orphan>1</orphan>
	</ksg_path>
	<ksg_path>
		<id>283</id>
		<ds_b>Q78.0</ds_b>
		<ds_e>Q78.0</ds_e>
		<orphan>1</orphan>
	</ksg_path>
	<ksg_path>
		<id>284</id>
		<ds_b>Q78.6</ds_b>
		<ds_e>Q78.6</ds_e>
		<orphan>1</orphan>
	</ksg_path>
	<ksg_path>
		<id>285</id>
		<ds_b>Q79.6</ds_b>
		<ds_e>Q79.6</ds_e>
		<orphan>1</orphan>
	</ksg_path>
	<ksg_path>
		<id>286</id>
		<ds_b>Q80.0</ds_b>
		<ds_e>Q80.9</ds_e>
		<orphan>1</orphan>
	</ksg_path>
	<ksg_path>
		<id>287</id>
		<ds_b>Q81.0</ds_b>
		<ds_e>Q81.9</ds_e>
		<orphan>1</orphan>
	</ksg_path>
	<ksg_path>
		<id>288</id>
		<ds_b>Q82.4</ds_b>
		<ds_e>Q82.4</ds_e>
		<orphan>1</orphan>
	</ksg_path>
	<ksg_path>
		<id>289</id>
		<ds_b>Q82.8</ds_b>
		<ds_e>Q82.8</ds_e>
		<orphan>1</orphan>
	</ksg_path>
	<ksg_path>
		<id>290</id>
		<ds_b>Q85.0</ds_b>
		<ds_e>Q85.0</ds_e>
		<orphan>1</orphan>
	</ksg_path>
	<ksg_path>
		<id>291</id>
		<ds_b>Q85.1</ds_b>
		<ds_e>Q85.1</ds_e>
		<orphan>1</orphan>
	</ksg_path>
	<ksg_path>
		<id>292</id>
		<ds_b>Q85.8</ds_b>
		<ds_e>Q85.8</ds_e>
		<orphan>1</orphan>
	</ksg_path>
	<ksg_path>
		<id>293</id>
		<ds_b>Q87.0</ds_b>
		<ds_e>Q87.0</ds_e>
		<orphan>1</orphan>
	</ksg_path>
	<ksg_path>
		<id>294</id>
		<ds_b>Q87.1</ds_b>
		<ds_e>Q87.1</ds_e>
		<orphan>1</orphan>
	</ksg_path>
	<ksg_path>
		<id>295</id>
		<ds_b>Q87.2</ds_b>
		<ds_e>Q87.2</ds_e>
		<orphan>1</orphan>
	</ksg_path>
	<ksg_path>
		<id>296</id>
		<ds_b>Q87.3</ds_b>
		<ds_e>Q87.3</ds_e>
		<orphan>1</orphan>
	</ksg_path>
	<ksg_path>
		<id>297</id>
		<ds_b>Q87.4</ds_b>
		<ds_e>Q87.4</ds_e>
		<orphan>1</orphan>
	</ksg_path>
	<ksg_path>
		<id>298</id>
		<ds_b>Q87.8</ds_b>
		<ds_e>Q87.8</ds_e>
		<orphan>1</orphan>
	</ksg_path>
	<ksg_path>
		<id>299</id>
		<ds_b>Q89.8</ds_b>
		<ds_e>Q89.8</ds_e>
		<orphan>1</orphan>
	</ksg_path>
	<ksg_path>
		<id>300</id>
		<ds_b>Q93.4</ds_b>
		<ds_e>Q93.4</ds_e>
		<orphan>1</orphan>
	</ksg_path>
	<ksg_path>
		<id>301</id>
		<ds_b>Q93.5</ds_b>
		<ds_e>Q93.5</ds_e>
		<orphan>1</orphan>
	</ksg_path>
	<ksg_path>
		<id>302</id>
		<ds_b>Q99.0</ds_b>
		<ds_e>Q99.9</ds_e>
		<orphan>1</orphan>
	</ksg_path>
	<ksg_path>
		<id>303</id>
		<ds_b>T88.3</ds_b>
		<ds_e>T88.3</ds_e>
		<orphan>1</orphan>
	</ksg_path>
	<ksg_path>
		<id>304</id>
		<ds_b>N04.0</ds_b>
		<ds_e>N04.9</ds_e>
		<orphan>1</orphan>
	</ksg_path>
</VFPData>
