<?xml version = "1.0" encoding="Windows-1251" standalone="yes"?>
<VFPData>
	<xsd:schema id="VFPData" xmlns:xsd="http://www.w3.org/2001/XMLSchema" xmlns:msdata="urn:schemas-microsoft-com:xml-msdata">
		<xsd:element name="VFPData" msdata:IsDataSet="true">
			<xsd:complexType>
				<xsd:choice maxOccurs="unbounded">
					<xsd:element name="ksg_tarif_bs" minOccurs="0" maxOccurs="unbounded">
						<xsd:complexType>
							<xsd:sequence>
								<xsd:element name="id_ksg_tar">
									<xsd:simpleType>
										<xsd:restriction base="xsd:decimal">
											<xsd:totalDigits value="11"/>
											<xsd:fractionDigits value="0"/>
										</xsd:restriction>
									</xsd:simpleType>
								</xsd:element>
								<xsd:element name="tarif">
									<xsd:simpleType>
										<xsd:restriction base="xsd:decimal">
											<xsd:totalDigits value="11"/>
											<xsd:fractionDigits value="2"/>
										</xsd:restriction>
									</xsd:simpleType>
								</xsd:element>
								<xsd:element name="dat_b" type="xsd:date"/>
								<xsd:element name="dat_e" type="xsd:date"/>
								<xsd:element name="type_st">
									<xsd:simpleType>
										<xsd:restriction base="xsd:string">
											<xsd:maxLength value="1"/>
										</xsd:restriction>
									</xsd:simpleType>
								</xsd:element>
								<xsd:element name="vid_fin">
									<xsd:simpleType>
										<xsd:restriction base="xsd:decimal">
											<xsd:totalDigits value="11"/>
											<xsd:fractionDigits value="0"/>
										</xsd:restriction>
									</xsd:simpleType>
								</xsd:element>
								<xsd:element name="idump_v006">
									<xsd:simpleType>
										<xsd:restriction base="xsd:decimal">
											<xsd:totalDigits value="11"/>
											<xsd:fractionDigits value="0"/>
										</xsd:restriction>
									</xsd:simpleType>
								</xsd:element>
								<xsd:element name="coeff_dif">
									<xsd:simpleType>
										<xsd:restriction base="xsd:decimal">
											<xsd:totalDigits value="3"/>
											<xsd:fractionDigits value="0"/>
										</xsd:restriction>
									</xsd:simpleType>
								</xsd:element>
							</xsd:sequence>
						</xsd:complexType>
					</xsd:element>
				</xsd:choice>
				<xsd:anyAttribute namespace="http://www.w3.org/XML/1998/namespace" processContents="lax"/>
			</xsd:complexType>
		</xsd:element>
	</xsd:schema>
	<ksg_tarif_bs>
		<id_ksg_tar>1</id_ksg_tar>
		<tarif>38834.00</tarif>
		<dat_b>2019-01-01</dat_b>
		<dat_e>2019-12-31</dat_e>
		<type_st>s</type_st>
		<vid_fin>1</vid_fin>
		<idump_v006>1</idump_v006>
		<coeff_dif>0</coeff_dif>
	</ksg_tarif_bs>
	<ksg_tarif_bs>
		<id_ksg_tar>2</id_ksg_tar>
		<tarif>22275.00</tarif>
		<dat_b>2019-01-01</dat_b>
		<dat_e>2019-12-31</dat_e>
		<type_st>d</type_st>
		<vid_fin>1</vid_fin>
		<idump_v006>2</idump_v006>
		<coeff_dif>0</coeff_dif>
	</ksg_tarif_bs>
	<ksg_tarif_bs>
		<id_ksg_tar>3</id_ksg_tar>
		<tarif>41992.00</tarif>
		<dat_b>2020-01-01</dat_b>
		<dat_e>2020-06-30</dat_e>
		<type_st>s</type_st>
		<vid_fin>1</vid_fin>
		<idump_v006>1</idump_v006>
		<coeff_dif>0</coeff_dif>
	</ksg_tarif_bs>
	<ksg_tarif_bs>
		<id_ksg_tar>4</id_ksg_tar>
		<tarif>22840.00</tarif>
		<dat_b>2020-01-01</dat_b>
		<dat_e>2020-06-30</dat_e>
		<type_st>d</type_st>
		<vid_fin>1</vid_fin>
		<idump_v006>2</idump_v006>
		<coeff_dif>0</coeff_dif>
	</ksg_tarif_bs>
	<ksg_tarif_bs>
		<id_ksg_tar>5</id_ksg_tar>
		<tarif>44721.00</tarif>
		<dat_b>2020-07-01</dat_b>
		<dat_e>2020-11-30</dat_e>
		<type_st>s</type_st>
		<vid_fin>1</vid_fin>
		<idump_v006>1</idump_v006>
		<coeff_dif>0</coeff_dif>
	</ksg_tarif_bs>
	<ksg_tarif_bs>
		<id_ksg_tar>6</id_ksg_tar>
		<tarif>27179.00</tarif>
		<dat_b>2020-07-01</dat_b>
		<dat_e>2020-11-30</dat_e>
		<type_st>d</type_st>
		<vid_fin>1</vid_fin>
		<idump_v006>2</idump_v006>
		<coeff_dif>0</coeff_dif>
	</ksg_tarif_bs>
	<ksg_tarif_bs>
		<id_ksg_tar>7</id_ksg_tar>
		<tarif>41992.00</tarif>
		<dat_b>2020-12-01</dat_b>
		<dat_e>2020-12-31</dat_e>
		<type_st>s</type_st>
		<vid_fin>1</vid_fin>
		<idump_v006>1</idump_v006>
		<coeff_dif>0</coeff_dif>
	</ksg_tarif_bs>
	<ksg_tarif_bs>
		<id_ksg_tar>8</id_ksg_tar>
		<tarif>22840.00</tarif>
		<dat_b>2020-12-01</dat_b>
		<dat_e>2020-12-31</dat_e>
		<type_st>d</type_st>
		<vid_fin>1</vid_fin>
		<idump_v006>2</idump_v006>
		<coeff_dif>0</coeff_dif>
	</ksg_tarif_bs>
	<ksg_tarif_bs>
		<id_ksg_tar>9</id_ksg_tar>
		<tarif>43652.04</tarif>
		<dat_b>2021-01-01</dat_b>
		<dat_e>2021-12-31</dat_e>
		<type_st>s</type_st>
		<vid_fin>1</vid_fin>
		<idump_v006>1</idump_v006>
		<coeff_dif>0</coeff_dif>
	</ksg_tarif_bs>
	<ksg_tarif_bs>
		<id_ksg_tar>10</id_ksg_tar>
		<tarif>24723.42</tarif>
		<dat_b>2021-01-01</dat_b>
		<dat_e>2021-12-31</dat_e>
		<type_st>d</type_st>
		<vid_fin>1</vid_fin>
		<idump_v006>2</idump_v006>
		<coeff_dif>0</coeff_dif>
	</ksg_tarif_bs>
	<ksg_tarif_bs>
		<id_ksg_tar>11</id_ksg_tar>
		<tarif>45212.07</tarif>
		<dat_b>2022-01-01</dat_b>
		<dat_e>2022-12-31</dat_e>
		<type_st>s</type_st>
		<vid_fin>1</vid_fin>
		<idump_v006>1</idump_v006>
		<coeff_dif>1</coeff_dif>
	</ksg_tarif_bs>
	<ksg_tarif_bs>
		<id_ksg_tar>12</id_ksg_tar>
		<tarif>24255.40</tarif>
		<dat_b>2022-01-01</dat_b>
		<dat_e>2022-12-31</dat_e>
		<type_st>s</type_st>
		<vid_fin>1</vid_fin>
		<idump_v006>1</idump_v006>
		<coeff_dif>0</coeff_dif>
	</ksg_tarif_bs>
	<ksg_tarif_bs>
		<id_ksg_tar>13</id_ksg_tar>
		<tarif>25938.72</tarif>
		<dat_b>2022-01-01</dat_b>
		<dat_e>2022-12-31</dat_e>
		<type_st>d</type_st>
		<vid_fin>1</vid_fin>
		<idump_v006>2</idump_v006>
		<coeff_dif>1</coeff_dif>
	</ksg_tarif_bs>
	<ksg_tarif_bs>
		<id_ksg_tar>14</id_ksg_tar>
		<tarif>13915.62</tarif>
		<dat_b>2022-01-01</dat_b>
		<dat_e>2022-12-31</dat_e>
		<type_st>d</type_st>
		<vid_fin>1</vid_fin>
		<idump_v006>2</idump_v006>
		<coeff_dif>0</coeff_dif>
	</ksg_tarif_bs>
	<ksg_tarif_bs>
		<id_ksg_tar>15</id_ksg_tar>
		<tarif>48327.34</tarif>
		<dat_b>2023-01-01</dat_b>
		<dat_e>2023-12-31</dat_e>
		<type_st>s</type_st>
		<vid_fin>1</vid_fin>
		<idump_v006>1</idump_v006>
		<coeff_dif>1</coeff_dif>
	</ksg_tarif_bs>
	<ksg_tarif_bs>
		<id_ksg_tar>16</id_ksg_tar>
		<tarif>25968.48</tarif>
		<dat_b>2023-01-01</dat_b>
		<dat_e>2023-12-31</dat_e>
		<type_st>s</type_st>
		<vid_fin>1</vid_fin>
		<idump_v006>1</idump_v006>
		<coeff_dif>0</coeff_dif>
	</ksg_tarif_bs>
	<ksg_tarif_bs>
		<id_ksg_tar>17</id_ksg_tar>
		<tarif>27969.16</tarif>
		<dat_b>2023-01-01</dat_b>
		<dat_e>2023-12-31</dat_e>
		<type_st>d</type_st>
		<vid_fin>1</vid_fin>
		<idump_v006>2</idump_v006>
		<coeff_dif>1</coeff_dif>
	</ksg_tarif_bs>
	<ksg_tarif_bs>
		<id_ksg_tar>18</id_ksg_tar>
		<tarif>15029.10</tarif>
		<dat_b>2023-01-01</dat_b>
		<dat_e>2023-12-31</dat_e>
		<type_st>d</type_st>
		<vid_fin>1</vid_fin>
		<idump_v006>2</idump_v006>
		<coeff_dif>0</coeff_dif>
	</ksg_tarif_bs>
	<ksg_tarif_bs>
		<id_ksg_tar>19</id_ksg_tar>
		<tarif>53305.18</tarif>
		<dat_b>2024-01-01</dat_b>
		<dat_e>2024-12-31</dat_e>
		<type_st>s</type_st>
		<vid_fin>1</vid_fin>
		<idump_v006>1</idump_v006>
		<coeff_dif>1</coeff_dif>
	</ksg_tarif_bs>
	<ksg_tarif_bs>
		<id_ksg_tar>20</id_ksg_tar>
		<tarif>28003.89</tarif>
		<dat_b>2024-01-01</dat_b>
		<dat_e>2024-12-31</dat_e>
		<type_st>s</type_st>
		<vid_fin>1</vid_fin>
		<idump_v006>1</idump_v006>
		<coeff_dif>0</coeff_dif>
	</ksg_tarif_bs>
	<ksg_tarif_bs>
		<id_ksg_tar>21</id_ksg_tar>
		<tarif>30505.25</tarif>
		<dat_b>2024-01-01</dat_b>
		<dat_e>2024-12-31</dat_e>
		<type_st>d</type_st>
		<vid_fin>1</vid_fin>
		<idump_v006>2</idump_v006>
		<coeff_dif>1</coeff_dif>
	</ksg_tarif_bs>
	<ksg_tarif_bs>
		<id_ksg_tar>22</id_ksg_tar>
		<tarif>16025.94</tarif>
		<dat_b>2024-01-01</dat_b>
		<dat_e>2024-12-31</dat_e>
		<type_st>d</type_st>
		<vid_fin>1</vid_fin>
		<idump_v006>2</idump_v006>
		<coeff_dif>0</coeff_dif>
	</ksg_tarif_bs>
</VFPData>
