<?xml version = "1.0" encoding="Windows-1251" standalone="yes"?>
<VFPData>
	<xsd:schema id="VFPData" xmlns:xsd="http://www.w3.org/2001/XMLSchema" xmlns:msdata="urn:schemas-microsoft-com:xml-msdata">
		<xsd:element name="VFPData" msdata:IsDataSet="true">
			<xsd:complexType>
				<xsd:choice maxOccurs="unbounded">
					<xsd:element name="mkb_not_oms_ino" minOccurs="0" maxOccurs="unbounded">
						<xsd:complexType>
							<xsd:sequence>
								<xsd:element name="id">
									<xsd:simpleType>
										<xsd:restriction base="xsd:decimal">
											<xsd:totalDigits value="11"/>
											<xsd:fractionDigits value="0"/>
										</xsd:restriction>
									</xsd:simpleType>
								</xsd:element>
								<xsd:element name="diag_b">
									<xsd:simpleType>
										<xsd:restriction base="xsd:string">
											<xsd:maxLength value="6"/>
										</xsd:restriction>
									</xsd:simpleType>
								</xsd:element>
								<xsd:element name="diag_e">
									<xsd:simpleType>
										<xsd:restriction base="xsd:string">
											<xsd:maxLength value="6"/>
										</xsd:restriction>
									</xsd:simpleType>
								</xsd:element>
								<xsd:element name="app">
									<xsd:simpleType>
										<xsd:restriction base="xsd:decimal">
											<xsd:totalDigits value="3"/>
											<xsd:fractionDigits value="0"/>
										</xsd:restriction>
									</xsd:simpleType>
								</xsd:element>
								<xsd:element name="stc">
									<xsd:simpleType>
										<xsd:restriction base="xsd:decimal">
											<xsd:totalDigits value="3"/>
											<xsd:fractionDigits value="0"/>
										</xsd:restriction>
									</xsd:simpleType>
								</xsd:element>
								<xsd:element name="vzr">
									<xsd:simpleType>
										<xsd:restriction base="xsd:decimal">
											<xsd:totalDigits value="3"/>
											<xsd:fractionDigits value="0"/>
										</xsd:restriction>
									</xsd:simpleType>
								</xsd:element>
								<xsd:element name="ino">
									<xsd:simpleType>
										<xsd:restriction base="xsd:decimal">
											<xsd:totalDigits value="3"/>
											<xsd:fractionDigits value="0"/>
										</xsd:restriction>
									</xsd:simpleType>
								</xsd:element>
							</xsd:sequence>
						</xsd:complexType>
					</xsd:element>
				</xsd:choice>
				<xsd:anyAttribute namespace="http://www.w3.org/XML/1998/namespace" processContents="lax"/>
			</xsd:complexType>
		</xsd:element>
	</xsd:schema>
	<mkb_not_oms_ino>
		<id>104</id>
		<diag_b>Z73</diag_b>
		<diag_e>Z76.99</diag_e>
		<app>1</app>
		<stc>0</stc>
		<vzr>0</vzr>
		<ino>0</ino>
	</mkb_not_oms_ino>
	<mkb_not_oms_ino>
		<id>1</id>
		<diag_b>A15</diag_b>
		<diag_e>A19.9</diag_e>
		<app>1</app>
		<stc>1</stc>
		<vzr>0</vzr>
		<ino>1</ino>
	</mkb_not_oms_ino>
	<mkb_not_oms_ino>
		<id>2</id>
		<diag_b>A50</diag_b>
		<diag_e>A64</diag_e>
		<app>1</app>
		<stc>1</stc>
		<vzr>0</vzr>
		<ino>1</ino>
	</mkb_not_oms_ino>
	<mkb_not_oms_ino>
		<id>3</id>
		<diag_b>F00</diag_b>
		<diag_e>F99</diag_e>
		<app>1</app>
		<stc>1</stc>
		<vzr>0</vzr>
		<ino>1</ino>
	</mkb_not_oms_ino>
	<mkb_not_oms_ino>
		<id>4</id>
		<diag_b>B20</diag_b>
		<diag_e>B24</diag_e>
		<app>1</app>
		<stc>1</stc>
		<vzr>0</vzr>
		<ino>1</ino>
	</mkb_not_oms_ino>
	<mkb_not_oms_ino>
		<id>5</id>
		<diag_b>R75</diag_b>
		<diag_e>R75</diag_e>
		<app>1</app>
		<stc>1</stc>
		<vzr>0</vzr>
		<ino>1</ino>
	</mkb_not_oms_ino>
	<mkb_not_oms_ino>
		<id>6</id>
		<diag_b>R78.0</diag_b>
		<diag_e>R78.5</diag_e>
		<app>1</app>
		<stc>1</stc>
		<vzr>0</vzr>
		<ino>1</ino>
	</mkb_not_oms_ino>
	<mkb_not_oms_ino>
		<id>7</id>
		<diag_b>V01</diag_b>
		<diag_e>Y98.99</diag_e>
		<app>1</app>
		<stc>1</stc>
		<vzr>0</vzr>
		<ino>1</ino>
	</mkb_not_oms_ino>
	<mkb_not_oms_ino>
		<id>8</id>
		<diag_b>Z00.0</diag_b>
		<diag_e>Z00.0</diag_e>
		<app>1</app>
		<stc>0</stc>
		<vzr>0</vzr>
		<ino>1</ino>
	</mkb_not_oms_ino>
	<mkb_not_oms_ino>
		<id>9</id>
		<diag_b>Z00.4</diag_b>
		<diag_e>Z00.4</diag_e>
		<app>1</app>
		<stc>0</stc>
		<vzr>0</vzr>
		<ino>1</ino>
	</mkb_not_oms_ino>
	<mkb_not_oms_ino>
		<id>10</id>
		<diag_b>Z00.6</diag_b>
		<diag_e>Z00.6</diag_e>
		<app>1</app>
		<stc>0</stc>
		<vzr>0</vzr>
		<ino>1</ino>
	</mkb_not_oms_ino>
	<mkb_not_oms_ino>
		<id>11</id>
		<diag_b>Z00.8</diag_b>
		<diag_e>Z00.8</diag_e>
		<app>1</app>
		<stc>0</stc>
		<vzr>0</vzr>
		<ino>1</ino>
	</mkb_not_oms_ino>
	<mkb_not_oms_ino>
		<id>12</id>
		<diag_b>Z01.3</diag_b>
		<diag_e>Z01.3</diag_e>
		<app>1</app>
		<stc>0</stc>
		<vzr>0</vzr>
		<ino>1</ino>
	</mkb_not_oms_ino>
	<mkb_not_oms_ino>
		<id>13</id>
		<diag_b>Z01.9</diag_b>
		<diag_e>Z01.9</diag_e>
		<app>1</app>
		<stc>0</stc>
		<vzr>0</vzr>
		<ino>1</ino>
	</mkb_not_oms_ino>
	<mkb_not_oms_ino>
		<id>14</id>
		<diag_b>Z02.1</diag_b>
		<diag_e>Z02.4</diag_e>
		<app>1</app>
		<stc>0</stc>
		<vzr>0</vzr>
		<ino>1</ino>
	</mkb_not_oms_ino>
	<mkb_not_oms_ino>
		<id>15</id>
		<diag_b>Z02.5</diag_b>
		<diag_e>Z02.5</diag_e>
		<app>1</app>
		<stc>0</stc>
		<vzr>1</vzr>
		<ino>1</ino>
	</mkb_not_oms_ino>
	<mkb_not_oms_ino>
		<id>16</id>
		<diag_b>Z02.6</diag_b>
		<diag_e>Z02.7</diag_e>
		<app>1</app>
		<stc>0</stc>
		<vzr>0</vzr>
		<ino>1</ino>
	</mkb_not_oms_ino>
	<mkb_not_oms_ino>
		<id>17</id>
		<diag_b>Z02.8</diag_b>
		<diag_e>Z02.8</diag_e>
		<app>1</app>
		<stc>0</stc>
		<vzr>1</vzr>
		<ino>1</ino>
	</mkb_not_oms_ino>
	<mkb_not_oms_ino>
		<id>18</id>
		<diag_b>Z03.2</diag_b>
		<diag_e>Z03.2</diag_e>
		<app>1</app>
		<stc>1</stc>
		<vzr>0</vzr>
		<ino>1</ino>
	</mkb_not_oms_ino>
	<mkb_not_oms_ino>
		<id>19</id>
		<diag_b>Z04</diag_b>
		<diag_e>Z04.99</diag_e>
		<app>1</app>
		<stc>1</stc>
		<vzr>0</vzr>
		<ino>1</ino>
	</mkb_not_oms_ino>
	<mkb_not_oms_ino>
		<id>20</id>
		<diag_b>Z09.3</diag_b>
		<diag_e>Z09.39</diag_e>
		<app>1</app>
		<stc>1</stc>
		<vzr>0</vzr>
		<ino>1</ino>
	</mkb_not_oms_ino>
	<mkb_not_oms_ino>
		<id>21</id>
		<diag_b>Z10</diag_b>
		<diag_e>Z10.39</diag_e>
		<app>1</app>
		<stc>0</stc>
		<vzr>0</vzr>
		<ino>1</ino>
	</mkb_not_oms_ino>
	<mkb_not_oms_ino>
		<id>22</id>
		<diag_b>Z11</diag_b>
		<diag_e>Z13.99</diag_e>
		<app>1</app>
		<stc>1</stc>
		<vzr>0</vzr>
		<ino>1</ino>
	</mkb_not_oms_ino>
	<mkb_not_oms_ino>
		<id>23</id>
		<diag_b>Z20</diag_b>
		<diag_e>Z20.99</diag_e>
		<app>1</app>
		<stc>1</stc>
		<vzr>0</vzr>
		<ino>1</ino>
	</mkb_not_oms_ino>
	<mkb_not_oms_ino>
		<id>24</id>
		<diag_b>Z21</diag_b>
		<diag_e>Z21.99</diag_e>
		<app>1</app>
		<stc>1</stc>
		<vzr>0</vzr>
		<ino>1</ino>
	</mkb_not_oms_ino>
	<mkb_not_oms_ino>
		<id>25</id>
		<diag_b>Z22.4</diag_b>
		<diag_e>Z22.49</diag_e>
		<app>1</app>
		<stc>1</stc>
		<vzr>0</vzr>
		<ino>1</ino>
	</mkb_not_oms_ino>
	<mkb_not_oms_ino>
		<id>26</id>
		<diag_b>Z22.7</diag_b>
		<diag_e>Z22.79</diag_e>
		<app>1</app>
		<stc>1</stc>
		<vzr>0</vzr>
		<ino>1</ino>
	</mkb_not_oms_ino>
	<mkb_not_oms_ino>
		<id>27</id>
		<diag_b>Z27.9</diag_b>
		<diag_e>Z27.99</diag_e>
		<app>1</app>
		<stc>1</stc>
		<vzr>0</vzr>
		<ino>1</ino>
	</mkb_not_oms_ino>
	<mkb_not_oms_ino>
		<id>28</id>
		<diag_b>Z28</diag_b>
		<diag_e>Z29.99</diag_e>
		<app>1</app>
		<stc>1</stc>
		<vzr>0</vzr>
		<ino>1</ino>
	</mkb_not_oms_ino>
	<mkb_not_oms_ino>
		<id>29</id>
		<diag_b>Z41</diag_b>
		<diag_e>Z41.99</diag_e>
		<app>1</app>
		<stc>1</stc>
		<vzr>0</vzr>
		<ino>1</ino>
	</mkb_not_oms_ino>
	<mkb_not_oms_ino>
		<id>30</id>
		<diag_b>Z43</diag_b>
		<diag_e>Z46.99</diag_e>
		<app>0</app>
		<stc>1</stc>
		<vzr>0</vzr>
		<ino>1</ino>
	</mkb_not_oms_ino>
	<mkb_not_oms_ino>
		<id>31</id>
		<diag_b>Z50.2</diag_b>
		<diag_e>Z50.49</diag_e>
		<app>1</app>
		<stc>1</stc>
		<vzr>0</vzr>
		<ino>1</ino>
	</mkb_not_oms_ino>
	<mkb_not_oms_ino>
		<id>32</id>
		<diag_b>Z51.5</diag_b>
		<diag_e>Z51.59</diag_e>
		<app>1</app>
		<stc>1</stc>
		<vzr>0</vzr>
		<ino>1</ino>
	</mkb_not_oms_ino>
	<mkb_not_oms_ino>
		<id>33</id>
		<diag_b>Z52</diag_b>
		<diag_e>Z53.99</diag_e>
		<app>1</app>
		<stc>1</stc>
		<vzr>0</vzr>
		<ino>1</ino>
	</mkb_not_oms_ino>
	<mkb_not_oms_ino>
		<id>34</id>
		<diag_b>Z55</diag_b>
		<diag_e>Z76.99</diag_e>
		<app>1</app>
		<stc>1</stc>
		<vzr>0</vzr>
		<ino>1</ino>
	</mkb_not_oms_ino>
	<mkb_not_oms_ino>
		<id>35</id>
		<diag_b>Z80</diag_b>
		<diag_e>Z88.99</diag_e>
		<app>1</app>
		<stc>1</stc>
		<vzr>0</vzr>
		<ino>1</ino>
	</mkb_not_oms_ino>
	<mkb_not_oms_ino>
		<id>36</id>
		<diag_b>Z91</diag_b>
		<diag_e>Z97.89</diag_e>
		<app>1</app>
		<stc>1</stc>
		<vzr>0</vzr>
		<ino>1</ino>
	</mkb_not_oms_ino>
	<mkb_not_oms_ino>
		<id>37</id>
		<diag_b>Z99</diag_b>
		<diag_e>Z99.99</diag_e>
		<app>1</app>
		<stc>1</stc>
		<vzr>0</vzr>
		<ino>1</ino>
	</mkb_not_oms_ino>
	<mkb_not_oms_ino>
		<id>38</id>
		<diag_b>Z00</diag_b>
		<diag_e>Z02.99</diag_e>
		<app>0</app>
		<stc>1</stc>
		<vzr>0</vzr>
		<ino>1</ino>
	</mkb_not_oms_ino>
	<mkb_not_oms_ino>
		<id>39</id>
		<diag_b>Z03.9</diag_b>
		<diag_e>Z03.99</diag_e>
		<app>0</app>
		<stc>1</stc>
		<vzr>0</vzr>
		<ino>1</ino>
	</mkb_not_oms_ino>
	<mkb_not_oms_ino>
		<id>40</id>
		<diag_b>Z10</diag_b>
		<diag_e>Z10.89</diag_e>
		<app>0</app>
		<stc>1</stc>
		<vzr>0</vzr>
		<ino>1</ino>
	</mkb_not_oms_ino>
	<mkb_not_oms_ino>
		<id>41</id>
		<diag_b>Z48</diag_b>
		<diag_e>Z48.99</diag_e>
		<app>0</app>
		<stc>1</stc>
		<vzr>0</vzr>
		<ino>1</ino>
	</mkb_not_oms_ino>
	<mkb_not_oms_ino>
		<id>42</id>
		<diag_b>Z51.9</diag_b>
		<diag_e>Z51.99</diag_e>
		<app>1</app>
		<stc>1</stc>
		<vzr>0</vzr>
		<ino>1</ino>
	</mkb_not_oms_ino>
	<mkb_not_oms_ino>
		<id>43</id>
		<diag_b>Z54</diag_b>
		<diag_e>Z54.99</diag_e>
		<app>0</app>
		<stc>1</stc>
		<vzr>0</vzr>
		<ino>1</ino>
	</mkb_not_oms_ino>
	<mkb_not_oms_ino>
		<id>44</id>
		<diag_b>A15</diag_b>
		<diag_e>A19.9</diag_e>
		<app>1</app>
		<stc>1</stc>
		<vzr>0</vzr>
		<ino>0</ino>
	</mkb_not_oms_ino>
	<mkb_not_oms_ino>
		<id>45</id>
		<diag_b>A50</diag_b>
		<diag_e>A64</diag_e>
		<app>1</app>
		<stc>1</stc>
		<vzr>0</vzr>
		<ino>0</ino>
	</mkb_not_oms_ino>
	<mkb_not_oms_ino>
		<id>46</id>
		<diag_b>F00</diag_b>
		<diag_e>F99</diag_e>
		<app>1</app>
		<stc>1</stc>
		<vzr>0</vzr>
		<ino>0</ino>
	</mkb_not_oms_ino>
	<mkb_not_oms_ino>
		<id>47</id>
		<diag_b>B20</diag_b>
		<diag_e>B24</diag_e>
		<app>1</app>
		<stc>1</stc>
		<vzr>0</vzr>
		<ino>0</ino>
	</mkb_not_oms_ino>
	<mkb_not_oms_ino>
		<id>48</id>
		<diag_b>J66.1</diag_b>
		<diag_e>J66.1</diag_e>
		<app>1</app>
		<stc>1</stc>
		<vzr>0</vzr>
		<ino>0</ino>
	</mkb_not_oms_ino>
	<mkb_not_oms_ino>
		<id>49</id>
		<diag_b>J67.2</diag_b>
		<diag_e>J67.2</diag_e>
		<app>1</app>
		<stc>1</stc>
		<vzr>0</vzr>
		<ino>0</ino>
	</mkb_not_oms_ino>
	<mkb_not_oms_ino>
		<id>50</id>
		<diag_b>R75</diag_b>
		<diag_e>R75</diag_e>
		<app>0</app>
		<stc>1</stc>
		<vzr>0</vzr>
		<ino>0</ino>
	</mkb_not_oms_ino>
	<mkb_not_oms_ino>
		<id>51</id>
		<diag_b>R78.0</diag_b>
		<diag_e>R78.5</diag_e>
		<app>1</app>
		<stc>1</stc>
		<vzr>0</vzr>
		<ino>0</ino>
	</mkb_not_oms_ino>
	<mkb_not_oms_ino>
		<id>52</id>
		<diag_b>T81.5</diag_b>
		<diag_e>T81.59</diag_e>
		<app>1</app>
		<stc>0</stc>
		<vzr>0</vzr>
		<ino>0</ino>
	</mkb_not_oms_ino>
	<mkb_not_oms_ino>
		<id>53</id>
		<diag_b>V01</diag_b>
		<diag_e>Y98.99</diag_e>
		<app>1</app>
		<stc>1</stc>
		<vzr>0</vzr>
		<ino>0</ino>
	</mkb_not_oms_ino>
	<mkb_not_oms_ino>
		<id>54</id>
		<diag_b>Z00.4</diag_b>
		<diag_e>Z00.49</diag_e>
		<app>1</app>
		<stc>0</stc>
		<vzr>0</vzr>
		<ino>0</ino>
	</mkb_not_oms_ino>
	<mkb_not_oms_ino>
		<id>55</id>
		<diag_b>Z00.6</diag_b>
		<diag_e>Z00.69</diag_e>
		<app>1</app>
		<stc>0</stc>
		<vzr>0</vzr>
		<ino>0</ino>
	</mkb_not_oms_ino>
	<mkb_not_oms_ino>
		<id>56</id>
		<diag_b>Z01.3</diag_b>
		<diag_e>Z01.39</diag_e>
		<app>1</app>
		<stc>0</stc>
		<vzr>0</vzr>
		<ino>0</ino>
	</mkb_not_oms_ino>
	<mkb_not_oms_ino>
		<id>57</id>
		<diag_b>Z02.1</diag_b>
		<diag_e>Z02.19</diag_e>
		<app>1</app>
		<stc>0</stc>
		<vzr>0</vzr>
		<ino>0</ino>
	</mkb_not_oms_ino>
	<mkb_not_oms_ino>
		<id>98</id>
		<diag_b>Z01.6</diag_b>
		<diag_e>Z02.29</diag_e>
		<app>0</app>
		<stc>1</stc>
		<vzr>0</vzr>
		<ino>0</ino>
	</mkb_not_oms_ino>
	<mkb_not_oms_ino>
		<id>59</id>
		<diag_b>Z02.4</diag_b>
		<diag_e>Z02.49</diag_e>
		<app>1</app>
		<stc>0</stc>
		<vzr>0</vzr>
		<ino>0</ino>
	</mkb_not_oms_ino>
	<mkb_not_oms_ino>
		<id>60</id>
		<diag_b>Z02.5</diag_b>
		<diag_e>Z02.59</diag_e>
		<app>1</app>
		<stc>0</stc>
		<vzr>1</vzr>
		<ino>0</ino>
	</mkb_not_oms_ino>
	<mkb_not_oms_ino>
		<id>61</id>
		<diag_b>Z02.6</diag_b>
		<diag_e>Z02.69</diag_e>
		<app>1</app>
		<stc>0</stc>
		<vzr>0</vzr>
		<ino>0</ino>
	</mkb_not_oms_ino>
	<mkb_not_oms_ino>
		<id>62</id>
		<diag_b>Z02.8</diag_b>
		<diag_e>Z02.89</diag_e>
		<app>1</app>
		<stc>0</stc>
		<vzr>1</vzr>
		<ino>0</ino>
	</mkb_not_oms_ino>
	<mkb_not_oms_ino>
		<id>63</id>
		<diag_b>Z02.9</diag_b>
		<diag_e>Z02.99</diag_e>
		<app>1</app>
		<stc>0</stc>
		<vzr>0</vzr>
		<ino>0</ino>
	</mkb_not_oms_ino>
	<mkb_not_oms_ino>
		<id>64</id>
		<diag_b>Z03.2</diag_b>
		<diag_e>Z03.29</diag_e>
		<app>1</app>
		<stc>1</stc>
		<vzr>0</vzr>
		<ino>0</ino>
	</mkb_not_oms_ino>
	<mkb_not_oms_ino>
		<id>65</id>
		<diag_b>Z04</diag_b>
		<diag_e>Z04.79</diag_e>
		<app>1</app>
		<stc>1</stc>
		<vzr>0</vzr>
		<ino>0</ino>
	</mkb_not_oms_ino>
	<mkb_not_oms_ino>
		<id>66</id>
		<diag_b>Z09.3</diag_b>
		<diag_e>Z09.39</diag_e>
		<app>1</app>
		<stc>1</stc>
		<vzr>0</vzr>
		<ino>0</ino>
	</mkb_not_oms_ino>
	<mkb_not_oms_ino>
		<id>67</id>
		<diag_b>Z10</diag_b>
		<diag_e>Z10.39</diag_e>
		<app>1</app>
		<stc>0</stc>
		<vzr>0</vzr>
		<ino>0</ino>
	</mkb_not_oms_ino>
	<mkb_not_oms_ino>
		<id>68</id>
		<diag_b>Z20</diag_b>
		<diag_e>Z20.99</diag_e>
		<app>1</app>
		<stc>1</stc>
		<vzr>0</vzr>
		<ino>0</ino>
	</mkb_not_oms_ino>
	<mkb_not_oms_ino>
		<id>69</id>
		<diag_b>Z21</diag_b>
		<diag_e>Z21.99</diag_e>
		<app>1</app>
		<stc>1</stc>
		<vzr>0</vzr>
		<ino>0</ino>
	</mkb_not_oms_ino>
	<mkb_not_oms_ino>
		<id>70</id>
		<diag_b>Z22.4</diag_b>
		<diag_e>Z22.49</diag_e>
		<app>1</app>
		<stc>1</stc>
		<vzr>0</vzr>
		<ino>0</ino>
	</mkb_not_oms_ino>
	<mkb_not_oms_ino>
		<id>71</id>
		<diag_b>Z22.7</diag_b>
		<diag_e>Z22.79</diag_e>
		<app>1</app>
		<stc>1</stc>
		<vzr>0</vzr>
		<ino>0</ino>
	</mkb_not_oms_ino>
	<mkb_not_oms_ino>
		<id>72</id>
		<diag_b>Z27.9</diag_b>
		<diag_e>Z27.99</diag_e>
		<app>1</app>
		<stc>1</stc>
		<vzr>0</vzr>
		<ino>0</ino>
	</mkb_not_oms_ino>
	<mkb_not_oms_ino>
		<id>73</id>
		<diag_b>Z28</diag_b>
		<diag_e>Z29.99</diag_e>
		<app>1</app>
		<stc>1</stc>
		<vzr>0</vzr>
		<ino>0</ino>
	</mkb_not_oms_ino>
	<mkb_not_oms_ino>
		<id>74</id>
		<diag_b>Z41</diag_b>
		<diag_e>Z41.99</diag_e>
		<app>1</app>
		<stc>1</stc>
		<vzr>0</vzr>
		<ino>0</ino>
	</mkb_not_oms_ino>
	<mkb_not_oms_ino>
		<id>75</id>
		<diag_b>Z43</diag_b>
		<diag_e>Z46.99</diag_e>
		<app>0</app>
		<stc>1</stc>
		<vzr>0</vzr>
		<ino>0</ino>
	</mkb_not_oms_ino>
	<mkb_not_oms_ino>
		<id>76</id>
		<diag_b>Z50.2</diag_b>
		<diag_e>Z50.49</diag_e>
		<app>1</app>
		<stc>1</stc>
		<vzr>0</vzr>
		<ino>0</ino>
	</mkb_not_oms_ino>
	<mkb_not_oms_ino>
		<id>77</id>
		<diag_b>Z51.5</diag_b>
		<diag_e>Z51.59</diag_e>
		<app>1</app>
		<stc>1</stc>
		<vzr>0</vzr>
		<ino>0</ino>
	</mkb_not_oms_ino>
	<mkb_not_oms_ino>
		<id>78</id>
		<diag_b>Z51.9</diag_b>
		<diag_e>Z51.99</diag_e>
		<app>1</app>
		<stc>1</stc>
		<vzr>0</vzr>
		<ino>0</ino>
	</mkb_not_oms_ino>
	<mkb_not_oms_ino>
		<id>79</id>
		<diag_b>Z52</diag_b>
		<diag_e>Z53.99</diag_e>
		<app>1</app>
		<stc>1</stc>
		<vzr>0</vzr>
		<ino>0</ino>
	</mkb_not_oms_ino>
	<mkb_not_oms_ino>
		<id>80</id>
		<diag_b>Z55</diag_b>
		<diag_e>Z76.99</diag_e>
		<app>0</app>
		<stc>1</stc>
		<vzr>0</vzr>
		<ino>0</ino>
	</mkb_not_oms_ino>
	<mkb_not_oms_ino>
		<id>81</id>
		<diag_b>Z81</diag_b>
		<diag_e>Z81.89</diag_e>
		<app>1</app>
		<stc>1</stc>
		<vzr>0</vzr>
		<ino>0</ino>
	</mkb_not_oms_ino>
	<mkb_not_oms_ino>
		<id>82</id>
		<diag_b>Z86.5</diag_b>
		<diag_e>Z86.59</diag_e>
		<app>1</app>
		<stc>1</stc>
		<vzr>0</vzr>
		<ino>0</ino>
	</mkb_not_oms_ino>
	<mkb_not_oms_ino>
		<id>83</id>
		<diag_b>Z91</diag_b>
		<diag_e>Z91.89</diag_e>
		<app>1</app>
		<stc>1</stc>
		<vzr>0</vzr>
		<ino>0</ino>
	</mkb_not_oms_ino>
	<mkb_not_oms_ino>
		<id>84</id>
		<diag_b>Z99.8</diag_b>
		<diag_e>Z99.89</diag_e>
		<app>1</app>
		<stc>1</stc>
		<vzr>0</vzr>
		<ino>0</ino>
	</mkb_not_oms_ino>
	<mkb_not_oms_ino>
		<id>85</id>
		<diag_b>Z00</diag_b>
		<diag_e>Z01.49</diag_e>
		<app>0</app>
		<stc>1</stc>
		<vzr>0</vzr>
		<ino>0</ino>
	</mkb_not_oms_ino>
	<mkb_not_oms_ino>
		<id>86</id>
		<diag_b>Z03.9</diag_b>
		<diag_e>Z03.99</diag_e>
		<app>0</app>
		<stc>1</stc>
		<vzr>0</vzr>
		<ino>0</ino>
	</mkb_not_oms_ino>
	<mkb_not_oms_ino>
		<id>87</id>
		<diag_b>Z10</diag_b>
		<diag_e>Z10.89</diag_e>
		<app>0</app>
		<stc>1</stc>
		<vzr>0</vzr>
		<ino>0</ino>
	</mkb_not_oms_ino>
	<mkb_not_oms_ino>
		<id>88</id>
		<diag_b>Z11</diag_b>
		<diag_e>Z13.99</diag_e>
		<app>0</app>
		<stc>1</stc>
		<vzr>0</vzr>
		<ino>0</ino>
	</mkb_not_oms_ino>
	<mkb_not_oms_ino>
		<id>89</id>
		<diag_b>Z48</diag_b>
		<diag_e>Z48.99</diag_e>
		<app>0</app>
		<stc>1</stc>
		<vzr>0</vzr>
		<ino>0</ino>
	</mkb_not_oms_ino>
	<mkb_not_oms_ino>
		<id>90</id>
		<diag_b>Z54</diag_b>
		<diag_e>Z54.99</diag_e>
		<app>0</app>
		<stc>1</stc>
		<vzr>0</vzr>
		<ino>0</ino>
	</mkb_not_oms_ino>
	<mkb_not_oms_ino>
		<id>91</id>
		<diag_b>J66.1</diag_b>
		<diag_e>J66.19</diag_e>
		<app>1</app>
		<stc>1</stc>
		<vzr>0</vzr>
		<ino>1</ino>
	</mkb_not_oms_ino>
	<mkb_not_oms_ino>
		<id>92</id>
		<diag_b>J67.2</diag_b>
		<diag_e>J67.29</diag_e>
		<app>1</app>
		<stc>1</stc>
		<vzr>0</vzr>
		<ino>1</ino>
	</mkb_not_oms_ino>
	<mkb_not_oms_ino>
		<id>93</id>
		<diag_b>T81.5</diag_b>
		<diag_e>T81.59</diag_e>
		<app>1</app>
		<stc>1</stc>
		<vzr>0</vzr>
		<ino>1</ino>
	</mkb_not_oms_ino>
	<mkb_not_oms_ino>
		<id>96</id>
		<diag_b>Z04.8</diag_b>
		<diag_e>Z04.89</diag_e>
		<app>0</app>
		<stc>1</stc>
		<vzr>0</vzr>
		<ino>0</ino>
	</mkb_not_oms_ino>
	<mkb_not_oms_ino>
		<id>95</id>
		<diag_b>Z75</diag_b>
		<diag_e>Z75.9</diag_e>
		<app>0</app>
		<stc>1</stc>
		<vzr>0</vzr>
		<ino>0</ino>
	</mkb_not_oms_ino>
	<mkb_not_oms_ino>
		<id>97</id>
		<diag_b>Z04.9</diag_b>
		<diag_e>Z04.99</diag_e>
		<app>1</app>
		<stc>1</stc>
		<vzr>0</vzr>
		<ino>0</ino>
	</mkb_not_oms_ino>
	<mkb_not_oms_ino>
		<id>99</id>
		<diag_b>Z43</diag_b>
		<diag_e>Z44.99</diag_e>
		<app>1</app>
		<stc>0</stc>
		<vzr>0</vzr>
		<ino>1</ino>
	</mkb_not_oms_ino>
	<mkb_not_oms_ino>
		<id>100</id>
		<diag_b>Z43</diag_b>
		<diag_e>Z44.99</diag_e>
		<app>1</app>
		<stc>0</stc>
		<vzr>0</vzr>
		<ino>0</ino>
	</mkb_not_oms_ino>
	<mkb_not_oms_ino>
		<id>101</id>
		<diag_b>Z45.1</diag_b>
		<diag_e>Z46.99</diag_e>
		<app>1</app>
		<stc>0</stc>
		<vzr>0</vzr>
		<ino>1</ino>
	</mkb_not_oms_ino>
	<mkb_not_oms_ino>
		<id>102</id>
		<diag_b>Z45.1</diag_b>
		<diag_e>Z46.99</diag_e>
		<app>1</app>
		<stc>0</stc>
		<vzr>0</vzr>
		<ino>0</ino>
	</mkb_not_oms_ino>
	<mkb_not_oms_ino>
		<id>103</id>
		<diag_b>Z55</diag_b>
		<diag_e>Z71.99</diag_e>
		<app>1</app>
		<stc>0</stc>
		<vzr>0</vzr>
		<ino>0</ino>
	</mkb_not_oms_ino>
</VFPData>
