<?xml version = "1.0" encoding="Windows-1251" standalone="yes"?>
<VFPData>
	<xsd:schema id="VFPData" xmlns:xsd="http://www.w3.org/2001/XMLSchema" xmlns:msdata="urn:schemas-microsoft-com:xml-msdata">
		<xsd:element name="VFPData" msdata:IsDataSet="true">
			<xsd:complexType>
				<xsd:choice maxOccurs="unbounded">
					<xsd:element name="mkb_ino_2" minOccurs="0" maxOccurs="unbounded">
						<xsd:complexType>
							<xsd:sequence>
								<xsd:element name="id">
									<xsd:simpleType>
										<xsd:restriction base="xsd:decimal">
											<xsd:totalDigits value="11"/>
											<xsd:fractionDigits value="0"/>
										</xsd:restriction>
									</xsd:simpleType>
								</xsd:element>
								<xsd:element name="diag_b">
									<xsd:simpleType>
										<xsd:restriction base="xsd:string">
											<xsd:maxLength value="6"/>
										</xsd:restriction>
									</xsd:simpleType>
								</xsd:element>
								<xsd:element name="diag_e">
									<xsd:simpleType>
										<xsd:restriction base="xsd:string">
											<xsd:maxLength value="6"/>
										</xsd:restriction>
									</xsd:simpleType>
								</xsd:element>
							</xsd:sequence>
						</xsd:complexType>
					</xsd:element>
				</xsd:choice>
				<xsd:anyAttribute namespace="http://www.w3.org/XML/1998/namespace" processContents="lax"/>
			</xsd:complexType>
		</xsd:element>
	</xsd:schema>
	<mkb_ino_2>
		<id>1</id>
		<diag_b>S02.0</diag_b>
		<diag_e>S02.9</diag_e>
	</mkb_ino_2>
	<mkb_ino_2>
		<id>2</id>
		<diag_b>S06.0</diag_b>
		<diag_e>S06.9</diag_e>
	</mkb_ino_2>
	<mkb_ino_2>
		<id>3</id>
		<diag_b>S12.0</diag_b>
		<diag_e>S12.9</diag_e>
	</mkb_ino_2>
	<mkb_ino_2>
		<id>4</id>
		<diag_b>S22.0</diag_b>
		<diag_e>S22.9</diag_e>
	</mkb_ino_2>
	<mkb_ino_2>
		<id>5</id>
		<diag_b>S26.0</diag_b>
		<diag_e>S26.9</diag_e>
	</mkb_ino_2>
	<mkb_ino_2>
		<id>6</id>
		<diag_b>S27.0</diag_b>
		<diag_e>S27.9</diag_e>
	</mkb_ino_2>
	<mkb_ino_2>
		<id>7</id>
		<diag_b>S32.0</diag_b>
		<diag_e>S32.8</diag_e>
	</mkb_ino_2>
	<mkb_ino_2>
		<id>8</id>
		<diag_b>S36.0</diag_b>
		<diag_e>S37.9</diag_e>
	</mkb_ino_2>
	<mkb_ino_2>
		<id>9</id>
		<diag_b>S42.0</diag_b>
		<diag_e>S42.9</diag_e>
	</mkb_ino_2>
	<mkb_ino_2>
		<id>10</id>
		<diag_b>S52.0</diag_b>
		<diag_e>S52.9</diag_e>
	</mkb_ino_2>
	<mkb_ino_2>
		<id>11</id>
		<diag_b>S62.0</diag_b>
		<diag_e>S62.8</diag_e>
	</mkb_ino_2>
	<mkb_ino_2>
		<id>12</id>
		<diag_b>S72.0</diag_b>
		<diag_e>S72.9</diag_e>
	</mkb_ino_2>
	<mkb_ino_2>
		<id>13</id>
		<diag_b>S82.0</diag_b>
		<diag_e>S82.9</diag_e>
	</mkb_ino_2>
	<mkb_ino_2>
		<id>14</id>
		<diag_b>S92.0</diag_b>
		<diag_e>S92.9</diag_e>
	</mkb_ino_2>
	<mkb_ino_2>
		<id>15</id>
		<diag_b>T02.0</diag_b>
		<diag_e>T02.9</diag_e>
	</mkb_ino_2>
	<mkb_ino_2>
		<id>16</id>
		<diag_b>T14.2</diag_b>
		<diag_e>T14.2</diag_e>
	</mkb_ino_2>
</VFPData>
