<?xml version = "1.0" encoding="Windows-1251" standalone="yes"?>
<VFPData>
	<xsd:schema id="VFPData" xmlns:xsd="http://www.w3.org/2001/XMLSchema" xmlns:msdata="urn:schemas-microsoft-com:xml-msdata">
		<xsd:element name="VFPData" msdata:IsDataSet="true">
			<xsd:complexType>
				<xsd:choice maxOccurs="unbounded">
					<xsd:element name="n009" minOccurs="0" maxOccurs="unbounded">
						<xsd:complexType>
							<xsd:sequence>
								<xsd:element name="id_m_d">
									<xsd:simpleType>
										<xsd:restriction base="xsd:decimal">
											<xsd:totalDigits value="4"/>
											<xsd:fractionDigits value="0"/>
										</xsd:restriction>
									</xsd:simpleType>
								</xsd:element>
								<xsd:element name="ds_mrf">
									<xsd:simpleType>
										<xsd:restriction base="xsd:string">
											<xsd:maxLength value="6"/>
										</xsd:restriction>
									</xsd:simpleType>
								</xsd:element>
								<xsd:element name="id_mrf">
									<xsd:simpleType>
										<xsd:restriction base="xsd:decimal">
											<xsd:totalDigits value="4"/>
											<xsd:fractionDigits value="0"/>
										</xsd:restriction>
									</xsd:simpleType>
								</xsd:element>
								<xsd:element name="datebeg" type="xsd:date"/>
								<xsd:element name="dateend" type="xsd:date"/>
							</xsd:sequence>
						</xsd:complexType>
					</xsd:element>
				</xsd:choice>
				<xsd:anyAttribute namespace="http://www.w3.org/XML/1998/namespace" processContents="lax"/>
			</xsd:complexType>
		</xsd:element>
	</xsd:schema>
	<n009>
		<id_m_d>1</id_m_d>
		<ds_mrf>C16</ds_mrf>
		<id_mrf>1</id_mrf>
		<datebeg>2018-09-01</datebeg>
		<dateend>9999-12-31</dateend>
	</n009>
	<n009>
		<id_m_d>2</id_m_d>
		<ds_mrf>C56</ds_mrf>
		<id_mrf>1</id_mrf>
		<datebeg>2018-09-01</datebeg>
		<dateend>9999-12-31</dateend>
	</n009>
	<n009>
		<id_m_d>3</id_m_d>
		<ds_mrf>C56</ds_mrf>
		<id_mrf>3</id_mrf>
		<datebeg>2018-09-01</datebeg>
		<dateend>9999-12-31</dateend>
	</n009>
	<n009>
		<id_m_d>4</id_m_d>
		<ds_mrf>C15</ds_mrf>
		<id_mrf>1</id_mrf>
		<datebeg>2018-09-01</datebeg>
		<dateend>9999-12-31</dateend>
	</n009>
	<n009>
		<id_m_d>5</id_m_d>
		<ds_mrf>C18</ds_mrf>
		<id_mrf>1</id_mrf>
		<datebeg>2018-09-01</datebeg>
		<dateend>9999-12-31</dateend>
	</n009>
	<n009>
		<id_m_d>6</id_m_d>
		<ds_mrf>C19</ds_mrf>
		<id_mrf>1</id_mrf>
		<datebeg>2018-09-01</datebeg>
		<dateend>9999-12-31</dateend>
	</n009>
	<n009>
		<id_m_d>7</id_m_d>
		<ds_mrf>C20</ds_mrf>
		<id_mrf>1</id_mrf>
		<datebeg>2018-09-01</datebeg>
		<dateend>9999-12-31</dateend>
	</n009>
	<n009>
		<id_m_d>8</id_m_d>
		<ds_mrf>C25</ds_mrf>
		<id_mrf>1</id_mrf>
		<datebeg>2018-09-01</datebeg>
		<dateend>9999-12-31</dateend>
	</n009>
	<n009>
		<id_m_d>9</id_m_d>
		<ds_mrf>C32</ds_mrf>
		<id_mrf>1</id_mrf>
		<datebeg>2018-09-01</datebeg>
		<dateend>9999-12-31</dateend>
	</n009>
	<n009>
		<id_m_d>10</id_m_d>
		<ds_mrf>C34</ds_mrf>
		<id_mrf>1</id_mrf>
		<datebeg>2018-09-01</datebeg>
		<dateend>9999-12-31</dateend>
	</n009>
	<n009>
		<id_m_d>11</id_m_d>
		<ds_mrf>C34</ds_mrf>
		<id_mrf>4</id_mrf>
		<datebeg>2018-09-01</datebeg>
		<dateend>9999-12-31</dateend>
	</n009>
	<n009>
		<id_m_d>12</id_m_d>
		<ds_mrf>C61</ds_mrf>
		<id_mrf>1</id_mrf>
		<datebeg>2018-09-01</datebeg>
		<dateend>9999-12-31</dateend>
	</n009>
	<n009>
		<id_m_d>13</id_m_d>
		<ds_mrf>C64</ds_mrf>
		<id_mrf>5</id_mrf>
		<datebeg>2018-09-01</datebeg>
		<dateend>9999-12-31</dateend>
	</n009>
	<n009>
		<id_m_d>14</id_m_d>
		<ds_mrf>C64</ds_mrf>
		<id_mrf>2</id_mrf>
		<datebeg>2018-09-01</datebeg>
		<dateend>9999-12-31</dateend>
	</n009>
	<n009>
		<id_m_d>15</id_m_d>
		<ds_mrf>C67</ds_mrf>
		<id_mrf>1</id_mrf>
		<datebeg>2018-09-01</datebeg>
		<dateend>9999-12-31</dateend>
	</n009>
	<n009>
		<id_m_d>16</id_m_d>
		<ds_mrf>C73</ds_mrf>
		<id_mrf>6</id_mrf>
		<datebeg>2018-09-01</datebeg>
		<dateend>9999-12-31</dateend>
	</n009>
	<n009>
		<id_m_d>17</id_m_d>
		<ds_mrf>C44</ds_mrf>
		<id_mrf>7</id_mrf>
		<datebeg>2018-09-01</datebeg>
		<dateend>9999-12-31</dateend>
	</n009>
	<n009>
		<id_m_d>18</id_m_d>
		<ds_mrf>C44</ds_mrf>
		<id_mrf>8</id_mrf>
		<datebeg>2018-09-01</datebeg>
		<dateend>9999-12-31</dateend>
	</n009>
	<n009>
		<id_m_d>19</id_m_d>
		<ds_mrf>C50</ds_mrf>
		<id_mrf>1</id_mrf>
		<datebeg>2018-09-01</datebeg>
		<dateend>9999-12-31</dateend>
	</n009>
	<n009>
		<id_m_d>20</id_m_d>
		<ds_mrf>C53</ds_mrf>
		<id_mrf>1</id_mrf>
		<datebeg>2018-09-01</datebeg>
		<dateend>9999-12-31</dateend>
	</n009>
	<n009>
		<id_m_d>21</id_m_d>
		<ds_mrf>C54</ds_mrf>
		<id_mrf>9</id_mrf>
		<datebeg>2018-09-01</datebeg>
		<dateend>9999-12-31</dateend>
	</n009>
	<n009>
		<id_m_d>22</id_m_d>
		<ds_mrf>C54</ds_mrf>
		<id_mrf>3</id_mrf>
		<datebeg>2018-09-01</datebeg>
		<dateend>9999-12-31</dateend>
	</n009>
	<n009>
		<id_m_d>23</id_m_d>
		<ds_mrf>C15</ds_mrf>
		<id_mrf>10</id_mrf>
		<datebeg>2018-09-01</datebeg>
		<dateend>9999-12-31</dateend>
	</n009>
	<n009>
		<id_m_d>24</id_m_d>
		<ds_mrf>C16</ds_mrf>
		<id_mrf>10</id_mrf>
		<datebeg>2018-09-01</datebeg>
		<dateend>9999-12-31</dateend>
	</n009>
</VFPData>
