<?xml version = "1.0" encoding="Windows-1251" standalone="yes"?>
<VFPData>
	<xsd:schema id="VFPData" xmlns:xsd="http://www.w3.org/2001/XMLSchema" xmlns:msdata="urn:schemas-microsoft-com:xml-msdata">
		<xsd:element name="VFPData" msdata:IsDataSet="true">
			<xsd:complexType>
				<xsd:choice maxOccurs="unbounded">
					<xsd:element name="n012" minOccurs="0" maxOccurs="unbounded">
						<xsd:complexType>
							<xsd:sequence>
								<xsd:element name="id_i_d">
									<xsd:simpleType>
										<xsd:restriction base="xsd:decimal">
											<xsd:totalDigits value="4"/>
											<xsd:fractionDigits value="0"/>
										</xsd:restriction>
									</xsd:simpleType>
								</xsd:element>
								<xsd:element name="ds_igh">
									<xsd:simpleType>
										<xsd:restriction base="xsd:string">
											<xsd:maxLength value="6"/>
										</xsd:restriction>
									</xsd:simpleType>
								</xsd:element>
								<xsd:element name="id_igh">
									<xsd:simpleType>
										<xsd:restriction base="xsd:decimal">
											<xsd:totalDigits value="4"/>
											<xsd:fractionDigits value="0"/>
										</xsd:restriction>
									</xsd:simpleType>
								</xsd:element>
								<xsd:element name="datebeg" type="xsd:date"/>
								<xsd:element name="dateend" type="xsd:date"/>
							</xsd:sequence>
						</xsd:complexType>
					</xsd:element>
				</xsd:choice>
				<xsd:anyAttribute namespace="http://www.w3.org/XML/1998/namespace" processContents="lax"/>
			</xsd:complexType>
		</xsd:element>
	</xsd:schema>
	<n012>
		<id_i_d>1</id_i_d>
		<ds_igh>C16</ds_igh>
		<id_igh>1</id_igh>
		<datebeg>2018-09-01</datebeg>
		<dateend>9999-12-31</dateend>
	</n012>
	<n012>
		<id_i_d>2</id_i_d>
		<ds_igh>C43</ds_igh>
		<id_igh>2</id_igh>
		<datebeg>2018-09-01</datebeg>
		<dateend>9999-12-31</dateend>
	</n012>
	<n012>
		<id_i_d>3</id_i_d>
		<ds_igh>C43</ds_igh>
		<id_igh>3</id_igh>
		<datebeg>2018-09-01</datebeg>
		<dateend>9999-12-31</dateend>
	</n012>
	<n012>
		<id_i_d>4</id_i_d>
		<ds_igh>C18</ds_igh>
		<id_igh>4</id_igh>
		<datebeg>2018-09-01</datebeg>
		<dateend>9999-12-31</dateend>
	</n012>
	<n012>
		<id_i_d>5</id_i_d>
		<ds_igh>C19</ds_igh>
		<id_igh>4</id_igh>
		<datebeg>2018-09-01</datebeg>
		<dateend>9999-12-31</dateend>
	</n012>
	<n012>
		<id_i_d>6</id_i_d>
		<ds_igh>C20</ds_igh>
		<id_igh>4</id_igh>
		<datebeg>2018-09-01</datebeg>
		<dateend>9999-12-31</dateend>
	</n012>
	<n012>
		<id_i_d>7</id_i_d>
		<ds_igh>C34</ds_igh>
		<id_igh>5</id_igh>
		<datebeg>2018-09-01</datebeg>
		<dateend>9999-12-31</dateend>
	</n012>
	<n012>
		<id_i_d>8</id_i_d>
		<ds_igh>C34</ds_igh>
		<id_igh>6</id_igh>
		<datebeg>2018-09-01</datebeg>
		<dateend>9999-12-31</dateend>
	</n012>
	<n012>
		<id_i_d>9</id_i_d>
		<ds_igh>C34</ds_igh>
		<id_igh>7</id_igh>
		<datebeg>2018-09-01</datebeg>
		<dateend>9999-12-31</dateend>
	</n012>
	<n012>
		<id_i_d>10</id_i_d>
		<ds_igh>C50</ds_igh>
		<id_igh>8</id_igh>
		<datebeg>2018-09-01</datebeg>
		<dateend>9999-12-31</dateend>
	</n012>
	<n012>
		<id_i_d>11</id_i_d>
		<ds_igh>C50</ds_igh>
		<id_igh>9</id_igh>
		<datebeg>2018-09-01</datebeg>
		<dateend>9999-12-31</dateend>
	</n012>
	<n012>
		<id_i_d>12</id_i_d>
		<ds_igh>C50</ds_igh>
		<id_igh>10</id_igh>
		<datebeg>2018-09-01</datebeg>
		<dateend>9999-12-31</dateend>
	</n012>
	<n012>
		<id_i_d>13</id_i_d>
		<ds_igh>C50</ds_igh>
		<id_igh>11</id_igh>
		<datebeg>2018-09-01</datebeg>
		<dateend>2019-11-30</dateend>
	</n012>
	<n012>
		<id_i_d>14</id_i_d>
		<ds_igh>C50</ds_igh>
		<id_igh>12</id_igh>
		<datebeg>2018-09-01</datebeg>
		<dateend>9999-12-31</dateend>
	</n012>
	<n012>
		<id_i_d>15</id_i_d>
		<ds_igh>C18</ds_igh>
		<id_igh>2</id_igh>
		<datebeg>2018-09-01</datebeg>
		<dateend>9999-12-31</dateend>
	</n012>
	<n012>
		<id_i_d>16</id_i_d>
		<ds_igh>C19</ds_igh>
		<id_igh>2</id_igh>
		<datebeg>2018-09-01</datebeg>
		<dateend>9999-12-31</dateend>
	</n012>
	<n012>
		<id_i_d>17</id_i_d>
		<ds_igh>C20</ds_igh>
		<id_igh>2</id_igh>
		<datebeg>2018-09-01</datebeg>
		<dateend>9999-12-31</dateend>
	</n012>
	<n012>
		<id_i_d>18</id_i_d>
		<ds_igh>C50</ds_igh>
		<id_igh>1</id_igh>
		<datebeg>2019-12-01</datebeg>
		<dateend>9999-12-31</dateend>
	</n012>
	<n012>
		<id_i_d>19</id_i_d>
		<ds_igh>C34</ds_igh>
		<id_igh>2</id_igh>
		<datebeg>2024-01-01</datebeg>
		<dateend>9999-12-31</dateend>
	</n012>
	<n012>
		<id_i_d>20</id_i_d>
		<ds_igh>C18</ds_igh>
		<id_igh>1</id_igh>
		<datebeg>2024-01-01</datebeg>
		<dateend>9999-12-31</dateend>
	</n012>
	<n012>
		<id_i_d>21</id_i_d>
		<ds_igh>C19</ds_igh>
		<id_igh>1</id_igh>
		<datebeg>2024-01-01</datebeg>
		<dateend>9999-12-31</dateend>
	</n012>
	<n012>
		<id_i_d>22</id_i_d>
		<ds_igh>C20</ds_igh>
		<id_igh>1</id_igh>
		<datebeg>2024-01-01</datebeg>
		<dateend>9999-12-31</dateend>
	</n012>
	<n012>
		<id_i_d>23</id_i_d>
		<ds_igh>C25</ds_igh>
		<id_igh>12</id_igh>
		<datebeg>2024-01-01</datebeg>
		<dateend>9999-12-31</dateend>
	</n012>
	<n012>
		<id_i_d>24</id_i_d>
		<ds_igh>C48.0</ds_igh>
		<id_igh>12</id_igh>
		<datebeg>2024-01-01</datebeg>
		<dateend>9999-12-31</dateend>
	</n012>
	<n012>
		<id_i_d>25</id_i_d>
		<ds_igh>C48.1</ds_igh>
		<id_igh>12</id_igh>
		<datebeg>2024-01-01</datebeg>
		<dateend>9999-12-31</dateend>
	</n012>
	<n012>
		<id_i_d>26</id_i_d>
		<ds_igh>C48.2</ds_igh>
		<id_igh>12</id_igh>
		<datebeg>2024-01-01</datebeg>
		<dateend>9999-12-31</dateend>
	</n012>
	<n012>
		<id_i_d>27</id_i_d>
		<ds_igh>C56</ds_igh>
		<id_igh>12</id_igh>
		<datebeg>2024-01-01</datebeg>
		<dateend>9999-12-31</dateend>
	</n012>
	<n012>
		<id_i_d>28</id_i_d>
		<ds_igh>C57</ds_igh>
		<id_igh>12</id_igh>
		<datebeg>2024-01-01</datebeg>
		<dateend>9999-12-31</dateend>
	</n012>
	<n012>
		<id_i_d>29</id_i_d>
		<ds_igh>C61</ds_igh>
		<id_igh>12</id_igh>
		<datebeg>2024-01-01</datebeg>
		<dateend>9999-12-31</dateend>
	</n012>
	<n012>
		<id_i_d>32</id_i_d>
		<ds_igh>C07</ds_igh>
		<id_igh>1</id_igh>
		<datebeg>2024-01-01</datebeg>
		<dateend>9999-12-31</dateend>
	</n012>
	<n012>
		<id_i_d>33</id_i_d>
		<ds_igh>C08</ds_igh>
		<id_igh>1</id_igh>
		<datebeg>2024-01-01</datebeg>
		<dateend>9999-12-31</dateend>
	</n012>
	<n012>
		<id_i_d>34</id_i_d>
		<ds_igh>C15</ds_igh>
		<id_igh>1</id_igh>
		<datebeg>2024-01-01</datebeg>
		<dateend>9999-12-31</dateend>
	</n012>
	<n012>
		<id_i_d>35</id_i_d>
		<ds_igh>C54</ds_igh>
		<id_igh>1</id_igh>
		<datebeg>2024-01-01</datebeg>
		<dateend>9999-12-31</dateend>
	</n012>
</VFPData>
