<?xml version = "1.0" encoding="Windows-1251" standalone="yes"?>
<VFPData>
	<xsd:schema id="VFPData" xmlns:xsd="http://www.w3.org/2001/XMLSchema" xmlns:msdata="urn:schemas-microsoft-com:xml-msdata">
		<xsd:element name="VFPData" msdata:IsDataSet="true">
			<xsd:complexType>
				<xsd:choice maxOccurs="unbounded">
					<xsd:element name="smptar_16" minOccurs="0" maxOccurs="unbounded">
						<xsd:complexType>
							<xsd:sequence>
								<xsd:element name="id_r_smpta">
									<xsd:simpleType>
										<xsd:restriction base="xsd:decimal">
											<xsd:totalDigits value="11"/>
											<xsd:fractionDigits value="0"/>
										</xsd:restriction>
									</xsd:simpleType>
								</xsd:element>
								<xsd:element name="code_hosp">
									<xsd:simpleType>
										<xsd:restriction base="xsd:string">
											<xsd:maxLength value="3"/>
										</xsd:restriction>
									</xsd:simpleType>
								</xsd:element>
								<xsd:element name="pnf">
									<xsd:simpleType>
										<xsd:restriction base="xsd:decimal">
											<xsd:totalDigits value="3"/>
											<xsd:fractionDigits value="0"/>
										</xsd:restriction>
									</xsd:simpleType>
								</xsd:element>
								<xsd:element name="tarif">
									<xsd:simpleType>
										<xsd:restriction base="xsd:decimal">
											<xsd:totalDigits value="11"/>
											<xsd:fractionDigits value="2"/>
										</xsd:restriction>
									</xsd:simpleType>
								</xsd:element>
								<xsd:element name="tarif_1">
									<xsd:simpleType>
										<xsd:restriction base="xsd:decimal">
											<xsd:totalDigits value="11"/>
											<xsd:fractionDigits value="2"/>
										</xsd:restriction>
									</xsd:simpleType>
								</xsd:element>
								<xsd:element name="tarif_3">
									<xsd:simpleType>
										<xsd:restriction base="xsd:decimal">
											<xsd:totalDigits value="11"/>
											<xsd:fractionDigits value="2"/>
										</xsd:restriction>
									</xsd:simpleType>
								</xsd:element>
								<xsd:element name="tarif_6">
									<xsd:simpleType>
										<xsd:restriction base="xsd:decimal">
											<xsd:totalDigits value="11"/>
											<xsd:fractionDigits value="2"/>
										</xsd:restriction>
									</xsd:simpleType>
								</xsd:element>
								<xsd:element name="d_from" type="xsd:date"/>
								<xsd:element name="d_to" type="xsd:date"/>
								<xsd:element name="dop_pr">
									<xsd:simpleType>
										<xsd:restriction base="xsd:decimal">
											<xsd:totalDigits value="3"/>
											<xsd:fractionDigits value="0"/>
										</xsd:restriction>
									</xsd:simpleType>
								</xsd:element>
							</xsd:sequence>
						</xsd:complexType>
					</xsd:element>
				</xsd:choice>
				<xsd:anyAttribute namespace="http://www.w3.org/XML/1998/namespace" processContents="lax"/>
			</xsd:complexType>
		</xsd:element>
	</xsd:schema>
	<smptar_16>
		<id_r_smpta>1</id_r_smpta>
		<code_hosp>037</code_hosp>
		<pnf>0</pnf>
		<tarif>3208.87</tarif>
		<tarif_1>2636.69</tarif_1>
		<tarif_3>163.49</tarif_3>
		<tarif_6>408.69</tarif_6>
		<d_from>2016-01-01</d_from>
		<d_to>2016-12-31</d_to>
		<dop_pr>0</dop_pr>
	</smptar_16>
	<smptar_16>
		<id_r_smpta>2</id_r_smpta>
		<code_hosp>038</code_hosp>
		<pnf>0</pnf>
		<tarif>3223.02</tarif>
		<tarif_1>2648.94</tarif_1>
		<tarif_3>163.49</tarif_3>
		<tarif_6>410.59</tarif_6>
		<d_from>2016-01-01</d_from>
		<d_to>2016-12-31</d_to>
		<dop_pr>0</dop_pr>
	</smptar_16>
	<smptar_16>
		<id_r_smpta>3</id_r_smpta>
		<code_hosp>007</code_hosp>
		<pnf>0</pnf>
		<tarif>3208.87</tarif>
		<tarif_1>2636.69</tarif_1>
		<tarif_3>163.49</tarif_3>
		<tarif_6>408.69</tarif_6>
		<d_from>2016-01-01</d_from>
		<d_to>2016-12-31</d_to>
		<dop_pr>0</dop_pr>
	</smptar_16>
	<smptar_16>
		<id_r_smpta>4</id_r_smpta>
		<code_hosp>009</code_hosp>
		<pnf>0</pnf>
		<tarif>4053.31</tarif>
		<tarif_1>3367.81</tarif_1>
		<tarif_3>163.49</tarif_3>
		<tarif_6>522.01</tarif_6>
		<d_from>2016-01-01</d_from>
		<d_to>2016-12-31</d_to>
		<dop_pr>0</dop_pr>
	</smptar_16>
	<smptar_16>
		<id_r_smpta>5</id_r_smpta>
		<code_hosp>013</code_hosp>
		<pnf>0</pnf>
		<tarif>4058.82</tarif>
		<tarif_1>3372.58</tarif_1>
		<tarif_3>163.49</tarif_3>
		<tarif_6>522.75</tarif_6>
		<d_from>2016-01-01</d_from>
		<d_to>2016-12-31</d_to>
		<dop_pr>0</dop_pr>
	</smptar_16>
	<smptar_16>
		<id_r_smpta>6</id_r_smpta>
		<code_hosp>014</code_hosp>
		<pnf>0</pnf>
		<tarif>4053.31</tarif>
		<tarif_1>3367.81</tarif_1>
		<tarif_3>163.49</tarif_3>
		<tarif_6>522.01</tarif_6>
		<d_from>2016-01-01</d_from>
		<d_to>2016-12-31</d_to>
		<dop_pr>0</dop_pr>
	</smptar_16>
	<smptar_16>
		<id_r_smpta>7</id_r_smpta>
		<code_hosp>045</code_hosp>
		<pnf>0</pnf>
		<tarif>3715.53</tarif>
		<tarif_1>3075.36</tarif_1>
		<tarif_3>163.49</tarif_3>
		<tarif_6>476.68</tarif_6>
		<d_from>2016-01-01</d_from>
		<d_to>2016-12-31</d_to>
		<dop_pr>0</dop_pr>
	</smptar_16>
	<smptar_16>
		<id_r_smpta>8</id_r_smpta>
		<code_hosp>046</code_hosp>
		<pnf>0</pnf>
		<tarif>3208.87</tarif>
		<tarif_1>2636.69</tarif_1>
		<tarif_3>163.49</tarif_3>
		<tarif_6>408.69</tarif_6>
		<d_from>2016-01-01</d_from>
		<d_to>2016-12-31</d_to>
		<dop_pr>0</dop_pr>
	</smptar_16>
	<smptar_16>
		<id_r_smpta>9</id_r_smpta>
		<code_hosp>010</code_hosp>
		<pnf>0</pnf>
		<tarif>3715.53</tarif>
		<tarif_1>3075.36</tarif_1>
		<tarif_3>163.49</tarif_3>
		<tarif_6>476.68</tarif_6>
		<d_from>2016-01-01</d_from>
		<d_to>2016-12-31</d_to>
		<dop_pr>0</dop_pr>
	</smptar_16>
	<smptar_16>
		<id_r_smpta>10</id_r_smpta>
		<code_hosp>008</code_hosp>
		<pnf>0</pnf>
		<tarif>3208.87</tarif>
		<tarif_1>2636.69</tarif_1>
		<tarif_3>163.49</tarif_3>
		<tarif_6>408.69</tarif_6>
		<d_from>2016-01-01</d_from>
		<d_to>2016-12-31</d_to>
		<dop_pr>0</dop_pr>
	</smptar_16>
	<smptar_16>
		<id_r_smpta>11</id_r_smpta>
		<code_hosp>029</code_hosp>
		<pnf>0</pnf>
		<tarif>3208.87</tarif>
		<tarif_1>2636.69</tarif_1>
		<tarif_3>163.49</tarif_3>
		<tarif_6>408.69</tarif_6>
		<d_from>2016-01-01</d_from>
		<d_to>2016-05-31</d_to>
		<dop_pr>0</dop_pr>
	</smptar_16>
	<smptar_16>
		<id_r_smpta>12</id_r_smpta>
		<code_hosp>037</code_hosp>
		<pnf>1</pnf>
		<tarif>83.84</tarif>
		<tarif_1>68.89</tarif_1>
		<tarif_3>4.27</tarif_3>
		<tarif_6>10.68</tarif_6>
		<d_from>2016-01-01</d_from>
		<d_to>2016-10-31</d_to>
		<dop_pr>0</dop_pr>
	</smptar_16>
	<smptar_16>
		<id_r_smpta>13</id_r_smpta>
		<code_hosp>038</code_hosp>
		<pnf>1</pnf>
		<tarif>82.38</tarif>
		<tarif_1>67.70</tarif_1>
		<tarif_3>4.18</tarif_3>
		<tarif_6>10.50</tarif_6>
		<d_from>2016-01-01</d_from>
		<d_to>2016-10-31</d_to>
		<dop_pr>0</dop_pr>
	</smptar_16>
	<smptar_16>
		<id_r_smpta>14</id_r_smpta>
		<code_hosp>007</code_hosp>
		<pnf>1</pnf>
		<tarif>77.71</tarif>
		<tarif_1>63.85</tarif_1>
		<tarif_3>3.96</tarif_3>
		<tarif_6>9.90</tarif_6>
		<d_from>2016-01-01</d_from>
		<d_to>2016-10-31</d_to>
		<dop_pr>0</dop_pr>
	</smptar_16>
	<smptar_16>
		<id_r_smpta>15</id_r_smpta>
		<code_hosp>009</code_hosp>
		<pnf>1</pnf>
		<tarif>110.42</tarif>
		<tarif_1>91.75</tarif_1>
		<tarif_3>4.45</tarif_3>
		<tarif_6>14.22</tarif_6>
		<d_from>2016-01-01</d_from>
		<d_to>2016-10-31</d_to>
		<dop_pr>0</dop_pr>
	</smptar_16>
	<smptar_16>
		<id_r_smpta>16</id_r_smpta>
		<code_hosp>013</code_hosp>
		<pnf>1</pnf>
		<tarif>130.48</tarif>
		<tarif_1>108.41</tarif_1>
		<tarif_3>5.26</tarif_3>
		<tarif_6>16.81</tarif_6>
		<d_from>2016-01-01</d_from>
		<d_to>2016-10-31</d_to>
		<dop_pr>0</dop_pr>
	</smptar_16>
	<smptar_16>
		<id_r_smpta>17</id_r_smpta>
		<code_hosp>014</code_hosp>
		<pnf>1</pnf>
		<tarif>118.67</tarif>
		<tarif_1>98.61</tarif_1>
		<tarif_3>4.78</tarif_3>
		<tarif_6>15.28</tarif_6>
		<d_from>2016-01-01</d_from>
		<d_to>2016-10-31</d_to>
		<dop_pr>0</dop_pr>
	</smptar_16>
	<smptar_16>
		<id_r_smpta>18</id_r_smpta>
		<code_hosp>045</code_hosp>
		<pnf>1</pnf>
		<tarif>101.28</tarif>
		<tarif_1>83.83</tarif_1>
		<tarif_3>4.46</tarif_3>
		<tarif_6>12.99</tarif_6>
		<d_from>2016-01-01</d_from>
		<d_to>2016-10-31</d_to>
		<dop_pr>0</dop_pr>
	</smptar_16>
	<smptar_16>
		<id_r_smpta>19</id_r_smpta>
		<code_hosp>046</code_hosp>
		<pnf>1</pnf>
		<tarif>84.31</tarif>
		<tarif_1>69.28</tarif_1>
		<tarif_3>4.29</tarif_3>
		<tarif_6>10.74</tarif_6>
		<d_from>2016-01-01</d_from>
		<d_to>2016-10-31</d_to>
		<dop_pr>0</dop_pr>
	</smptar_16>
	<smptar_16>
		<id_r_smpta>20</id_r_smpta>
		<code_hosp>010</code_hosp>
		<pnf>1</pnf>
		<tarif>94.72</tarif>
		<tarif_1>78.40</tarif_1>
		<tarif_3>4.17</tarif_3>
		<tarif_6>12.15</tarif_6>
		<d_from>2016-01-01</d_from>
		<d_to>2016-10-31</d_to>
		<dop_pr>0</dop_pr>
	</smptar_16>
	<smptar_16>
		<id_r_smpta>21</id_r_smpta>
		<code_hosp>008</code_hosp>
		<pnf>1</pnf>
		<tarif>76.26</tarif>
		<tarif_1>62.66</tarif_1>
		<tarif_3>3.88</tarif_3>
		<tarif_6>9.72</tarif_6>
		<d_from>2016-01-01</d_from>
		<d_to>2016-10-31</d_to>
		<dop_pr>0</dop_pr>
	</smptar_16>
	<smptar_16>
		<id_r_smpta>22</id_r_smpta>
		<code_hosp>029</code_hosp>
		<pnf>1</pnf>
		<tarif>84.76</tarif>
		<tarif_1>69.65</tarif_1>
		<tarif_3>4.31</tarif_3>
		<tarif_6>10.80</tarif_6>
		<d_from>2016-01-01</d_from>
		<d_to>2016-05-31</d_to>
		<dop_pr>0</dop_pr>
	</smptar_16>
	<smptar_16>
		<id_r_smpta>23</id_r_smpta>
		<code_hosp>419</code_hosp>
		<pnf>0</pnf>
		<tarif>3208.87</tarif>
		<tarif_1>2636.69</tarif_1>
		<tarif_3>163.49</tarif_3>
		<tarif_6>408.69</tarif_6>
		<d_from>2016-06-01</d_from>
		<d_to>2016-12-31</d_to>
		<dop_pr>0</dop_pr>
	</smptar_16>
	<smptar_16>
		<id_r_smpta>24</id_r_smpta>
		<code_hosp>419</code_hosp>
		<pnf>1</pnf>
		<tarif>84.76</tarif>
		<tarif_1>69.65</tarif_1>
		<tarif_3>4.31</tarif_3>
		<tarif_6>10.80</tarif_6>
		<d_from>2016-06-01</d_from>
		<d_to>2016-10-31</d_to>
		<dop_pr>0</dop_pr>
	</smptar_16>
	<smptar_16>
		<id_r_smpta>25</id_r_smpta>
		<code_hosp>007</code_hosp>
		<pnf>0</pnf>
		<tarif>52703.13</tarif>
		<tarif_1>2636.69</tarif_1>
		<tarif_3>49657.75</tarif_3>
		<tarif_6>408.69</tarif_6>
		<d_from>2016-07-01</d_from>
		<d_to>2016-12-31</d_to>
		<dop_pr>1</dop_pr>
	</smptar_16>
	<smptar_16>
		<id_r_smpta>26</id_r_smpta>
		<code_hosp>009</code_hosp>
		<pnf>0</pnf>
		<tarif>53547.57</tarif>
		<tarif_1>3367.81</tarif_1>
		<tarif_3>49657.75</tarif_3>
		<tarif_6>522.01</tarif_6>
		<d_from>2016-07-01</d_from>
		<d_to>2016-12-31</d_to>
		<dop_pr>1</dop_pr>
	</smptar_16>
	<smptar_16>
		<id_r_smpta>27</id_r_smpta>
		<code_hosp>013</code_hosp>
		<pnf>0</pnf>
		<tarif>53553.08</tarif>
		<tarif_1>3372.58</tarif_1>
		<tarif_3>49657.75</tarif_3>
		<tarif_6>522.75</tarif_6>
		<d_from>2016-07-01</d_from>
		<d_to>2016-12-31</d_to>
		<dop_pr>1</dop_pr>
	</smptar_16>
	<smptar_16>
		<id_r_smpta>28</id_r_smpta>
		<code_hosp>014</code_hosp>
		<pnf>0</pnf>
		<tarif>53547.57</tarif>
		<tarif_1>3367.81</tarif_1>
		<tarif_3>49657.75</tarif_3>
		<tarif_6>522.01</tarif_6>
		<d_from>2016-07-01</d_from>
		<d_to>2016-12-31</d_to>
		<dop_pr>1</dop_pr>
	</smptar_16>
	<smptar_16>
		<id_r_smpta>29</id_r_smpta>
		<code_hosp>045</code_hosp>
		<pnf>0</pnf>
		<tarif>53209.79</tarif>
		<tarif_1>3075.36</tarif_1>
		<tarif_3>49657.75</tarif_3>
		<tarif_6>476.68</tarif_6>
		<d_from>2016-07-01</d_from>
		<d_to>2016-12-31</d_to>
		<dop_pr>1</dop_pr>
	</smptar_16>
	<smptar_16>
		<id_r_smpta>30</id_r_smpta>
		<code_hosp>046</code_hosp>
		<pnf>0</pnf>
		<tarif>52703.13</tarif>
		<tarif_1>2636.69</tarif_1>
		<tarif_3>49657.75</tarif_3>
		<tarif_6>408.69</tarif_6>
		<d_from>2016-07-01</d_from>
		<d_to>2016-12-31</d_to>
		<dop_pr>1</dop_pr>
	</smptar_16>
	<smptar_16>
		<id_r_smpta>31</id_r_smpta>
		<code_hosp>010</code_hosp>
		<pnf>0</pnf>
		<tarif>53209.79</tarif>
		<tarif_1>3075.36</tarif_1>
		<tarif_3>49657.75</tarif_3>
		<tarif_6>476.68</tarif_6>
		<d_from>2016-07-01</d_from>
		<d_to>2016-12-31</d_to>
		<dop_pr>1</dop_pr>
	</smptar_16>
	<smptar_16>
		<id_r_smpta>32</id_r_smpta>
		<code_hosp>008</code_hosp>
		<pnf>0</pnf>
		<tarif>52703.13</tarif>
		<tarif_1>2636.69</tarif_1>
		<tarif_3>49657.75</tarif_3>
		<tarif_6>408.69</tarif_6>
		<d_from>2016-07-01</d_from>
		<d_to>2016-12-31</d_to>
		<dop_pr>1</dop_pr>
	</smptar_16>
	<smptar_16>
		<id_r_smpta>33</id_r_smpta>
		<code_hosp>419</code_hosp>
		<pnf>0</pnf>
		<tarif>52703.13</tarif>
		<tarif_1>2636.69</tarif_1>
		<tarif_3>49657.75</tarif_3>
		<tarif_6>408.69</tarif_6>
		<d_from>2016-07-01</d_from>
		<d_to>2016-12-31</d_to>
		<dop_pr>1</dop_pr>
	</smptar_16>
	<smptar_16>
		<id_r_smpta>34</id_r_smpta>
		<code_hosp>037</code_hosp>
		<pnf>0</pnf>
		<tarif>52703.13</tarif>
		<tarif_1>2636.69</tarif_1>
		<tarif_3>49657.75</tarif_3>
		<tarif_6>408.69</tarif_6>
		<d_from>2016-07-01</d_from>
		<d_to>2016-12-31</d_to>
		<dop_pr>1</dop_pr>
	</smptar_16>
	<smptar_16>
		<id_r_smpta>35</id_r_smpta>
		<code_hosp>038</code_hosp>
		<pnf>0</pnf>
		<tarif>52717.28</tarif>
		<tarif_1>2648.94</tarif_1>
		<tarif_3>49657.75</tarif_3>
		<tarif_6>410.59</tarif_6>
		<d_from>2016-07-01</d_from>
		<d_to>2016-12-31</d_to>
		<dop_pr>1</dop_pr>
	</smptar_16>
	<smptar_16>
		<id_r_smpta>36</id_r_smpta>
		<code_hosp>007</code_hosp>
		<pnf>1</pnf>
		<tarif>78.98</tarif>
		<tarif_1>65.12</tarif_1>
		<tarif_3>3.96</tarif_3>
		<tarif_6>9.90</tarif_6>
		<d_from>2016-11-01</d_from>
		<d_to>2016-12-31</d_to>
		<dop_pr>0</dop_pr>
	</smptar_16>
	<smptar_16>
		<id_r_smpta>37</id_r_smpta>
		<code_hosp>009</code_hosp>
		<pnf>1</pnf>
		<tarif>112.22</tarif>
		<tarif_1>93.54</tarif_1>
		<tarif_3>4.46</tarif_3>
		<tarif_6>14.22</tarif_6>
		<d_from>2016-11-01</d_from>
		<d_to>2016-12-31</d_to>
		<dop_pr>0</dop_pr>
	</smptar_16>
	<smptar_16>
		<id_r_smpta>38</id_r_smpta>
		<code_hosp>013</code_hosp>
		<pnf>1</pnf>
		<tarif>132.61</tarif>
		<tarif_1>110.55</tarif_1>
		<tarif_3>5.26</tarif_3>
		<tarif_6>16.80</tarif_6>
		<d_from>2016-11-01</d_from>
		<d_to>2016-12-31</d_to>
		<dop_pr>0</dop_pr>
	</smptar_16>
	<smptar_16>
		<id_r_smpta>39</id_r_smpta>
		<code_hosp>014</code_hosp>
		<pnf>1</pnf>
		<tarif>120.61</tarif>
		<tarif_1>100.54</tarif_1>
		<tarif_3>4.79</tarif_3>
		<tarif_6>15.28</tarif_6>
		<d_from>2016-11-01</d_from>
		<d_to>2016-12-31</d_to>
		<dop_pr>0</dop_pr>
	</smptar_16>
	<smptar_16>
		<id_r_smpta>40</id_r_smpta>
		<code_hosp>045</code_hosp>
		<pnf>1</pnf>
		<tarif>102.93</tarif>
		<tarif_1>85.48</tarif_1>
		<tarif_3>4.46</tarif_3>
		<tarif_6>12.99</tarif_6>
		<d_from>2016-11-01</d_from>
		<d_to>2016-12-31</d_to>
		<dop_pr>0</dop_pr>
	</smptar_16>
	<smptar_16>
		<id_r_smpta>41</id_r_smpta>
		<code_hosp>046</code_hosp>
		<pnf>1</pnf>
		<tarif>85.69</tarif>
		<tarif_1>70.66</tarif_1>
		<tarif_3>4.29</tarif_3>
		<tarif_6>10.74</tarif_6>
		<d_from>2016-11-01</d_from>
		<d_to>2016-12-31</d_to>
		<dop_pr>0</dop_pr>
	</smptar_16>
	<smptar_16>
		<id_r_smpta>42</id_r_smpta>
		<code_hosp>010</code_hosp>
		<pnf>1</pnf>
		<tarif>96.26</tarif>
		<tarif_1>79.94</tarif_1>
		<tarif_3>4.17</tarif_3>
		<tarif_6>12.15</tarif_6>
		<d_from>2016-11-01</d_from>
		<d_to>2016-12-31</d_to>
		<dop_pr>0</dop_pr>
	</smptar_16>
	<smptar_16>
		<id_r_smpta>43</id_r_smpta>
		<code_hosp>008</code_hosp>
		<pnf>1</pnf>
		<tarif>77.50</tarif>
		<tarif_1>63.91</tarif_1>
		<tarif_3>3.88</tarif_3>
		<tarif_6>9.71</tarif_6>
		<d_from>2016-11-01</d_from>
		<d_to>2016-12-31</d_to>
		<dop_pr>0</dop_pr>
	</smptar_16>
	<smptar_16>
		<id_r_smpta>44</id_r_smpta>
		<code_hosp>419</code_hosp>
		<pnf>1</pnf>
		<tarif>86.15</tarif>
		<tarif_1>71.04</tarif_1>
		<tarif_3>4.32</tarif_3>
		<tarif_6>10.79</tarif_6>
		<d_from>2016-11-01</d_from>
		<d_to>2016-12-31</d_to>
		<dop_pr>0</dop_pr>
	</smptar_16>
	<smptar_16>
		<id_r_smpta>45</id_r_smpta>
		<code_hosp>037</code_hosp>
		<pnf>1</pnf>
		<tarif>85.21</tarif>
		<tarif_1>70.26</tarif_1>
		<tarif_3>4.27</tarif_3>
		<tarif_6>10.68</tarif_6>
		<d_from>2016-11-01</d_from>
		<d_to>2016-12-31</d_to>
		<dop_pr>0</dop_pr>
	</smptar_16>
	<smptar_16>
		<id_r_smpta>46</id_r_smpta>
		<code_hosp>038</code_hosp>
		<pnf>1</pnf>
		<tarif>83.73</tarif>
		<tarif_1>69.06</tarif_1>
		<tarif_3>4.18</tarif_3>
		<tarif_6>10.49</tarif_6>
		<d_from>2016-11-01</d_from>
		<d_to>2016-12-31</d_to>
		<dop_pr>0</dop_pr>
	</smptar_16>
</VFPData>
