<?xml version = "1.0" encoding="Windows-1251" standalone="yes"?>
<VFPData>
	<xsd:schema id="VFPData" xmlns:xsd="http://www.w3.org/2001/XMLSchema" xmlns:msdata="urn:schemas-microsoft-com:xml-msdata">
		<xsd:element name="VFPData" msdata:IsDataSet="true">
			<xsd:complexType>
				<xsd:choice maxOccurs="unbounded">
					<xsd:element name="smptar_19" minOccurs="0" maxOccurs="unbounded">
						<xsd:complexType>
							<xsd:sequence>
								<xsd:element name="id_r_smpta">
									<xsd:simpleType>
										<xsd:restriction base="xsd:decimal">
											<xsd:totalDigits value="11"/>
											<xsd:fractionDigits value="0"/>
										</xsd:restriction>
									</xsd:simpleType>
								</xsd:element>
								<xsd:element name="code_hosp">
									<xsd:simpleType>
										<xsd:restriction base="xsd:string">
											<xsd:maxLength value="3"/>
										</xsd:restriction>
									</xsd:simpleType>
								</xsd:element>
								<xsd:element name="pnf">
									<xsd:simpleType>
										<xsd:restriction base="xsd:string">
											<xsd:maxLength value="10"/>
										</xsd:restriction>
									</xsd:simpleType>
								</xsd:element>
								<xsd:element name="tarif">
									<xsd:simpleType>
										<xsd:restriction base="xsd:decimal">
											<xsd:totalDigits value="11"/>
											<xsd:fractionDigits value="2"/>
										</xsd:restriction>
									</xsd:simpleType>
								</xsd:element>
								<xsd:element name="tarif_1">
									<xsd:simpleType>
										<xsd:restriction base="xsd:decimal">
											<xsd:totalDigits value="11"/>
											<xsd:fractionDigits value="2"/>
										</xsd:restriction>
									</xsd:simpleType>
								</xsd:element>
								<xsd:element name="tarif_3">
									<xsd:simpleType>
										<xsd:restriction base="xsd:decimal">
											<xsd:totalDigits value="11"/>
											<xsd:fractionDigits value="2"/>
										</xsd:restriction>
									</xsd:simpleType>
								</xsd:element>
								<xsd:element name="tarif_6">
									<xsd:simpleType>
										<xsd:restriction base="xsd:decimal">
											<xsd:totalDigits value="11"/>
											<xsd:fractionDigits value="2"/>
										</xsd:restriction>
									</xsd:simpleType>
								</xsd:element>
								<xsd:element name="d_from" type="xsd:date"/>
								<xsd:element name="d_to" type="xsd:date"/>
								<xsd:element name="dop_pr">
									<xsd:simpleType>
										<xsd:restriction base="xsd:decimal">
											<xsd:totalDigits value="3"/>
											<xsd:fractionDigits value="0"/>
										</xsd:restriction>
									</xsd:simpleType>
								</xsd:element>
							</xsd:sequence>
						</xsd:complexType>
					</xsd:element>
				</xsd:choice>
				<xsd:anyAttribute namespace="http://www.w3.org/XML/1998/namespace" processContents="lax"/>
			</xsd:complexType>
		</xsd:element>
	</xsd:schema>
	<smptar_19>
		<id_r_smpta>67</id_r_smpta>
		<code_hosp>007</code_hosp>
		<pnf>1</pnf>
		<tarif>101.62</tarif>
		<tarif_1>85.73</tarif_1>
		<tarif_3>4.50</tarif_3>
		<tarif_6>11.39</tarif_6>
		<d_from>2018-01-01</d_from>
		<d_to>2018-12-31</d_to>
		<dop_pr>0</dop_pr>
	</smptar_19>
	<smptar_19>
		<id_r_smpta>68</id_r_smpta>
		<code_hosp>009</code_hosp>
		<pnf>1</pnf>
		<tarif>141.46</tarif>
		<tarif_1>120.89</tarif_1>
		<tarif_3>4.50</tarif_3>
		<tarif_6>16.07</tarif_6>
		<d_from>2018-01-01</d_from>
		<d_to>2018-12-31</d_to>
		<dop_pr>0</dop_pr>
	</smptar_19>
	<smptar_19>
		<id_r_smpta>69</id_r_smpta>
		<code_hosp>013</code_hosp>
		<pnf>1</pnf>
		<tarif>167.50</tarif>
		<tarif_1>143.87</tarif_1>
		<tarif_3>4.50</tarif_3>
		<tarif_6>19.13</tarif_6>
		<d_from>2018-01-01</d_from>
		<d_to>2018-12-31</d_to>
		<dop_pr>0</dop_pr>
	</smptar_19>
	<smptar_19>
		<id_r_smpta>70</id_r_smpta>
		<code_hosp>014</code_hosp>
		<pnf>1</pnf>
		<tarif>167.50</tarif>
		<tarif_1>143.87</tarif_1>
		<tarif_3>4.50</tarif_3>
		<tarif_6>19.13</tarif_6>
		<d_from>2018-01-01</d_from>
		<d_to>2018-12-31</d_to>
		<dop_pr>0</dop_pr>
	</smptar_19>
	<smptar_19>
		<id_r_smpta>71</id_r_smpta>
		<code_hosp>045</code_hosp>
		<pnf>1</pnf>
		<tarif>121.57</tarif>
		<tarif_1>103.33</tarif_1>
		<tarif_3>4.50</tarif_3>
		<tarif_6>13.74</tarif_6>
		<d_from>2018-01-01</d_from>
		<d_to>2018-12-31</d_to>
		<dop_pr>0</dop_pr>
	</smptar_19>
	<smptar_19>
		<id_r_smpta>72</id_r_smpta>
		<code_hosp>046</code_hosp>
		<pnf>1</pnf>
		<tarif>121.57</tarif>
		<tarif_1>103.33</tarif_1>
		<tarif_3>4.50</tarif_3>
		<tarif_6>13.74</tarif_6>
		<d_from>2018-01-01</d_from>
		<d_to>2018-12-31</d_to>
		<dop_pr>0</dop_pr>
	</smptar_19>
	<smptar_19>
		<id_r_smpta>73</id_r_smpta>
		<code_hosp>010</code_hosp>
		<pnf>1</pnf>
		<tarif>141.46</tarif>
		<tarif_1>120.89</tarif_1>
		<tarif_3>4.50</tarif_3>
		<tarif_6>16.07</tarif_6>
		<d_from>2018-01-01</d_from>
		<d_to>2018-10-31</d_to>
		<dop_pr>0</dop_pr>
	</smptar_19>
	<smptar_19>
		<id_r_smpta>74</id_r_smpta>
		<code_hosp>419</code_hosp>
		<pnf>1</pnf>
		<tarif>101.62</tarif>
		<tarif_1>85.73</tarif_1>
		<tarif_3>4.50</tarif_3>
		<tarif_6>11.39</tarif_6>
		<d_from>2018-01-01</d_from>
		<d_to>2018-10-31</d_to>
		<dop_pr>0</dop_pr>
	</smptar_19>
	<smptar_19>
		<id_r_smpta>75</id_r_smpta>
		<code_hosp>037</code_hosp>
		<pnf>1</pnf>
		<tarif>121.57</tarif>
		<tarif_1>103.33</tarif_1>
		<tarif_3>4.50</tarif_3>
		<tarif_6>13.74</tarif_6>
		<d_from>2018-01-01</d_from>
		<d_to>2018-12-31</d_to>
		<dop_pr>0</dop_pr>
	</smptar_19>
	<smptar_19>
		<id_r_smpta>76</id_r_smpta>
		<code_hosp>038</code_hosp>
		<pnf>1</pnf>
		<tarif>101.62</tarif>
		<tarif_1>85.73</tarif_1>
		<tarif_3>4.50</tarif_3>
		<tarif_6>11.39</tarif_6>
		<d_from>2018-01-01</d_from>
		<d_to>2018-12-31</d_to>
		<dop_pr>0</dop_pr>
	</smptar_19>
	<smptar_19>
		<id_r_smpta>77</id_r_smpta>
		<code_hosp>007</code_hosp>
		<pnf>0</pnf>
		<tarif>3844.67</tarif>
		<tarif_1>3243.60</tarif_1>
		<tarif_3>170.03</tarif_3>
		<tarif_6>431.04</tarif_6>
		<d_from>2018-01-01</d_from>
		<d_to>2018-12-31</d_to>
		<dop_pr>0</dop_pr>
	</smptar_19>
	<smptar_19>
		<id_r_smpta>78</id_r_smpta>
		<code_hosp>009</code_hosp>
		<pnf>0</pnf>
		<tarif>5351.61</tarif>
		<tarif_1>4573.78</tarif_1>
		<tarif_3>170.03</tarif_3>
		<tarif_6>607.80</tarif_6>
		<d_from>2018-01-01</d_from>
		<d_to>2018-12-31</d_to>
		<dop_pr>0</dop_pr>
	</smptar_19>
	<smptar_19>
		<id_r_smpta>79</id_r_smpta>
		<code_hosp>013</code_hosp>
		<pnf>0</pnf>
		<tarif>6337.06</tarif>
		<tarif_1>5443.64</tarif_1>
		<tarif_3>170.03</tarif_3>
		<tarif_6>723.39</tarif_6>
		<d_from>2018-01-01</d_from>
		<d_to>2018-12-31</d_to>
		<dop_pr>0</dop_pr>
	</smptar_19>
	<smptar_19>
		<id_r_smpta>80</id_r_smpta>
		<code_hosp>014</code_hosp>
		<pnf>0</pnf>
		<tarif>6337.06</tarif>
		<tarif_1>5443.64</tarif_1>
		<tarif_3>170.03</tarif_3>
		<tarif_6>723.39</tarif_6>
		<d_from>2018-01-01</d_from>
		<d_to>2018-12-31</d_to>
		<dop_pr>0</dop_pr>
	</smptar_19>
	<smptar_19>
		<id_r_smpta>81</id_r_smpta>
		<code_hosp>045</code_hosp>
		<pnf>0</pnf>
		<tarif>4599.16</tarif>
		<tarif_1>3909.59</tarif_1>
		<tarif_3>170.03</tarif_3>
		<tarif_6>519.54</tarif_6>
		<d_from>2018-01-01</d_from>
		<d_to>2018-12-31</d_to>
		<dop_pr>0</dop_pr>
	</smptar_19>
	<smptar_19>
		<id_r_smpta>82</id_r_smpta>
		<code_hosp>046</code_hosp>
		<pnf>0</pnf>
		<tarif>4599.16</tarif>
		<tarif_1>3909.59</tarif_1>
		<tarif_3>170.03</tarif_3>
		<tarif_6>519.54</tarif_6>
		<d_from>2018-01-01</d_from>
		<d_to>2018-12-31</d_to>
		<dop_pr>0</dop_pr>
	</smptar_19>
	<smptar_19>
		<id_r_smpta>83</id_r_smpta>
		<code_hosp>010</code_hosp>
		<pnf>0</pnf>
		<tarif>5351.61</tarif>
		<tarif_1>4573.78</tarif_1>
		<tarif_3>170.03</tarif_3>
		<tarif_6>607.80</tarif_6>
		<d_from>2018-01-01</d_from>
		<d_to>2018-10-31</d_to>
		<dop_pr>0</dop_pr>
	</smptar_19>
	<smptar_19>
		<id_r_smpta>84</id_r_smpta>
		<code_hosp>419</code_hosp>
		<pnf>0</pnf>
		<tarif>3844.67</tarif>
		<tarif_1>3243.60</tarif_1>
		<tarif_3>170.03</tarif_3>
		<tarif_6>431.04</tarif_6>
		<d_from>2018-01-01</d_from>
		<d_to>2018-10-31</d_to>
		<dop_pr>0</dop_pr>
	</smptar_19>
	<smptar_19>
		<id_r_smpta>85</id_r_smpta>
		<code_hosp>037</code_hosp>
		<pnf>0</pnf>
		<tarif>4599.16</tarif>
		<tarif_1>3909.59</tarif_1>
		<tarif_3>170.03</tarif_3>
		<tarif_6>519.54</tarif_6>
		<d_from>2018-01-01</d_from>
		<d_to>2018-12-31</d_to>
		<dop_pr>0</dop_pr>
	</smptar_19>
	<smptar_19>
		<id_r_smpta>86</id_r_smpta>
		<code_hosp>038</code_hosp>
		<pnf>0</pnf>
		<tarif>3844.67</tarif>
		<tarif_1>3243.60</tarif_1>
		<tarif_3>170.03</tarif_3>
		<tarif_6>431.04</tarif_6>
		<d_from>2018-01-01</d_from>
		<d_to>2018-12-31</d_to>
		<dop_pr>0</dop_pr>
	</smptar_19>
	<smptar_19>
		<id_r_smpta>87</id_r_smpta>
		<code_hosp>007</code_hosp>
		<pnf>0</pnf>
		<tarif>55318.70</tarif>
		<tarif_1>3243.60</tarif_1>
		<tarif_3>51644.06</tarif_3>
		<tarif_6>431.04</tarif_6>
		<d_from>2018-01-01</d_from>
		<d_to>2018-12-31</d_to>
		<dop_pr>1</dop_pr>
	</smptar_19>
	<smptar_19>
		<id_r_smpta>88</id_r_smpta>
		<code_hosp>009</code_hosp>
		<pnf>0</pnf>
		<tarif>56825.64</tarif>
		<tarif_1>4573.78</tarif_1>
		<tarif_3>51644.06</tarif_3>
		<tarif_6>607.80</tarif_6>
		<d_from>2018-01-01</d_from>
		<d_to>2018-12-31</d_to>
		<dop_pr>1</dop_pr>
	</smptar_19>
	<smptar_19>
		<id_r_smpta>89</id_r_smpta>
		<code_hosp>013</code_hosp>
		<pnf>0</pnf>
		<tarif>57811.09</tarif>
		<tarif_1>5443.64</tarif_1>
		<tarif_3>51644.06</tarif_3>
		<tarif_6>723.39</tarif_6>
		<d_from>2018-01-01</d_from>
		<d_to>2018-12-31</d_to>
		<dop_pr>1</dop_pr>
	</smptar_19>
	<smptar_19>
		<id_r_smpta>90</id_r_smpta>
		<code_hosp>014</code_hosp>
		<pnf>0</pnf>
		<tarif>57811.09</tarif>
		<tarif_1>5443.64</tarif_1>
		<tarif_3>51644.06</tarif_3>
		<tarif_6>723.39</tarif_6>
		<d_from>2018-01-01</d_from>
		<d_to>2018-12-31</d_to>
		<dop_pr>1</dop_pr>
	</smptar_19>
	<smptar_19>
		<id_r_smpta>91</id_r_smpta>
		<code_hosp>045</code_hosp>
		<pnf>0</pnf>
		<tarif>56073.19</tarif>
		<tarif_1>3909.59</tarif_1>
		<tarif_3>51644.06</tarif_3>
		<tarif_6>519.54</tarif_6>
		<d_from>2018-01-01</d_from>
		<d_to>2018-12-31</d_to>
		<dop_pr>1</dop_pr>
	</smptar_19>
	<smptar_19>
		<id_r_smpta>92</id_r_smpta>
		<code_hosp>046</code_hosp>
		<pnf>0</pnf>
		<tarif>56073.19</tarif>
		<tarif_1>3909.59</tarif_1>
		<tarif_3>51644.06</tarif_3>
		<tarif_6>519.54</tarif_6>
		<d_from>2018-01-01</d_from>
		<d_to>2018-12-31</d_to>
		<dop_pr>1</dop_pr>
	</smptar_19>
	<smptar_19>
		<id_r_smpta>93</id_r_smpta>
		<code_hosp>010</code_hosp>
		<pnf>0</pnf>
		<tarif>56825.64</tarif>
		<tarif_1>4573.78</tarif_1>
		<tarif_3>51644.06</tarif_3>
		<tarif_6>607.80</tarif_6>
		<d_from>2018-01-01</d_from>
		<d_to>2018-10-31</d_to>
		<dop_pr>1</dop_pr>
	</smptar_19>
	<smptar_19>
		<id_r_smpta>94</id_r_smpta>
		<code_hosp>419</code_hosp>
		<pnf>0</pnf>
		<tarif>55318.70</tarif>
		<tarif_1>3243.60</tarif_1>
		<tarif_3>51644.06</tarif_3>
		<tarif_6>431.04</tarif_6>
		<d_from>2018-01-01</d_from>
		<d_to>2018-10-31</d_to>
		<dop_pr>1</dop_pr>
	</smptar_19>
	<smptar_19>
		<id_r_smpta>95</id_r_smpta>
		<code_hosp>037</code_hosp>
		<pnf>0</pnf>
		<tarif>56073.19</tarif>
		<tarif_1>3909.59</tarif_1>
		<tarif_3>51644.06</tarif_3>
		<tarif_6>519.54</tarif_6>
		<d_from>2018-01-01</d_from>
		<d_to>2018-12-31</d_to>
		<dop_pr>1</dop_pr>
	</smptar_19>
	<smptar_19>
		<id_r_smpta>96</id_r_smpta>
		<code_hosp>038</code_hosp>
		<pnf>0</pnf>
		<tarif>55318.70</tarif>
		<tarif_1>3243.60</tarif_1>
		<tarif_3>51644.06</tarif_3>
		<tarif_6>431.04</tarif_6>
		<d_from>2018-01-01</d_from>
		<d_to>2018-12-31</d_to>
		<dop_pr>1</dop_pr>
	</smptar_19>
	<smptar_19>
		<id_r_smpta>97</id_r_smpta>
		<code_hosp>419</code_hosp>
		<pnf>1</pnf>
		<tarif>105.03</tarif>
		<tarif_1>88.74</tarif_1>
		<tarif_3>4.50</tarif_3>
		<tarif_6>11.79</tarif_6>
		<d_from>2018-11-01</d_from>
		<d_to>2018-12-31</d_to>
		<dop_pr>0</dop_pr>
	</smptar_19>
	<smptar_19>
		<id_r_smpta>98</id_r_smpta>
		<code_hosp>419</code_hosp>
		<pnf>0</pnf>
		<tarif>3973.71</tarif>
		<tarif_1>3357.51</tarif_1>
		<tarif_3>170.03</tarif_3>
		<tarif_6>446.17</tarif_6>
		<d_from>2018-11-01</d_from>
		<d_to>2018-12-31</d_to>
		<dop_pr>0</dop_pr>
	</smptar_19>
	<smptar_19>
		<id_r_smpta>99</id_r_smpta>
		<code_hosp>419</code_hosp>
		<pnf>0</pnf>
		<tarif>55447.74</tarif>
		<tarif_1>3357.51</tarif_1>
		<tarif_3>51644.06</tarif_3>
		<tarif_6>446.17</tarif_6>
		<d_from>2018-11-01</d_from>
		<d_to>2018-12-31</d_to>
		<dop_pr>1</dop_pr>
	</smptar_19>
	<smptar_19>
		<id_r_smpta>100</id_r_smpta>
		<code_hosp>007</code_hosp>
		<pnf>1</pnf>
		<tarif>97.73</tarif>
		<tarif_1>82.87</tarif_1>
		<tarif_3>3.85</tarif_3>
		<tarif_6>11.01</tarif_6>
		<d_from>2019-01-01</d_from>
		<d_to>2019-09-30</d_to>
		<dop_pr>0</dop_pr>
	</smptar_19>
	<smptar_19>
		<id_r_smpta>101</id_r_smpta>
		<code_hosp>009</code_hosp>
		<pnf>1</pnf>
		<tarif>141.59</tarif>
		<tarif_1>121.51</tarif_1>
		<tarif_3>3.92</tarif_3>
		<tarif_6>16.16</tarif_6>
		<d_from>2019-01-01</d_from>
		<d_to>2019-09-30</d_to>
		<dop_pr>0</dop_pr>
	</smptar_19>
	<smptar_19>
		<id_r_smpta>102</id_r_smpta>
		<code_hosp>013</code_hosp>
		<pnf>1</pnf>
		<tarif>141.59</tarif>
		<tarif_1>121.51</tarif_1>
		<tarif_3>3.92</tarif_3>
		<tarif_6>16.16</tarif_6>
		<d_from>2019-01-01</d_from>
		<d_to>2019-09-30</d_to>
		<dop_pr>0</dop_pr>
	</smptar_19>
	<smptar_19>
		<id_r_smpta>103</id_r_smpta>
		<code_hosp>014</code_hosp>
		<pnf>1</pnf>
		<tarif>141.59</tarif>
		<tarif_1>121.51</tarif_1>
		<tarif_3>3.92</tarif_3>
		<tarif_6>16.16</tarif_6>
		<d_from>2019-01-01</d_from>
		<d_to>2019-05-31</d_to>
		<dop_pr>0</dop_pr>
	</smptar_19>
	<smptar_19>
		<id_r_smpta>104</id_r_smpta>
		<code_hosp>045</code_hosp>
		<pnf>1</pnf>
		<tarif>105.78</tarif>
		<tarif_1>89.93</tarif_1>
		<tarif_3>3.90</tarif_3>
		<tarif_6>11.95</tarif_6>
		<d_from>2019-01-01</d_from>
		<d_to>2019-09-30</d_to>
		<dop_pr>0</dop_pr>
	</smptar_19>
	<smptar_19>
		<id_r_smpta>105</id_r_smpta>
		<code_hosp>046</code_hosp>
		<pnf>1</pnf>
		<tarif>105.78</tarif>
		<tarif_1>89.93</tarif_1>
		<tarif_3>3.90</tarif_3>
		<tarif_6>11.95</tarif_6>
		<d_from>2019-01-01</d_from>
		<d_to>2019-05-31</d_to>
		<dop_pr>0</dop_pr>
	</smptar_19>
	<smptar_19>
		<id_r_smpta>106</id_r_smpta>
		<code_hosp>419</code_hosp>
		<pnf>1</pnf>
		<tarif>97.73</tarif>
		<tarif_1>82.87</tarif_1>
		<tarif_3>3.85</tarif_3>
		<tarif_6>11.01</tarif_6>
		<d_from>2019-01-01</d_from>
		<d_to>2019-05-31</d_to>
		<dop_pr>0</dop_pr>
	</smptar_19>
	<smptar_19>
		<id_r_smpta>107</id_r_smpta>
		<code_hosp>037</code_hosp>
		<pnf>1</pnf>
		<tarif>105.78</tarif>
		<tarif_1>89.93</tarif_1>
		<tarif_3>3.90</tarif_3>
		<tarif_6>11.95</tarif_6>
		<d_from>2019-01-01</d_from>
		<d_to>2019-09-30</d_to>
		<dop_pr>0</dop_pr>
	</smptar_19>
	<smptar_19>
		<id_r_smpta>108</id_r_smpta>
		<code_hosp>038</code_hosp>
		<pnf>1</pnf>
		<tarif>97.73</tarif>
		<tarif_1>82.87</tarif_1>
		<tarif_3>3.85</tarif_3>
		<tarif_6>11.01</tarif_6>
		<d_from>2019-01-01</d_from>
		<d_to>2019-09-30</d_to>
		<dop_pr>0</dop_pr>
	</smptar_19>
	<smptar_19>
		<id_r_smpta>109</id_r_smpta>
		<code_hosp>007</code_hosp>
		<pnf>0</pnf>
		<tarif>4315.34</tarif>
		<tarif_1>3659.07</tarif_1>
		<tarif_3>170.03</tarif_3>
		<tarif_6>486.24</tarif_6>
		<d_from>2019-01-01</d_from>
		<d_to>2019-09-30</d_to>
		<dop_pr>0</dop_pr>
	</smptar_19>
	<smptar_19>
		<id_r_smpta>110</id_r_smpta>
		<code_hosp>009</code_hosp>
		<pnf>0</pnf>
		<tarif>6143.39</tarif>
		<tarif_1>5272.68</tarif_1>
		<tarif_3>170.03</tarif_3>
		<tarif_6>700.68</tarif_6>
		<d_from>2019-01-01</d_from>
		<d_to>2019-09-30</d_to>
		<dop_pr>0</dop_pr>
	</smptar_19>
	<smptar_19>
		<id_r_smpta>111</id_r_smpta>
		<code_hosp>013</code_hosp>
		<pnf>0</pnf>
		<tarif>6143.39</tarif>
		<tarif_1>5272.68</tarif_1>
		<tarif_3>170.03</tarif_3>
		<tarif_6>700.68</tarif_6>
		<d_from>2019-01-01</d_from>
		<d_to>2019-09-30</d_to>
		<dop_pr>0</dop_pr>
	</smptar_19>
	<smptar_19>
		<id_r_smpta>112</id_r_smpta>
		<code_hosp>014</code_hosp>
		<pnf>0</pnf>
		<tarif>6143.39</tarif>
		<tarif_1>5272.68</tarif_1>
		<tarif_3>170.03</tarif_3>
		<tarif_6>700.68</tarif_6>
		<d_from>2019-01-01</d_from>
		<d_to>2019-05-31</d_to>
		<dop_pr>0</dop_pr>
	</smptar_19>
	<smptar_19>
		<id_r_smpta>113</id_r_smpta>
		<code_hosp>045</code_hosp>
		<pnf>0</pnf>
		<tarif>4611.09</tarif>
		<tarif_1>3920.12</tarif_1>
		<tarif_3>170.03</tarif_3>
		<tarif_6>520.94</tarif_6>
		<d_from>2019-01-01</d_from>
		<d_to>2019-09-30</d_to>
		<dop_pr>0</dop_pr>
	</smptar_19>
	<smptar_19>
		<id_r_smpta>114</id_r_smpta>
		<code_hosp>046</code_hosp>
		<pnf>0</pnf>
		<tarif>4611.09</tarif>
		<tarif_1>3920.12</tarif_1>
		<tarif_3>170.03</tarif_3>
		<tarif_6>520.94</tarif_6>
		<d_from>2019-01-01</d_from>
		<d_to>2019-05-31</d_to>
		<dop_pr>0</dop_pr>
	</smptar_19>
	<smptar_19>
		<id_r_smpta>115</id_r_smpta>
		<code_hosp>419</code_hosp>
		<pnf>0</pnf>
		<tarif>4315.34</tarif>
		<tarif_1>3659.07</tarif_1>
		<tarif_3>170.03</tarif_3>
		<tarif_6>486.24</tarif_6>
		<d_from>2019-01-01</d_from>
		<d_to>2019-05-31</d_to>
		<dop_pr>0</dop_pr>
	</smptar_19>
	<smptar_19>
		<id_r_smpta>116</id_r_smpta>
		<code_hosp>037</code_hosp>
		<pnf>0</pnf>
		<tarif>4611.09</tarif>
		<tarif_1>3920.12</tarif_1>
		<tarif_3>170.03</tarif_3>
		<tarif_6>520.94</tarif_6>
		<d_from>2019-01-01</d_from>
		<d_to>2019-09-30</d_to>
		<dop_pr>0</dop_pr>
	</smptar_19>
	<smptar_19>
		<id_r_smpta>117</id_r_smpta>
		<code_hosp>038</code_hosp>
		<pnf>0</pnf>
		<tarif>4315.34</tarif>
		<tarif_1>3659.07</tarif_1>
		<tarif_3>170.03</tarif_3>
		<tarif_6>486.24</tarif_6>
		<d_from>2019-01-01</d_from>
		<d_to>2019-09-30</d_to>
		<dop_pr>0</dop_pr>
	</smptar_19>
	<smptar_19>
		<id_r_smpta>118</id_r_smpta>
		<code_hosp>007</code_hosp>
		<pnf>0</pnf>
		<tarif>51474.03</tarif>
		<tarif_1>0.00</tarif_1>
		<tarif_3>51474.03</tarif_3>
		<tarif_6>0.00</tarif_6>
		<d_from>2019-01-01</d_from>
		<d_to>2019-12-31</d_to>
		<dop_pr>1</dop_pr>
	</smptar_19>
	<smptar_19>
		<id_r_smpta>119</id_r_smpta>
		<code_hosp>009</code_hosp>
		<pnf>0</pnf>
		<tarif>51474.03</tarif>
		<tarif_1>0.00</tarif_1>
		<tarif_3>51474.03</tarif_3>
		<tarif_6>0.00</tarif_6>
		<d_from>2019-01-01</d_from>
		<d_to>2019-12-31</d_to>
		<dop_pr>1</dop_pr>
	</smptar_19>
	<smptar_19>
		<id_r_smpta>120</id_r_smpta>
		<code_hosp>013</code_hosp>
		<pnf>0</pnf>
		<tarif>51474.03</tarif>
		<tarif_1>0.00</tarif_1>
		<tarif_3>51474.03</tarif_3>
		<tarif_6>0.00</tarif_6>
		<d_from>2019-01-01</d_from>
		<d_to>2019-12-31</d_to>
		<dop_pr>1</dop_pr>
	</smptar_19>
	<smptar_19>
		<id_r_smpta>121</id_r_smpta>
		<code_hosp>014</code_hosp>
		<pnf>0</pnf>
		<tarif>51474.03</tarif>
		<tarif_1>0.00</tarif_1>
		<tarif_3>51474.03</tarif_3>
		<tarif_6>0.00</tarif_6>
		<d_from>2019-01-01</d_from>
		<d_to>2019-05-31</d_to>
		<dop_pr>1</dop_pr>
	</smptar_19>
	<smptar_19>
		<id_r_smpta>122</id_r_smpta>
		<code_hosp>045</code_hosp>
		<pnf>0</pnf>
		<tarif>51474.03</tarif>
		<tarif_1>0.00</tarif_1>
		<tarif_3>51474.03</tarif_3>
		<tarif_6>0.00</tarif_6>
		<d_from>2019-01-01</d_from>
		<d_to>2019-12-31</d_to>
		<dop_pr>1</dop_pr>
	</smptar_19>
	<smptar_19>
		<id_r_smpta>123</id_r_smpta>
		<code_hosp>046</code_hosp>
		<pnf>0</pnf>
		<tarif>51474.03</tarif>
		<tarif_1>0.00</tarif_1>
		<tarif_3>51474.03</tarif_3>
		<tarif_6>0.00</tarif_6>
		<d_from>2019-01-01</d_from>
		<d_to>2019-05-31</d_to>
		<dop_pr>1</dop_pr>
	</smptar_19>
	<smptar_19>
		<id_r_smpta>124</id_r_smpta>
		<code_hosp>419</code_hosp>
		<pnf>0</pnf>
		<tarif>51474.03</tarif>
		<tarif_1>0.00</tarif_1>
		<tarif_3>51474.03</tarif_3>
		<tarif_6>0.00</tarif_6>
		<d_from>2019-01-01</d_from>
		<d_to>2019-12-31</d_to>
		<dop_pr>1</dop_pr>
	</smptar_19>
	<smptar_19>
		<id_r_smpta>125</id_r_smpta>
		<code_hosp>037</code_hosp>
		<pnf>0</pnf>
		<tarif>51474.03</tarif>
		<tarif_1>0.00</tarif_1>
		<tarif_3>51474.03</tarif_3>
		<tarif_6>0.00</tarif_6>
		<d_from>2019-01-01</d_from>
		<d_to>2019-12-31</d_to>
		<dop_pr>1</dop_pr>
	</smptar_19>
	<smptar_19>
		<id_r_smpta>126</id_r_smpta>
		<code_hosp>038</code_hosp>
		<pnf>0</pnf>
		<tarif>51474.03</tarif>
		<tarif_1>0.00</tarif_1>
		<tarif_3>51474.03</tarif_3>
		<tarif_6>0.00</tarif_6>
		<d_from>2019-01-01</d_from>
		<d_to>2019-12-31</d_to>
		<dop_pr>1</dop_pr>
	</smptar_19>
	<smptar_19>
		<id_r_smpta>127</id_r_smpta>
		<code_hosp>419</code_hosp>
		<pnf>1</pnf>
		<tarif>99.39</tarif>
		<tarif_1>84.32</tarif_1>
		<tarif_3>3.87</tarif_3>
		<tarif_6>11.20</tarif_6>
		<d_from>2019-06-01</d_from>
		<d_to>2019-09-30</d_to>
		<dop_pr>0</dop_pr>
	</smptar_19>
	<smptar_19>
		<id_r_smpta>128</id_r_smpta>
		<code_hosp>419</code_hosp>
		<pnf>0</pnf>
		<tarif>4373.27</tarif>
		<tarif_1>3710.20</tarif_1>
		<tarif_3>170.03</tarif_3>
		<tarif_6>493.04</tarif_6>
		<d_from>2019-06-01</d_from>
		<d_to>2019-09-30</d_to>
		<dop_pr>0</dop_pr>
	</smptar_19>
	<smptar_19>
		<id_r_smpta>129</id_r_smpta>
		<code_hosp>007</code_hosp>
		<pnf>1</pnf>
		<tarif>107.93</tarif>
		<tarif_1>91.56</tarif_1>
		<tarif_3>4.21</tarif_3>
		<tarif_6>12.16</tarif_6>
		<d_from>2019-10-01</d_from>
		<d_to>2019-12-31</d_to>
		<dop_pr>0</dop_pr>
	</smptar_19>
	<smptar_19>
		<id_r_smpta>130</id_r_smpta>
		<code_hosp>009</code_hosp>
		<pnf>1</pnf>
		<tarif>154.37</tarif>
		<tarif_1>132.48</tarif_1>
		<tarif_3>4.28</tarif_3>
		<tarif_6>17.61</tarif_6>
		<d_from>2019-10-01</d_from>
		<d_to>2019-12-31</d_to>
		<dop_pr>0</dop_pr>
	</smptar_19>
	<smptar_19>
		<id_r_smpta>131</id_r_smpta>
		<code_hosp>013</code_hosp>
		<pnf>1</pnf>
		<tarif>154.37</tarif>
		<tarif_1>132.48</tarif_1>
		<tarif_3>4.28</tarif_3>
		<tarif_6>17.61</tarif_6>
		<d_from>2019-10-01</d_from>
		<d_to>2019-12-31</d_to>
		<dop_pr>0</dop_pr>
	</smptar_19>
	<smptar_19>
		<id_r_smpta>132</id_r_smpta>
		<code_hosp>045</code_hosp>
		<pnf>1</pnf>
		<tarif>115.32</tarif>
		<tarif_1>98.03</tarif_1>
		<tarif_3>4.26</tarif_3>
		<tarif_6>13.03</tarif_6>
		<d_from>2019-10-01</d_from>
		<d_to>2019-12-31</d_to>
		<dop_pr>0</dop_pr>
	</smptar_19>
	<smptar_19>
		<id_r_smpta>133</id_r_smpta>
		<code_hosp>419</code_hosp>
		<pnf>1</pnf>
		<tarif>107.93</tarif>
		<tarif_1>91.56</tarif_1>
		<tarif_3>4.21</tarif_3>
		<tarif_6>12.16</tarif_6>
		<d_from>2019-10-01</d_from>
		<d_to>2019-12-31</d_to>
		<dop_pr>0</dop_pr>
	</smptar_19>
	<smptar_19>
		<id_r_smpta>134</id_r_smpta>
		<code_hosp>037</code_hosp>
		<pnf>1</pnf>
		<tarif>115.32</tarif>
		<tarif_1>98.03</tarif_1>
		<tarif_3>4.26</tarif_3>
		<tarif_6>13.03</tarif_6>
		<d_from>2019-10-01</d_from>
		<d_to>2019-12-31</d_to>
		<dop_pr>0</dop_pr>
	</smptar_19>
	<smptar_19>
		<id_r_smpta>135</id_r_smpta>
		<code_hosp>038</code_hosp>
		<pnf>1</pnf>
		<tarif>107.93</tarif>
		<tarif_1>91.56</tarif_1>
		<tarif_3>4.21</tarif_3>
		<tarif_6>12.16</tarif_6>
		<d_from>2019-10-01</d_from>
		<d_to>2019-12-31</d_to>
		<dop_pr>0</dop_pr>
	</smptar_19>
	<smptar_19>
		<id_r_smpta>136</id_r_smpta>
		<code_hosp>007</code_hosp>
		<pnf>0</pnf>
		<tarif>4359.08</tarif>
		<tarif_1>3697.67</tarif_1>
		<tarif_3>170.03</tarif_3>
		<tarif_6>491.38</tarif_6>
		<d_from>2019-10-01</d_from>
		<d_to>2019-12-31</d_to>
		<dop_pr>0</dop_pr>
	</smptar_19>
	<smptar_19>
		<id_r_smpta>137</id_r_smpta>
		<code_hosp>009</code_hosp>
		<pnf>0</pnf>
		<tarif>6143.39</tarif>
		<tarif_1>5272.68</tarif_1>
		<tarif_3>170.03</tarif_3>
		<tarif_6>700.68</tarif_6>
		<d_from>2019-10-01</d_from>
		<d_to>2019-12-31</d_to>
		<dop_pr>0</dop_pr>
	</smptar_19>
	<smptar_19>
		<id_r_smpta>138</id_r_smpta>
		<code_hosp>013</code_hosp>
		<pnf>0</pnf>
		<tarif>6143.39</tarif>
		<tarif_1>5272.68</tarif_1>
		<tarif_3>170.03</tarif_3>
		<tarif_6>700.68</tarif_6>
		<d_from>2019-10-01</d_from>
		<d_to>2019-12-31</d_to>
		<dop_pr>0</dop_pr>
	</smptar_19>
	<smptar_19>
		<id_r_smpta>139</id_r_smpta>
		<code_hosp>045</code_hosp>
		<pnf>0</pnf>
		<tarif>4611.09</tarif>
		<tarif_1>3920.12</tarif_1>
		<tarif_3>170.03</tarif_3>
		<tarif_6>520.94</tarif_6>
		<d_from>2019-10-01</d_from>
		<d_to>2019-12-31</d_to>
		<dop_pr>0</dop_pr>
	</smptar_19>
	<smptar_19>
		<id_r_smpta>140</id_r_smpta>
		<code_hosp>419</code_hosp>
		<pnf>0</pnf>
		<tarif>4359.08</tarif>
		<tarif_1>3697.67</tarif_1>
		<tarif_3>170.03</tarif_3>
		<tarif_6>491.38</tarif_6>
		<d_from>2019-10-01</d_from>
		<d_to>2019-12-31</d_to>
		<dop_pr>0</dop_pr>
	</smptar_19>
	<smptar_19>
		<id_r_smpta>141</id_r_smpta>
		<code_hosp>037</code_hosp>
		<pnf>0</pnf>
		<tarif>4611.09</tarif>
		<tarif_1>3920.12</tarif_1>
		<tarif_3>170.03</tarif_3>
		<tarif_6>520.94</tarif_6>
		<d_from>2019-10-01</d_from>
		<d_to>2019-12-31</d_to>
		<dop_pr>0</dop_pr>
	</smptar_19>
	<smptar_19>
		<id_r_smpta>142</id_r_smpta>
		<code_hosp>038</code_hosp>
		<pnf>0</pnf>
		<tarif>4359.08</tarif>
		<tarif_1>3697.67</tarif_1>
		<tarif_3>170.03</tarif_3>
		<tarif_6>491.38</tarif_6>
		<d_from>2019-10-01</d_from>
		<d_to>2019-12-31</d_to>
		<dop_pr>0</dop_pr>
	</smptar_19>
</VFPData>
