<?xml version = "1.0" encoding="Windows-1251" standalone="yes"?>
<VFPData>
	<xsd:schema id="VFPData" xmlns:xsd="http://www.w3.org/2001/XMLSchema" xmlns:msdata="urn:schemas-microsoft-com:xml-msdata">
		<xsd:element name="VFPData" msdata:IsDataSet="true">
			<xsd:complexType>
				<xsd:choice maxOccurs="unbounded">
					<xsd:element name="smptar" minOccurs="0" maxOccurs="unbounded">
						<xsd:complexType>
							<xsd:sequence>
								<xsd:element name="id_r_smpta">
									<xsd:simpleType>
										<xsd:restriction base="xsd:decimal">
											<xsd:totalDigits value="11"/>
											<xsd:fractionDigits value="0"/>
										</xsd:restriction>
									</xsd:simpleType>
								</xsd:element>
								<xsd:element name="code_hosp">
									<xsd:simpleType>
										<xsd:restriction base="xsd:string">
											<xsd:maxLength value="3"/>
										</xsd:restriction>
									</xsd:simpleType>
								</xsd:element>
								<xsd:element name="pnf">
									<xsd:simpleType>
										<xsd:restriction base="xsd:string">
											<xsd:maxLength value="10"/>
										</xsd:restriction>
									</xsd:simpleType>
								</xsd:element>
								<xsd:element name="tarif">
									<xsd:simpleType>
										<xsd:restriction base="xsd:decimal">
											<xsd:totalDigits value="11"/>
											<xsd:fractionDigits value="2"/>
										</xsd:restriction>
									</xsd:simpleType>
								</xsd:element>
								<xsd:element name="tarif_1">
									<xsd:simpleType>
										<xsd:restriction base="xsd:decimal">
											<xsd:totalDigits value="11"/>
											<xsd:fractionDigits value="2"/>
										</xsd:restriction>
									</xsd:simpleType>
								</xsd:element>
								<xsd:element name="tarif_3">
									<xsd:simpleType>
										<xsd:restriction base="xsd:decimal">
											<xsd:totalDigits value="11"/>
											<xsd:fractionDigits value="2"/>
										</xsd:restriction>
									</xsd:simpleType>
								</xsd:element>
								<xsd:element name="tarif_6">
									<xsd:simpleType>
										<xsd:restriction base="xsd:decimal">
											<xsd:totalDigits value="11"/>
											<xsd:fractionDigits value="2"/>
										</xsd:restriction>
									</xsd:simpleType>
								</xsd:element>
								<xsd:element name="d_from" type="xsd:date"/>
								<xsd:element name="d_to" type="xsd:date"/>
								<xsd:element name="dop_pr">
									<xsd:simpleType>
										<xsd:restriction base="xsd:decimal">
											<xsd:totalDigits value="3"/>
											<xsd:fractionDigits value="0"/>
										</xsd:restriction>
									</xsd:simpleType>
								</xsd:element>
								<xsd:element name="vid_fin">
									<xsd:simpleType>
										<xsd:restriction base="xsd:decimal">
											<xsd:totalDigits value="4"/>
											<xsd:fractionDigits value="0"/>
										</xsd:restriction>
									</xsd:simpleType>
								</xsd:element>
							</xsd:sequence>
						</xsd:complexType>
					</xsd:element>
				</xsd:choice>
				<xsd:anyAttribute namespace="http://www.w3.org/XML/1998/namespace" processContents="lax"/>
			</xsd:complexType>
		</xsd:element>
	</xsd:schema>
	<smptar>
		<id_r_smpta>238</id_r_smpta>
		<code_hosp>030</code_hosp>
		<pnf>0</pnf>
		<tarif>6214.36</tarif>
		<tarif_1>0.00</tarif_1>
		<tarif_3>0.00</tarif_3>
		<tarif_6>0.00</tarif_6>
		<d_from>2023-11-09</d_from>
		<d_to>2023-12-31</d_to>
		<dop_pr>0</dop_pr>
		<vid_fin>1</vid_fin>
	</smptar>
	<smptar>
		<id_r_smpta>239</id_r_smpta>
		<code_hosp>030</code_hosp>
		<pnf>0</pnf>
		<tarif>73714.36</tarif>
		<tarif_1>0.00</tarif_1>
		<tarif_3>0.00</tarif_3>
		<tarif_6>0.00</tarif_6>
		<d_from>2023-11-09</d_from>
		<d_to>2023-12-31</d_to>
		<dop_pr>1</dop_pr>
		<vid_fin>1</vid_fin>
	</smptar>
	<smptar>
		<id_r_smpta>240</id_r_smpta>
		<code_hosp>030</code_hosp>
		<pnf>1</pnf>
		<tarif>1649.67</tarif>
		<tarif_1>0.00</tarif_1>
		<tarif_3>0.00</tarif_3>
		<tarif_6>0.00</tarif_6>
		<d_from>2023-11-09</d_from>
		<d_to>2023-10-31</d_to>
		<dop_pr>0</dop_pr>
		<vid_fin>1</vid_fin>
	</smptar>
	<smptar>
		<id_r_smpta>241</id_r_smpta>
		<code_hosp>038</code_hosp>
		<pnf>1</pnf>
		<tarif>1658.50</tarif>
		<tarif_1>0.00</tarif_1>
		<tarif_3>0.00</tarif_3>
		<tarif_6>0.00</tarif_6>
		<d_from>2023-11-01</d_from>
		<d_to>2023-11-30</d_to>
		<dop_pr>0</dop_pr>
		<vid_fin>1</vid_fin>
	</smptar>
	<smptar>
		<id_r_smpta>242</id_r_smpta>
		<code_hosp>030</code_hosp>
		<pnf>1</pnf>
		<tarif>1601.87</tarif>
		<tarif_1>0.00</tarif_1>
		<tarif_3>0.00</tarif_3>
		<tarif_6>0.00</tarif_6>
		<d_from>2023-11-01</d_from>
		<d_to>2023-11-30</d_to>
		<dop_pr>0</dop_pr>
		<vid_fin>1</vid_fin>
	</smptar>
	<smptar>
		<id_r_smpta>243</id_r_smpta>
		<code_hosp>419</code_hosp>
		<pnf>1</pnf>
		<tarif>2230.04</tarif>
		<tarif_1>0.00</tarif_1>
		<tarif_3>0.00</tarif_3>
		<tarif_6>0.00</tarif_6>
		<d_from>2023-11-01</d_from>
		<d_to>2023-11-30</d_to>
		<dop_pr>0</dop_pr>
		<vid_fin>1</vid_fin>
	</smptar>
	<smptar>
		<id_r_smpta>244</id_r_smpta>
		<code_hosp>419</code_hosp>
		<pnf>1</pnf>
		<tarif>339.25</tarif>
		<tarif_1>0.00</tarif_1>
		<tarif_3>0.00</tarif_3>
		<tarif_6>0.00</tarif_6>
		<d_from>2023-11-01</d_from>
		<d_to>2023-11-30</d_to>
		<dop_pr>0</dop_pr>
		<vid_fin>10</vid_fin>
	</smptar>
	<smptar>
		<id_r_smpta>245</id_r_smpta>
		<code_hosp>419</code_hosp>
		<pnf>1</pnf>
		<tarif>2031.32</tarif>
		<tarif_1>0.00</tarif_1>
		<tarif_3>0.00</tarif_3>
		<tarif_6>0.00</tarif_6>
		<d_from>2024-01-01</d_from>
		<d_to>2024-09-30</d_to>
		<dop_pr>0</dop_pr>
		<vid_fin>1</vid_fin>
	</smptar>
	<smptar>
		<id_r_smpta>246</id_r_smpta>
		<code_hosp>037</code_hosp>
		<pnf>1</pnf>
		<tarif>2041.96</tarif>
		<tarif_1>0.00</tarif_1>
		<tarif_3>0.00</tarif_3>
		<tarif_6>0.00</tarif_6>
		<d_from>2024-01-01</d_from>
		<d_to>2024-09-30</d_to>
		<dop_pr>0</dop_pr>
		<vid_fin>1</vid_fin>
	</smptar>
	<smptar>
		<id_r_smpta>247</id_r_smpta>
		<code_hosp>038</code_hosp>
		<pnf>1</pnf>
		<tarif>1771.66</tarif>
		<tarif_1>0.00</tarif_1>
		<tarif_3>0.00</tarif_3>
		<tarif_6>0.00</tarif_6>
		<d_from>2024-01-01</d_from>
		<d_to>2024-01-31</d_to>
		<dop_pr>0</dop_pr>
		<vid_fin>1</vid_fin>
	</smptar>
	<smptar>
		<id_r_smpta>248</id_r_smpta>
		<code_hosp>030</code_hosp>
		<pnf>1</pnf>
		<tarif>1727.22</tarif>
		<tarif_1>0.00</tarif_1>
		<tarif_3>0.00</tarif_3>
		<tarif_6>0.00</tarif_6>
		<d_from>2024-01-01</d_from>
		<d_to>2024-01-31</d_to>
		<dop_pr>0</dop_pr>
		<vid_fin>1</vid_fin>
	</smptar>
	<smptar>
		<id_r_smpta>249</id_r_smpta>
		<code_hosp>419</code_hosp>
		<pnf>0</pnf>
		<tarif>7139.50</tarif>
		<tarif_1>0.00</tarif_1>
		<tarif_3>0.00</tarif_3>
		<tarif_6>0.00</tarif_6>
		<d_from>2024-01-01</d_from>
		<d_to>2024-12-31</d_to>
		<dop_pr>0</dop_pr>
		<vid_fin>1</vid_fin>
	</smptar>
	<smptar>
		<id_r_smpta>250</id_r_smpta>
		<code_hosp>037</code_hosp>
		<pnf>0</pnf>
		<tarif>7139.50</tarif>
		<tarif_1>0.00</tarif_1>
		<tarif_3>0.00</tarif_3>
		<tarif_6>0.00</tarif_6>
		<d_from>2024-01-01</d_from>
		<d_to>2024-12-31</d_to>
		<dop_pr>0</dop_pr>
		<vid_fin>1</vid_fin>
	</smptar>
	<smptar>
		<id_r_smpta>251</id_r_smpta>
		<code_hosp>038</code_hosp>
		<pnf>0</pnf>
		<tarif>7167.01</tarif>
		<tarif_1>0.00</tarif_1>
		<tarif_3>0.00</tarif_3>
		<tarif_6>0.00</tarif_6>
		<d_from>2024-01-01</d_from>
		<d_to>2024-12-31</d_to>
		<dop_pr>0</dop_pr>
		<vid_fin>1</vid_fin>
	</smptar>
	<smptar>
		<id_r_smpta>252</id_r_smpta>
		<code_hosp>030</code_hosp>
		<pnf>0</pnf>
		<tarif>7167.01</tarif>
		<tarif_1>0.00</tarif_1>
		<tarif_3>0.00</tarif_3>
		<tarif_6>0.00</tarif_6>
		<d_from>2024-01-01</d_from>
		<d_to>2024-12-31</d_to>
		<dop_pr>0</dop_pr>
		<vid_fin>1</vid_fin>
	</smptar>
	<smptar>
		<id_r_smpta>253</id_r_smpta>
		<code_hosp>419</code_hosp>
		<pnf>0</pnf>
		<tarif>53042.50</tarif>
		<tarif_1>0.00</tarif_1>
		<tarif_3>0.00</tarif_3>
		<tarif_6>0.00</tarif_6>
		<d_from>2024-01-01</d_from>
		<d_to>2024-12-31</d_to>
		<dop_pr>1</dop_pr>
		<vid_fin>1</vid_fin>
	</smptar>
	<smptar>
		<id_r_smpta>254</id_r_smpta>
		<code_hosp>037</code_hosp>
		<pnf>0</pnf>
		<tarif>53042.50</tarif>
		<tarif_1>0.00</tarif_1>
		<tarif_3>0.00</tarif_3>
		<tarif_6>0.00</tarif_6>
		<d_from>2024-01-01</d_from>
		<d_to>2024-12-31</d_to>
		<dop_pr>1</dop_pr>
		<vid_fin>1</vid_fin>
	</smptar>
	<smptar>
		<id_r_smpta>255</id_r_smpta>
		<code_hosp>038</code_hosp>
		<pnf>0</pnf>
		<tarif>53070.01</tarif>
		<tarif_1>0.00</tarif_1>
		<tarif_3>0.00</tarif_3>
		<tarif_6>0.00</tarif_6>
		<d_from>2024-01-01</d_from>
		<d_to>2024-12-31</d_to>
		<dop_pr>1</dop_pr>
		<vid_fin>1</vid_fin>
	</smptar>
	<smptar>
		<id_r_smpta>256</id_r_smpta>
		<code_hosp>030</code_hosp>
		<pnf>0</pnf>
		<tarif>53070.01</tarif>
		<tarif_1>0.00</tarif_1>
		<tarif_3>0.00</tarif_3>
		<tarif_6>0.00</tarif_6>
		<d_from>2024-01-01</d_from>
		<d_to>2024-12-31</d_to>
		<dop_pr>1</dop_pr>
		<vid_fin>1</vid_fin>
	</smptar>
	<smptar>
		<id_r_smpta>257</id_r_smpta>
		<code_hosp>038</code_hosp>
		<pnf>1</pnf>
		<tarif>1666.31</tarif>
		<tarif_1>0.00</tarif_1>
		<tarif_3>0.00</tarif_3>
		<tarif_6>0.00</tarif_6>
		<d_from>2023-12-01</d_from>
		<d_to>2023-12-31</d_to>
		<dop_pr>0</dop_pr>
		<vid_fin>1</vid_fin>
	</smptar>
	<smptar>
		<id_r_smpta>258</id_r_smpta>
		<code_hosp>030</code_hosp>
		<pnf>1</pnf>
		<tarif>1625.81</tarif>
		<tarif_1>0.00</tarif_1>
		<tarif_3>0.00</tarif_3>
		<tarif_6>0.00</tarif_6>
		<d_from>2023-12-01</d_from>
		<d_to>2023-12-31</d_to>
		<dop_pr>0</dop_pr>
		<vid_fin>1</vid_fin>
	</smptar>
	<smptar>
		<id_r_smpta>259</id_r_smpta>
		<code_hosp>419</code_hosp>
		<pnf>1</pnf>
		<tarif>1890.79</tarif>
		<tarif_1>0.00</tarif_1>
		<tarif_3>0.00</tarif_3>
		<tarif_6>0.00</tarif_6>
		<d_from>2023-12-01</d_from>
		<d_to>2023-12-31</d_to>
		<dop_pr>0</dop_pr>
		<vid_fin>1</vid_fin>
	</smptar>
	<smptar>
		<id_r_smpta>260</id_r_smpta>
		<code_hosp>030</code_hosp>
		<pnf>1</pnf>
		<tarif>1727.23</tarif>
		<tarif_1>0.00</tarif_1>
		<tarif_3>0.00</tarif_3>
		<tarif_6>0.00</tarif_6>
		<d_from>2024-02-01</d_from>
		<d_to>2024-09-30</d_to>
		<dop_pr>0</dop_pr>
		<vid_fin>1</vid_fin>
	</smptar>
	<smptar>
		<id_r_smpta>261</id_r_smpta>
		<code_hosp>038</code_hosp>
		<pnf>1</pnf>
		<tarif>1771.67</tarif>
		<tarif_1>0.00</tarif_1>
		<tarif_3>0.00</tarif_3>
		<tarif_6>0.00</tarif_6>
		<d_from>2024-02-01</d_from>
		<d_to>2024-09-30</d_to>
		<dop_pr>0</dop_pr>
		<vid_fin>1</vid_fin>
	</smptar>
	<smptar>
		<id_r_smpta>262</id_r_smpta>
		<code_hosp>419</code_hosp>
		<pnf>1</pnf>
		<tarif>2113.18</tarif>
		<tarif_1>0.00</tarif_1>
		<tarif_3>0.00</tarif_3>
		<tarif_6>0.00</tarif_6>
		<d_from>2024-10-01</d_from>
		<d_to>2024-12-31</d_to>
		<dop_pr>0</dop_pr>
		<vid_fin>1</vid_fin>
	</smptar>
	<smptar>
		<id_r_smpta>263</id_r_smpta>
		<code_hosp>037</code_hosp>
		<pnf>1</pnf>
		<tarif>2124.25</tarif>
		<tarif_1>0.00</tarif_1>
		<tarif_3>0.00</tarif_3>
		<tarif_6>0.00</tarif_6>
		<d_from>2024-10-01</d_from>
		<d_to>2024-12-31</d_to>
		<dop_pr>0</dop_pr>
		<vid_fin>1</vid_fin>
	</smptar>
	<smptar>
		<id_r_smpta>264</id_r_smpta>
		<code_hosp>038</code_hosp>
		<pnf>1</pnf>
		<tarif>1843.07</tarif>
		<tarif_1>0.00</tarif_1>
		<tarif_3>0.00</tarif_3>
		<tarif_6>0.00</tarif_6>
		<d_from>2024-10-01</d_from>
		<d_to>2024-12-31</d_to>
		<dop_pr>0</dop_pr>
		<vid_fin>1</vid_fin>
	</smptar>
	<smptar>
		<id_r_smpta>265</id_r_smpta>
		<code_hosp>030</code_hosp>
		<pnf>1</pnf>
		<tarif>1796.83</tarif>
		<tarif_1>0.00</tarif_1>
		<tarif_3>0.00</tarif_3>
		<tarif_6>0.00</tarif_6>
		<d_from>2024-10-01</d_from>
		<d_to>2024-12-31</d_to>
		<dop_pr>0</dop_pr>
		<vid_fin>1</vid_fin>
	</smptar>
	<smptar>
		<id_r_smpta>149</id_r_smpta>
		<code_hosp>007</code_hosp>
		<pnf>0</pnf>
		<tarif>4623.13</tarif>
		<tarif_1>0.00</tarif_1>
		<tarif_3>0.00</tarif_3>
		<tarif_6>0.00</tarif_6>
		<d_from>2020-01-01</d_from>
		<d_to>2020-10-31</d_to>
		<dop_pr>0</dop_pr>
		<vid_fin>1</vid_fin>
	</smptar>
	<smptar>
		<id_r_smpta>150</id_r_smpta>
		<code_hosp>009</code_hosp>
		<pnf>0</pnf>
		<tarif>4949.01</tarif>
		<tarif_1>0.00</tarif_1>
		<tarif_3>0.00</tarif_3>
		<tarif_6>0.00</tarif_6>
		<d_from>2020-01-01</d_from>
		<d_to>2020-10-31</d_to>
		<dop_pr>0</dop_pr>
		<vid_fin>1</vid_fin>
	</smptar>
	<smptar>
		<id_r_smpta>151</id_r_smpta>
		<code_hosp>045</code_hosp>
		<pnf>0</pnf>
		<tarif>4623.13</tarif>
		<tarif_1>0.00</tarif_1>
		<tarif_3>0.00</tarif_3>
		<tarif_6>0.00</tarif_6>
		<d_from>2020-01-01</d_from>
		<d_to>2020-12-31</d_to>
		<dop_pr>0</dop_pr>
		<vid_fin>1</vid_fin>
	</smptar>
	<smptar>
		<id_r_smpta>152</id_r_smpta>
		<code_hosp>419</code_hosp>
		<pnf>0</pnf>
		<tarif>4623.13</tarif>
		<tarif_1>0.00</tarif_1>
		<tarif_3>0.00</tarif_3>
		<tarif_6>0.00</tarif_6>
		<d_from>2020-01-01</d_from>
		<d_to>2020-10-31</d_to>
		<dop_pr>0</dop_pr>
		<vid_fin>1</vid_fin>
	</smptar>
	<smptar>
		<id_r_smpta>153</id_r_smpta>
		<code_hosp>037</code_hosp>
		<pnf>0</pnf>
		<tarif>4949.01</tarif>
		<tarif_1>0.00</tarif_1>
		<tarif_3>0.00</tarif_3>
		<tarif_6>0.00</tarif_6>
		<d_from>2020-01-01</d_from>
		<d_to>2020-10-31</d_to>
		<dop_pr>0</dop_pr>
		<vid_fin>1</vid_fin>
	</smptar>
	<smptar>
		<id_r_smpta>154</id_r_smpta>
		<code_hosp>038</code_hosp>
		<pnf>0</pnf>
		<tarif>4949.01</tarif>
		<tarif_1>0.00</tarif_1>
		<tarif_3>0.00</tarif_3>
		<tarif_6>0.00</tarif_6>
		<d_from>2020-01-01</d_from>
		<d_to>2020-10-31</d_to>
		<dop_pr>0</dop_pr>
		<vid_fin>1</vid_fin>
	</smptar>
	<smptar>
		<id_r_smpta>155</id_r_smpta>
		<code_hosp>007</code_hosp>
		<pnf>0</pnf>
		<tarif>57641.38</tarif>
		<tarif_1>0.00</tarif_1>
		<tarif_3>0.00</tarif_3>
		<tarif_6>0.00</tarif_6>
		<d_from>2020-01-01</d_from>
		<d_to>2020-01-31</d_to>
		<dop_pr>1</dop_pr>
		<vid_fin>1</vid_fin>
	</smptar>
	<smptar>
		<id_r_smpta>156</id_r_smpta>
		<code_hosp>009</code_hosp>
		<pnf>0</pnf>
		<tarif>57967.26</tarif>
		<tarif_1>0.00</tarif_1>
		<tarif_3>0.00</tarif_3>
		<tarif_6>0.00</tarif_6>
		<d_from>2020-01-01</d_from>
		<d_to>2020-01-31</d_to>
		<dop_pr>1</dop_pr>
		<vid_fin>1</vid_fin>
	</smptar>
	<smptar>
		<id_r_smpta>157</id_r_smpta>
		<code_hosp>045</code_hosp>
		<pnf>0</pnf>
		<tarif>57641.38</tarif>
		<tarif_1>0.00</tarif_1>
		<tarif_3>0.00</tarif_3>
		<tarif_6>0.00</tarif_6>
		<d_from>2020-01-01</d_from>
		<d_to>2020-01-31</d_to>
		<dop_pr>1</dop_pr>
		<vid_fin>1</vid_fin>
	</smptar>
	<smptar>
		<id_r_smpta>158</id_r_smpta>
		<code_hosp>419</code_hosp>
		<pnf>0</pnf>
		<tarif>57641.38</tarif>
		<tarif_1>0.00</tarif_1>
		<tarif_3>0.00</tarif_3>
		<tarif_6>0.00</tarif_6>
		<d_from>2020-01-01</d_from>
		<d_to>2020-01-31</d_to>
		<dop_pr>1</dop_pr>
		<vid_fin>1</vid_fin>
	</smptar>
	<smptar>
		<id_r_smpta>159</id_r_smpta>
		<code_hosp>037</code_hosp>
		<pnf>0</pnf>
		<tarif>57967.26</tarif>
		<tarif_1>0.00</tarif_1>
		<tarif_3>0.00</tarif_3>
		<tarif_6>0.00</tarif_6>
		<d_from>2020-01-01</d_from>
		<d_to>2020-01-31</d_to>
		<dop_pr>1</dop_pr>
		<vid_fin>1</vid_fin>
	</smptar>
	<smptar>
		<id_r_smpta>160</id_r_smpta>
		<code_hosp>038</code_hosp>
		<pnf>0</pnf>
		<tarif>57967.26</tarif>
		<tarif_1>0.00</tarif_1>
		<tarif_3>0.00</tarif_3>
		<tarif_6>0.00</tarif_6>
		<d_from>2020-01-01</d_from>
		<d_to>2020-01-31</d_to>
		<dop_pr>1</dop_pr>
		<vid_fin>1</vid_fin>
	</smptar>
	<smptar>
		<id_r_smpta>67</id_r_smpta>
		<code_hosp>007</code_hosp>
		<pnf>1</pnf>
		<tarif>101.62</tarif>
		<tarif_1>85.73</tarif_1>
		<tarif_3>4.50</tarif_3>
		<tarif_6>11.39</tarif_6>
		<d_from>2018-01-01</d_from>
		<d_to>2018-12-31</d_to>
		<dop_pr>0</dop_pr>
		<vid_fin>1</vid_fin>
	</smptar>
	<smptar>
		<id_r_smpta>68</id_r_smpta>
		<code_hosp>009</code_hosp>
		<pnf>1</pnf>
		<tarif>141.46</tarif>
		<tarif_1>120.89</tarif_1>
		<tarif_3>4.50</tarif_3>
		<tarif_6>16.07</tarif_6>
		<d_from>2018-01-01</d_from>
		<d_to>2018-12-31</d_to>
		<dop_pr>0</dop_pr>
		<vid_fin>1</vid_fin>
	</smptar>
	<smptar>
		<id_r_smpta>69</id_r_smpta>
		<code_hosp>013</code_hosp>
		<pnf>1</pnf>
		<tarif>167.50</tarif>
		<tarif_1>143.87</tarif_1>
		<tarif_3>4.50</tarif_3>
		<tarif_6>19.13</tarif_6>
		<d_from>2018-01-01</d_from>
		<d_to>2018-12-31</d_to>
		<dop_pr>0</dop_pr>
		<vid_fin>1</vid_fin>
	</smptar>
	<smptar>
		<id_r_smpta>70</id_r_smpta>
		<code_hosp>014</code_hosp>
		<pnf>1</pnf>
		<tarif>167.50</tarif>
		<tarif_1>143.87</tarif_1>
		<tarif_3>4.50</tarif_3>
		<tarif_6>19.13</tarif_6>
		<d_from>2018-01-01</d_from>
		<d_to>2018-12-31</d_to>
		<dop_pr>0</dop_pr>
		<vid_fin>1</vid_fin>
	</smptar>
	<smptar>
		<id_r_smpta>71</id_r_smpta>
		<code_hosp>045</code_hosp>
		<pnf>1</pnf>
		<tarif>121.57</tarif>
		<tarif_1>103.33</tarif_1>
		<tarif_3>4.50</tarif_3>
		<tarif_6>13.74</tarif_6>
		<d_from>2018-01-01</d_from>
		<d_to>2018-12-31</d_to>
		<dop_pr>0</dop_pr>
		<vid_fin>1</vid_fin>
	</smptar>
	<smptar>
		<id_r_smpta>72</id_r_smpta>
		<code_hosp>046</code_hosp>
		<pnf>1</pnf>
		<tarif>121.57</tarif>
		<tarif_1>103.33</tarif_1>
		<tarif_3>4.50</tarif_3>
		<tarif_6>13.74</tarif_6>
		<d_from>2018-01-01</d_from>
		<d_to>2018-12-31</d_to>
		<dop_pr>0</dop_pr>
		<vid_fin>1</vid_fin>
	</smptar>
	<smptar>
		<id_r_smpta>73</id_r_smpta>
		<code_hosp>010</code_hosp>
		<pnf>1</pnf>
		<tarif>141.46</tarif>
		<tarif_1>120.89</tarif_1>
		<tarif_3>4.50</tarif_3>
		<tarif_6>16.07</tarif_6>
		<d_from>2018-01-01</d_from>
		<d_to>2018-10-31</d_to>
		<dop_pr>0</dop_pr>
		<vid_fin>1</vid_fin>
	</smptar>
	<smptar>
		<id_r_smpta>74</id_r_smpta>
		<code_hosp>419</code_hosp>
		<pnf>1</pnf>
		<tarif>101.62</tarif>
		<tarif_1>85.73</tarif_1>
		<tarif_3>4.50</tarif_3>
		<tarif_6>11.39</tarif_6>
		<d_from>2018-01-01</d_from>
		<d_to>2018-10-31</d_to>
		<dop_pr>0</dop_pr>
		<vid_fin>1</vid_fin>
	</smptar>
	<smptar>
		<id_r_smpta>75</id_r_smpta>
		<code_hosp>037</code_hosp>
		<pnf>1</pnf>
		<tarif>121.57</tarif>
		<tarif_1>103.33</tarif_1>
		<tarif_3>4.50</tarif_3>
		<tarif_6>13.74</tarif_6>
		<d_from>2018-01-01</d_from>
		<d_to>2018-12-31</d_to>
		<dop_pr>0</dop_pr>
		<vid_fin>1</vid_fin>
	</smptar>
	<smptar>
		<id_r_smpta>76</id_r_smpta>
		<code_hosp>038</code_hosp>
		<pnf>1</pnf>
		<tarif>101.62</tarif>
		<tarif_1>85.73</tarif_1>
		<tarif_3>4.50</tarif_3>
		<tarif_6>11.39</tarif_6>
		<d_from>2018-01-01</d_from>
		<d_to>2018-12-31</d_to>
		<dop_pr>0</dop_pr>
		<vid_fin>1</vid_fin>
	</smptar>
	<smptar>
		<id_r_smpta>77</id_r_smpta>
		<code_hosp>007</code_hosp>
		<pnf>0</pnf>
		<tarif>3844.67</tarif>
		<tarif_1>3243.60</tarif_1>
		<tarif_3>170.03</tarif_3>
		<tarif_6>431.04</tarif_6>
		<d_from>2018-01-01</d_from>
		<d_to>2018-12-31</d_to>
		<dop_pr>0</dop_pr>
		<vid_fin>1</vid_fin>
	</smptar>
	<smptar>
		<id_r_smpta>78</id_r_smpta>
		<code_hosp>009</code_hosp>
		<pnf>0</pnf>
		<tarif>5351.61</tarif>
		<tarif_1>4573.78</tarif_1>
		<tarif_3>170.03</tarif_3>
		<tarif_6>607.80</tarif_6>
		<d_from>2018-01-01</d_from>
		<d_to>2018-12-31</d_to>
		<dop_pr>0</dop_pr>
		<vid_fin>1</vid_fin>
	</smptar>
	<smptar>
		<id_r_smpta>79</id_r_smpta>
		<code_hosp>013</code_hosp>
		<pnf>0</pnf>
		<tarif>6337.06</tarif>
		<tarif_1>5443.64</tarif_1>
		<tarif_3>170.03</tarif_3>
		<tarif_6>723.39</tarif_6>
		<d_from>2018-01-01</d_from>
		<d_to>2018-12-31</d_to>
		<dop_pr>0</dop_pr>
		<vid_fin>1</vid_fin>
	</smptar>
	<smptar>
		<id_r_smpta>80</id_r_smpta>
		<code_hosp>014</code_hosp>
		<pnf>0</pnf>
		<tarif>6337.06</tarif>
		<tarif_1>5443.64</tarif_1>
		<tarif_3>170.03</tarif_3>
		<tarif_6>723.39</tarif_6>
		<d_from>2018-01-01</d_from>
		<d_to>2018-12-31</d_to>
		<dop_pr>0</dop_pr>
		<vid_fin>1</vid_fin>
	</smptar>
	<smptar>
		<id_r_smpta>81</id_r_smpta>
		<code_hosp>045</code_hosp>
		<pnf>0</pnf>
		<tarif>4599.16</tarif>
		<tarif_1>3909.59</tarif_1>
		<tarif_3>170.03</tarif_3>
		<tarif_6>519.54</tarif_6>
		<d_from>2018-01-01</d_from>
		<d_to>2018-12-31</d_to>
		<dop_pr>0</dop_pr>
		<vid_fin>1</vid_fin>
	</smptar>
	<smptar>
		<id_r_smpta>82</id_r_smpta>
		<code_hosp>046</code_hosp>
		<pnf>0</pnf>
		<tarif>4599.16</tarif>
		<tarif_1>3909.59</tarif_1>
		<tarif_3>170.03</tarif_3>
		<tarif_6>519.54</tarif_6>
		<d_from>2018-01-01</d_from>
		<d_to>2018-12-31</d_to>
		<dop_pr>0</dop_pr>
		<vid_fin>1</vid_fin>
	</smptar>
	<smptar>
		<id_r_smpta>83</id_r_smpta>
		<code_hosp>010</code_hosp>
		<pnf>0</pnf>
		<tarif>5351.61</tarif>
		<tarif_1>4573.78</tarif_1>
		<tarif_3>170.03</tarif_3>
		<tarif_6>607.80</tarif_6>
		<d_from>2018-01-01</d_from>
		<d_to>2018-10-31</d_to>
		<dop_pr>0</dop_pr>
		<vid_fin>1</vid_fin>
	</smptar>
	<smptar>
		<id_r_smpta>84</id_r_smpta>
		<code_hosp>419</code_hosp>
		<pnf>0</pnf>
		<tarif>3844.67</tarif>
		<tarif_1>3243.60</tarif_1>
		<tarif_3>170.03</tarif_3>
		<tarif_6>431.04</tarif_6>
		<d_from>2018-01-01</d_from>
		<d_to>2018-10-31</d_to>
		<dop_pr>0</dop_pr>
		<vid_fin>1</vid_fin>
	</smptar>
	<smptar>
		<id_r_smpta>85</id_r_smpta>
		<code_hosp>037</code_hosp>
		<pnf>0</pnf>
		<tarif>4599.16</tarif>
		<tarif_1>3909.59</tarif_1>
		<tarif_3>170.03</tarif_3>
		<tarif_6>519.54</tarif_6>
		<d_from>2018-01-01</d_from>
		<d_to>2018-12-31</d_to>
		<dop_pr>0</dop_pr>
		<vid_fin>1</vid_fin>
	</smptar>
	<smptar>
		<id_r_smpta>86</id_r_smpta>
		<code_hosp>038</code_hosp>
		<pnf>0</pnf>
		<tarif>3844.67</tarif>
		<tarif_1>3243.60</tarif_1>
		<tarif_3>170.03</tarif_3>
		<tarif_6>431.04</tarif_6>
		<d_from>2018-01-01</d_from>
		<d_to>2018-12-31</d_to>
		<dop_pr>0</dop_pr>
		<vid_fin>1</vid_fin>
	</smptar>
	<smptar>
		<id_r_smpta>87</id_r_smpta>
		<code_hosp>007</code_hosp>
		<pnf>0</pnf>
		<tarif>55318.70</tarif>
		<tarif_1>3243.60</tarif_1>
		<tarif_3>51644.06</tarif_3>
		<tarif_6>431.04</tarif_6>
		<d_from>2018-01-01</d_from>
		<d_to>2018-12-31</d_to>
		<dop_pr>1</dop_pr>
		<vid_fin>1</vid_fin>
	</smptar>
	<smptar>
		<id_r_smpta>88</id_r_smpta>
		<code_hosp>009</code_hosp>
		<pnf>0</pnf>
		<tarif>56825.64</tarif>
		<tarif_1>4573.78</tarif_1>
		<tarif_3>51644.06</tarif_3>
		<tarif_6>607.80</tarif_6>
		<d_from>2018-01-01</d_from>
		<d_to>2018-12-31</d_to>
		<dop_pr>1</dop_pr>
		<vid_fin>1</vid_fin>
	</smptar>
	<smptar>
		<id_r_smpta>89</id_r_smpta>
		<code_hosp>013</code_hosp>
		<pnf>0</pnf>
		<tarif>57811.09</tarif>
		<tarif_1>5443.64</tarif_1>
		<tarif_3>51644.06</tarif_3>
		<tarif_6>723.39</tarif_6>
		<d_from>2018-01-01</d_from>
		<d_to>2018-12-31</d_to>
		<dop_pr>1</dop_pr>
		<vid_fin>1</vid_fin>
	</smptar>
	<smptar>
		<id_r_smpta>90</id_r_smpta>
		<code_hosp>014</code_hosp>
		<pnf>0</pnf>
		<tarif>57811.09</tarif>
		<tarif_1>5443.64</tarif_1>
		<tarif_3>51644.06</tarif_3>
		<tarif_6>723.39</tarif_6>
		<d_from>2018-01-01</d_from>
		<d_to>2018-12-31</d_to>
		<dop_pr>1</dop_pr>
		<vid_fin>1</vid_fin>
	</smptar>
	<smptar>
		<id_r_smpta>91</id_r_smpta>
		<code_hosp>045</code_hosp>
		<pnf>0</pnf>
		<tarif>56073.19</tarif>
		<tarif_1>3909.59</tarif_1>
		<tarif_3>51644.06</tarif_3>
		<tarif_6>519.54</tarif_6>
		<d_from>2018-01-01</d_from>
		<d_to>2018-12-31</d_to>
		<dop_pr>1</dop_pr>
		<vid_fin>1</vid_fin>
	</smptar>
	<smptar>
		<id_r_smpta>92</id_r_smpta>
		<code_hosp>046</code_hosp>
		<pnf>0</pnf>
		<tarif>56073.19</tarif>
		<tarif_1>3909.59</tarif_1>
		<tarif_3>51644.06</tarif_3>
		<tarif_6>519.54</tarif_6>
		<d_from>2018-01-01</d_from>
		<d_to>2018-12-31</d_to>
		<dop_pr>1</dop_pr>
		<vid_fin>1</vid_fin>
	</smptar>
	<smptar>
		<id_r_smpta>93</id_r_smpta>
		<code_hosp>010</code_hosp>
		<pnf>0</pnf>
		<tarif>56825.64</tarif>
		<tarif_1>4573.78</tarif_1>
		<tarif_3>51644.06</tarif_3>
		<tarif_6>607.80</tarif_6>
		<d_from>2018-01-01</d_from>
		<d_to>2018-10-31</d_to>
		<dop_pr>1</dop_pr>
		<vid_fin>1</vid_fin>
	</smptar>
	<smptar>
		<id_r_smpta>94</id_r_smpta>
		<code_hosp>419</code_hosp>
		<pnf>0</pnf>
		<tarif>55318.70</tarif>
		<tarif_1>3243.60</tarif_1>
		<tarif_3>51644.06</tarif_3>
		<tarif_6>431.04</tarif_6>
		<d_from>2018-01-01</d_from>
		<d_to>2018-10-31</d_to>
		<dop_pr>1</dop_pr>
		<vid_fin>1</vid_fin>
	</smptar>
	<smptar>
		<id_r_smpta>95</id_r_smpta>
		<code_hosp>037</code_hosp>
		<pnf>0</pnf>
		<tarif>56073.19</tarif>
		<tarif_1>3909.59</tarif_1>
		<tarif_3>51644.06</tarif_3>
		<tarif_6>519.54</tarif_6>
		<d_from>2018-01-01</d_from>
		<d_to>2018-12-31</d_to>
		<dop_pr>1</dop_pr>
		<vid_fin>1</vid_fin>
	</smptar>
	<smptar>
		<id_r_smpta>96</id_r_smpta>
		<code_hosp>038</code_hosp>
		<pnf>0</pnf>
		<tarif>55318.70</tarif>
		<tarif_1>3243.60</tarif_1>
		<tarif_3>51644.06</tarif_3>
		<tarif_6>431.04</tarif_6>
		<d_from>2018-01-01</d_from>
		<d_to>2018-12-31</d_to>
		<dop_pr>1</dop_pr>
		<vid_fin>1</vid_fin>
	</smptar>
	<smptar>
		<id_r_smpta>97</id_r_smpta>
		<code_hosp>419</code_hosp>
		<pnf>1</pnf>
		<tarif>105.03</tarif>
		<tarif_1>88.74</tarif_1>
		<tarif_3>4.50</tarif_3>
		<tarif_6>11.79</tarif_6>
		<d_from>2018-11-01</d_from>
		<d_to>2018-12-31</d_to>
		<dop_pr>0</dop_pr>
		<vid_fin>1</vid_fin>
	</smptar>
	<smptar>
		<id_r_smpta>98</id_r_smpta>
		<code_hosp>419</code_hosp>
		<pnf>0</pnf>
		<tarif>3973.71</tarif>
		<tarif_1>3357.51</tarif_1>
		<tarif_3>170.03</tarif_3>
		<tarif_6>446.17</tarif_6>
		<d_from>2018-11-01</d_from>
		<d_to>2018-12-31</d_to>
		<dop_pr>0</dop_pr>
		<vid_fin>1</vid_fin>
	</smptar>
	<smptar>
		<id_r_smpta>99</id_r_smpta>
		<code_hosp>419</code_hosp>
		<pnf>0</pnf>
		<tarif>55447.74</tarif>
		<tarif_1>3357.51</tarif_1>
		<tarif_3>51644.06</tarif_3>
		<tarif_6>446.17</tarif_6>
		<d_from>2018-11-01</d_from>
		<d_to>2018-12-31</d_to>
		<dop_pr>1</dop_pr>
		<vid_fin>1</vid_fin>
	</smptar>
	<smptar>
		<id_r_smpta>100</id_r_smpta>
		<code_hosp>007</code_hosp>
		<pnf>1</pnf>
		<tarif>97.73</tarif>
		<tarif_1>82.87</tarif_1>
		<tarif_3>3.85</tarif_3>
		<tarif_6>11.01</tarif_6>
		<d_from>2019-01-01</d_from>
		<d_to>2019-09-30</d_to>
		<dop_pr>0</dop_pr>
		<vid_fin>1</vid_fin>
	</smptar>
	<smptar>
		<id_r_smpta>101</id_r_smpta>
		<code_hosp>009</code_hosp>
		<pnf>1</pnf>
		<tarif>141.59</tarif>
		<tarif_1>121.51</tarif_1>
		<tarif_3>3.92</tarif_3>
		<tarif_6>16.16</tarif_6>
		<d_from>2019-01-01</d_from>
		<d_to>2019-09-30</d_to>
		<dop_pr>0</dop_pr>
		<vid_fin>1</vid_fin>
	</smptar>
	<smptar>
		<id_r_smpta>102</id_r_smpta>
		<code_hosp>013</code_hosp>
		<pnf>1</pnf>
		<tarif>141.59</tarif>
		<tarif_1>121.51</tarif_1>
		<tarif_3>3.92</tarif_3>
		<tarif_6>16.16</tarif_6>
		<d_from>2019-01-01</d_from>
		<d_to>2019-09-30</d_to>
		<dop_pr>0</dop_pr>
		<vid_fin>1</vid_fin>
	</smptar>
	<smptar>
		<id_r_smpta>103</id_r_smpta>
		<code_hosp>014</code_hosp>
		<pnf>1</pnf>
		<tarif>141.59</tarif>
		<tarif_1>121.51</tarif_1>
		<tarif_3>3.92</tarif_3>
		<tarif_6>16.16</tarif_6>
		<d_from>2019-01-01</d_from>
		<d_to>2019-05-31</d_to>
		<dop_pr>0</dop_pr>
		<vid_fin>1</vid_fin>
	</smptar>
	<smptar>
		<id_r_smpta>104</id_r_smpta>
		<code_hosp>045</code_hosp>
		<pnf>1</pnf>
		<tarif>105.78</tarif>
		<tarif_1>89.93</tarif_1>
		<tarif_3>3.90</tarif_3>
		<tarif_6>11.95</tarif_6>
		<d_from>2019-01-01</d_from>
		<d_to>2019-09-30</d_to>
		<dop_pr>0</dop_pr>
		<vid_fin>1</vid_fin>
	</smptar>
	<smptar>
		<id_r_smpta>105</id_r_smpta>
		<code_hosp>046</code_hosp>
		<pnf>1</pnf>
		<tarif>105.78</tarif>
		<tarif_1>89.93</tarif_1>
		<tarif_3>3.90</tarif_3>
		<tarif_6>11.95</tarif_6>
		<d_from>2019-01-01</d_from>
		<d_to>2019-05-31</d_to>
		<dop_pr>0</dop_pr>
		<vid_fin>1</vid_fin>
	</smptar>
	<smptar>
		<id_r_smpta>106</id_r_smpta>
		<code_hosp>419</code_hosp>
		<pnf>1</pnf>
		<tarif>97.73</tarif>
		<tarif_1>82.87</tarif_1>
		<tarif_3>3.85</tarif_3>
		<tarif_6>11.01</tarif_6>
		<d_from>2019-01-01</d_from>
		<d_to>2019-05-31</d_to>
		<dop_pr>0</dop_pr>
		<vid_fin>1</vid_fin>
	</smptar>
	<smptar>
		<id_r_smpta>107</id_r_smpta>
		<code_hosp>037</code_hosp>
		<pnf>1</pnf>
		<tarif>105.78</tarif>
		<tarif_1>89.93</tarif_1>
		<tarif_3>3.90</tarif_3>
		<tarif_6>11.95</tarif_6>
		<d_from>2019-01-01</d_from>
		<d_to>2019-09-30</d_to>
		<dop_pr>0</dop_pr>
		<vid_fin>1</vid_fin>
	</smptar>
	<smptar>
		<id_r_smpta>108</id_r_smpta>
		<code_hosp>038</code_hosp>
		<pnf>1</pnf>
		<tarif>97.73</tarif>
		<tarif_1>82.87</tarif_1>
		<tarif_3>3.85</tarif_3>
		<tarif_6>11.01</tarif_6>
		<d_from>2019-01-01</d_from>
		<d_to>2019-09-30</d_to>
		<dop_pr>0</dop_pr>
		<vid_fin>1</vid_fin>
	</smptar>
	<smptar>
		<id_r_smpta>109</id_r_smpta>
		<code_hosp>007</code_hosp>
		<pnf>0</pnf>
		<tarif>4315.34</tarif>
		<tarif_1>3659.07</tarif_1>
		<tarif_3>170.03</tarif_3>
		<tarif_6>486.24</tarif_6>
		<d_from>2019-01-01</d_from>
		<d_to>2019-09-30</d_to>
		<dop_pr>0</dop_pr>
		<vid_fin>1</vid_fin>
	</smptar>
	<smptar>
		<id_r_smpta>110</id_r_smpta>
		<code_hosp>009</code_hosp>
		<pnf>0</pnf>
		<tarif>6143.39</tarif>
		<tarif_1>5272.68</tarif_1>
		<tarif_3>170.03</tarif_3>
		<tarif_6>700.68</tarif_6>
		<d_from>2019-01-01</d_from>
		<d_to>2019-09-30</d_to>
		<dop_pr>0</dop_pr>
		<vid_fin>1</vid_fin>
	</smptar>
	<smptar>
		<id_r_smpta>111</id_r_smpta>
		<code_hosp>013</code_hosp>
		<pnf>0</pnf>
		<tarif>6143.39</tarif>
		<tarif_1>5272.68</tarif_1>
		<tarif_3>170.03</tarif_3>
		<tarif_6>700.68</tarif_6>
		<d_from>2019-01-01</d_from>
		<d_to>2019-09-30</d_to>
		<dop_pr>0</dop_pr>
		<vid_fin>1</vid_fin>
	</smptar>
	<smptar>
		<id_r_smpta>112</id_r_smpta>
		<code_hosp>014</code_hosp>
		<pnf>0</pnf>
		<tarif>6143.39</tarif>
		<tarif_1>5272.68</tarif_1>
		<tarif_3>170.03</tarif_3>
		<tarif_6>700.68</tarif_6>
		<d_from>2019-01-01</d_from>
		<d_to>2019-05-31</d_to>
		<dop_pr>0</dop_pr>
		<vid_fin>1</vid_fin>
	</smptar>
	<smptar>
		<id_r_smpta>113</id_r_smpta>
		<code_hosp>045</code_hosp>
		<pnf>0</pnf>
		<tarif>4611.09</tarif>
		<tarif_1>3920.12</tarif_1>
		<tarif_3>170.03</tarif_3>
		<tarif_6>520.94</tarif_6>
		<d_from>2019-01-01</d_from>
		<d_to>2019-09-30</d_to>
		<dop_pr>0</dop_pr>
		<vid_fin>1</vid_fin>
	</smptar>
	<smptar>
		<id_r_smpta>114</id_r_smpta>
		<code_hosp>046</code_hosp>
		<pnf>0</pnf>
		<tarif>4611.09</tarif>
		<tarif_1>3920.12</tarif_1>
		<tarif_3>170.03</tarif_3>
		<tarif_6>520.94</tarif_6>
		<d_from>2019-01-01</d_from>
		<d_to>2019-05-31</d_to>
		<dop_pr>0</dop_pr>
		<vid_fin>1</vid_fin>
	</smptar>
	<smptar>
		<id_r_smpta>115</id_r_smpta>
		<code_hosp>419</code_hosp>
		<pnf>0</pnf>
		<tarif>4315.34</tarif>
		<tarif_1>3659.07</tarif_1>
		<tarif_3>170.03</tarif_3>
		<tarif_6>486.24</tarif_6>
		<d_from>2019-01-01</d_from>
		<d_to>2019-05-31</d_to>
		<dop_pr>0</dop_pr>
		<vid_fin>1</vid_fin>
	</smptar>
	<smptar>
		<id_r_smpta>116</id_r_smpta>
		<code_hosp>037</code_hosp>
		<pnf>0</pnf>
		<tarif>4611.09</tarif>
		<tarif_1>3920.12</tarif_1>
		<tarif_3>170.03</tarif_3>
		<tarif_6>520.94</tarif_6>
		<d_from>2019-01-01</d_from>
		<d_to>2019-09-30</d_to>
		<dop_pr>0</dop_pr>
		<vid_fin>1</vid_fin>
	</smptar>
	<smptar>
		<id_r_smpta>117</id_r_smpta>
		<code_hosp>038</code_hosp>
		<pnf>0</pnf>
		<tarif>4315.34</tarif>
		<tarif_1>3659.07</tarif_1>
		<tarif_3>170.03</tarif_3>
		<tarif_6>486.24</tarif_6>
		<d_from>2019-01-01</d_from>
		<d_to>2019-09-30</d_to>
		<dop_pr>0</dop_pr>
		<vid_fin>1</vid_fin>
	</smptar>
	<smptar>
		<id_r_smpta>118</id_r_smpta>
		<code_hosp>007</code_hosp>
		<pnf>0</pnf>
		<tarif>51474.03</tarif>
		<tarif_1>0.00</tarif_1>
		<tarif_3>51474.03</tarif_3>
		<tarif_6>0.00</tarif_6>
		<d_from>2019-01-01</d_from>
		<d_to>2019-12-31</d_to>
		<dop_pr>1</dop_pr>
		<vid_fin>1</vid_fin>
	</smptar>
	<smptar>
		<id_r_smpta>119</id_r_smpta>
		<code_hosp>009</code_hosp>
		<pnf>0</pnf>
		<tarif>51474.03</tarif>
		<tarif_1>0.00</tarif_1>
		<tarif_3>51474.03</tarif_3>
		<tarif_6>0.00</tarif_6>
		<d_from>2019-01-01</d_from>
		<d_to>2019-12-31</d_to>
		<dop_pr>1</dop_pr>
		<vid_fin>1</vid_fin>
	</smptar>
	<smptar>
		<id_r_smpta>120</id_r_smpta>
		<code_hosp>013</code_hosp>
		<pnf>0</pnf>
		<tarif>51474.03</tarif>
		<tarif_1>0.00</tarif_1>
		<tarif_3>51474.03</tarif_3>
		<tarif_6>0.00</tarif_6>
		<d_from>2019-01-01</d_from>
		<d_to>2019-12-31</d_to>
		<dop_pr>1</dop_pr>
		<vid_fin>1</vid_fin>
	</smptar>
	<smptar>
		<id_r_smpta>121</id_r_smpta>
		<code_hosp>014</code_hosp>
		<pnf>0</pnf>
		<tarif>51474.03</tarif>
		<tarif_1>0.00</tarif_1>
		<tarif_3>51474.03</tarif_3>
		<tarif_6>0.00</tarif_6>
		<d_from>2019-01-01</d_from>
		<d_to>2019-05-31</d_to>
		<dop_pr>1</dop_pr>
		<vid_fin>1</vid_fin>
	</smptar>
	<smptar>
		<id_r_smpta>122</id_r_smpta>
		<code_hosp>045</code_hosp>
		<pnf>0</pnf>
		<tarif>51474.03</tarif>
		<tarif_1>0.00</tarif_1>
		<tarif_3>51474.03</tarif_3>
		<tarif_6>0.00</tarif_6>
		<d_from>2019-01-01</d_from>
		<d_to>2019-12-31</d_to>
		<dop_pr>1</dop_pr>
		<vid_fin>1</vid_fin>
	</smptar>
	<smptar>
		<id_r_smpta>123</id_r_smpta>
		<code_hosp>046</code_hosp>
		<pnf>0</pnf>
		<tarif>51474.03</tarif>
		<tarif_1>0.00</tarif_1>
		<tarif_3>51474.03</tarif_3>
		<tarif_6>0.00</tarif_6>
		<d_from>2019-01-01</d_from>
		<d_to>2019-05-31</d_to>
		<dop_pr>1</dop_pr>
		<vid_fin>1</vid_fin>
	</smptar>
	<smptar>
		<id_r_smpta>124</id_r_smpta>
		<code_hosp>419</code_hosp>
		<pnf>0</pnf>
		<tarif>51474.03</tarif>
		<tarif_1>0.00</tarif_1>
		<tarif_3>51474.03</tarif_3>
		<tarif_6>0.00</tarif_6>
		<d_from>2019-01-01</d_from>
		<d_to>2019-12-31</d_to>
		<dop_pr>1</dop_pr>
		<vid_fin>1</vid_fin>
	</smptar>
	<smptar>
		<id_r_smpta>125</id_r_smpta>
		<code_hosp>037</code_hosp>
		<pnf>0</pnf>
		<tarif>51474.03</tarif>
		<tarif_1>0.00</tarif_1>
		<tarif_3>51474.03</tarif_3>
		<tarif_6>0.00</tarif_6>
		<d_from>2019-01-01</d_from>
		<d_to>2019-12-31</d_to>
		<dop_pr>1</dop_pr>
		<vid_fin>1</vid_fin>
	</smptar>
	<smptar>
		<id_r_smpta>126</id_r_smpta>
		<code_hosp>038</code_hosp>
		<pnf>0</pnf>
		<tarif>51474.03</tarif>
		<tarif_1>0.00</tarif_1>
		<tarif_3>51474.03</tarif_3>
		<tarif_6>0.00</tarif_6>
		<d_from>2019-01-01</d_from>
		<d_to>2019-12-31</d_to>
		<dop_pr>1</dop_pr>
		<vid_fin>1</vid_fin>
	</smptar>
	<smptar>
		<id_r_smpta>127</id_r_smpta>
		<code_hosp>419</code_hosp>
		<pnf>1</pnf>
		<tarif>99.39</tarif>
		<tarif_1>84.32</tarif_1>
		<tarif_3>3.87</tarif_3>
		<tarif_6>11.20</tarif_6>
		<d_from>2019-06-01</d_from>
		<d_to>2019-09-30</d_to>
		<dop_pr>0</dop_pr>
		<vid_fin>1</vid_fin>
	</smptar>
	<smptar>
		<id_r_smpta>128</id_r_smpta>
		<code_hosp>419</code_hosp>
		<pnf>0</pnf>
		<tarif>4373.27</tarif>
		<tarif_1>3710.20</tarif_1>
		<tarif_3>170.03</tarif_3>
		<tarif_6>493.04</tarif_6>
		<d_from>2019-06-01</d_from>
		<d_to>2019-09-30</d_to>
		<dop_pr>0</dop_pr>
		<vid_fin>1</vid_fin>
	</smptar>
	<smptar>
		<id_r_smpta>129</id_r_smpta>
		<code_hosp>007</code_hosp>
		<pnf>1</pnf>
		<tarif>107.93</tarif>
		<tarif_1>91.56</tarif_1>
		<tarif_3>4.21</tarif_3>
		<tarif_6>12.16</tarif_6>
		<d_from>2019-10-01</d_from>
		<d_to>2019-12-31</d_to>
		<dop_pr>0</dop_pr>
		<vid_fin>1</vid_fin>
	</smptar>
	<smptar>
		<id_r_smpta>130</id_r_smpta>
		<code_hosp>009</code_hosp>
		<pnf>1</pnf>
		<tarif>154.37</tarif>
		<tarif_1>132.48</tarif_1>
		<tarif_3>4.28</tarif_3>
		<tarif_6>17.61</tarif_6>
		<d_from>2019-10-01</d_from>
		<d_to>2019-12-31</d_to>
		<dop_pr>0</dop_pr>
		<vid_fin>1</vid_fin>
	</smptar>
	<smptar>
		<id_r_smpta>131</id_r_smpta>
		<code_hosp>013</code_hosp>
		<pnf>1</pnf>
		<tarif>154.37</tarif>
		<tarif_1>132.48</tarif_1>
		<tarif_3>4.28</tarif_3>
		<tarif_6>17.61</tarif_6>
		<d_from>2019-10-01</d_from>
		<d_to>2019-12-31</d_to>
		<dop_pr>0</dop_pr>
		<vid_fin>1</vid_fin>
	</smptar>
	<smptar>
		<id_r_smpta>132</id_r_smpta>
		<code_hosp>045</code_hosp>
		<pnf>1</pnf>
		<tarif>115.32</tarif>
		<tarif_1>98.03</tarif_1>
		<tarif_3>4.26</tarif_3>
		<tarif_6>13.03</tarif_6>
		<d_from>2019-10-01</d_from>
		<d_to>2019-12-31</d_to>
		<dop_pr>0</dop_pr>
		<vid_fin>1</vid_fin>
	</smptar>
	<smptar>
		<id_r_smpta>133</id_r_smpta>
		<code_hosp>419</code_hosp>
		<pnf>1</pnf>
		<tarif>107.93</tarif>
		<tarif_1>91.56</tarif_1>
		<tarif_3>4.21</tarif_3>
		<tarif_6>12.16</tarif_6>
		<d_from>2019-10-01</d_from>
		<d_to>2019-12-31</d_to>
		<dop_pr>0</dop_pr>
		<vid_fin>1</vid_fin>
	</smptar>
	<smptar>
		<id_r_smpta>134</id_r_smpta>
		<code_hosp>037</code_hosp>
		<pnf>1</pnf>
		<tarif>115.32</tarif>
		<tarif_1>98.03</tarif_1>
		<tarif_3>4.26</tarif_3>
		<tarif_6>13.03</tarif_6>
		<d_from>2019-10-01</d_from>
		<d_to>2019-12-31</d_to>
		<dop_pr>0</dop_pr>
		<vid_fin>1</vid_fin>
	</smptar>
	<smptar>
		<id_r_smpta>135</id_r_smpta>
		<code_hosp>038</code_hosp>
		<pnf>1</pnf>
		<tarif>107.93</tarif>
		<tarif_1>91.56</tarif_1>
		<tarif_3>4.21</tarif_3>
		<tarif_6>12.16</tarif_6>
		<d_from>2019-10-01</d_from>
		<d_to>2019-12-31</d_to>
		<dop_pr>0</dop_pr>
		<vid_fin>1</vid_fin>
	</smptar>
	<smptar>
		<id_r_smpta>136</id_r_smpta>
		<code_hosp>007</code_hosp>
		<pnf>0</pnf>
		<tarif>4359.08</tarif>
		<tarif_1>3697.67</tarif_1>
		<tarif_3>170.03</tarif_3>
		<tarif_6>491.38</tarif_6>
		<d_from>2019-10-01</d_from>
		<d_to>2019-12-31</d_to>
		<dop_pr>0</dop_pr>
		<vid_fin>1</vid_fin>
	</smptar>
	<smptar>
		<id_r_smpta>137</id_r_smpta>
		<code_hosp>009</code_hosp>
		<pnf>0</pnf>
		<tarif>6143.39</tarif>
		<tarif_1>5272.68</tarif_1>
		<tarif_3>170.03</tarif_3>
		<tarif_6>700.68</tarif_6>
		<d_from>2019-10-01</d_from>
		<d_to>2019-12-31</d_to>
		<dop_pr>0</dop_pr>
		<vid_fin>1</vid_fin>
	</smptar>
	<smptar>
		<id_r_smpta>138</id_r_smpta>
		<code_hosp>013</code_hosp>
		<pnf>0</pnf>
		<tarif>6143.39</tarif>
		<tarif_1>5272.68</tarif_1>
		<tarif_3>170.03</tarif_3>
		<tarif_6>700.68</tarif_6>
		<d_from>2019-10-01</d_from>
		<d_to>2019-12-31</d_to>
		<dop_pr>0</dop_pr>
		<vid_fin>1</vid_fin>
	</smptar>
	<smptar>
		<id_r_smpta>139</id_r_smpta>
		<code_hosp>045</code_hosp>
		<pnf>0</pnf>
		<tarif>4611.09</tarif>
		<tarif_1>3920.12</tarif_1>
		<tarif_3>170.03</tarif_3>
		<tarif_6>520.94</tarif_6>
		<d_from>2019-10-01</d_from>
		<d_to>2019-12-31</d_to>
		<dop_pr>0</dop_pr>
		<vid_fin>1</vid_fin>
	</smptar>
	<smptar>
		<id_r_smpta>140</id_r_smpta>
		<code_hosp>419</code_hosp>
		<pnf>0</pnf>
		<tarif>4359.08</tarif>
		<tarif_1>3697.67</tarif_1>
		<tarif_3>170.03</tarif_3>
		<tarif_6>491.38</tarif_6>
		<d_from>2019-10-01</d_from>
		<d_to>2019-12-31</d_to>
		<dop_pr>0</dop_pr>
		<vid_fin>1</vid_fin>
	</smptar>
	<smptar>
		<id_r_smpta>141</id_r_smpta>
		<code_hosp>037</code_hosp>
		<pnf>0</pnf>
		<tarif>4611.09</tarif>
		<tarif_1>3920.12</tarif_1>
		<tarif_3>170.03</tarif_3>
		<tarif_6>520.94</tarif_6>
		<d_from>2019-10-01</d_from>
		<d_to>2019-12-31</d_to>
		<dop_pr>0</dop_pr>
		<vid_fin>1</vid_fin>
	</smptar>
	<smptar>
		<id_r_smpta>142</id_r_smpta>
		<code_hosp>038</code_hosp>
		<pnf>0</pnf>
		<tarif>4359.08</tarif>
		<tarif_1>3697.67</tarif_1>
		<tarif_3>170.03</tarif_3>
		<tarif_6>491.38</tarif_6>
		<d_from>2019-10-01</d_from>
		<d_to>2019-12-31</d_to>
		<dop_pr>0</dop_pr>
		<vid_fin>1</vid_fin>
	</smptar>
	<smptar>
		<id_r_smpta>143</id_r_smpta>
		<code_hosp>007</code_hosp>
		<pnf>1</pnf>
		<tarif>1344.07</tarif>
		<tarif_1>0.00</tarif_1>
		<tarif_3>0.00</tarif_3>
		<tarif_6>0.00</tarif_6>
		<d_from>2020-01-01</d_from>
		<d_to>2020-10-31</d_to>
		<dop_pr>0</dop_pr>
		<vid_fin>1</vid_fin>
	</smptar>
	<smptar>
		<id_r_smpta>144</id_r_smpta>
		<code_hosp>009</code_hosp>
		<pnf>1</pnf>
		<tarif>1491.81</tarif>
		<tarif_1>0.00</tarif_1>
		<tarif_3>0.00</tarif_3>
		<tarif_6>0.00</tarif_6>
		<d_from>2020-01-01</d_from>
		<d_to>2020-12-31</d_to>
		<dop_pr>0</dop_pr>
		<vid_fin>1</vid_fin>
	</smptar>
	<smptar>
		<id_r_smpta>145</id_r_smpta>
		<code_hosp>045</code_hosp>
		<pnf>1</pnf>
		<tarif>1344.07</tarif>
		<tarif_1>0.00</tarif_1>
		<tarif_3>0.00</tarif_3>
		<tarif_6>0.00</tarif_6>
		<d_from>2020-01-01</d_from>
		<d_to>2020-05-31</d_to>
		<dop_pr>0</dop_pr>
		<vid_fin>1</vid_fin>
	</smptar>
	<smptar>
		<id_r_smpta>146</id_r_smpta>
		<code_hosp>419</code_hosp>
		<pnf>1</pnf>
		<tarif>1344.07</tarif>
		<tarif_1>0.00</tarif_1>
		<tarif_3>0.00</tarif_3>
		<tarif_6>0.00</tarif_6>
		<d_from>2020-01-01</d_from>
		<d_to>2020-12-31</d_to>
		<dop_pr>0</dop_pr>
		<vid_fin>1</vid_fin>
	</smptar>
	<smptar>
		<id_r_smpta>147</id_r_smpta>
		<code_hosp>037</code_hosp>
		<pnf>1</pnf>
		<tarif>1491.81</tarif>
		<tarif_1>0.00</tarif_1>
		<tarif_3>0.00</tarif_3>
		<tarif_6>0.00</tarif_6>
		<d_from>2020-01-01</d_from>
		<d_to>2020-12-31</d_to>
		<dop_pr>0</dop_pr>
		<vid_fin>1</vid_fin>
	</smptar>
	<smptar>
		<id_r_smpta>148</id_r_smpta>
		<code_hosp>038</code_hosp>
		<pnf>1</pnf>
		<tarif>1344.07</tarif>
		<tarif_1>0.00</tarif_1>
		<tarif_3>0.00</tarif_3>
		<tarif_6>0.00</tarif_6>
		<d_from>2020-01-01</d_from>
		<d_to>2020-12-31</d_to>
		<dop_pr>0</dop_pr>
		<vid_fin>1</vid_fin>
	</smptar>
	<smptar>
		<id_r_smpta>161</id_r_smpta>
		<code_hosp>007</code_hosp>
		<pnf>0</pnf>
		<tarif>64798.78</tarif>
		<tarif_1>0.00</tarif_1>
		<tarif_3>0.00</tarif_3>
		<tarif_6>0.00</tarif_6>
		<d_from>2020-02-01</d_from>
		<d_to>2020-10-31</d_to>
		<dop_pr>1</dop_pr>
		<vid_fin>1</vid_fin>
	</smptar>
	<smptar>
		<id_r_smpta>162</id_r_smpta>
		<code_hosp>009</code_hosp>
		<pnf>0</pnf>
		<tarif>65124.66</tarif>
		<tarif_1>0.00</tarif_1>
		<tarif_3>0.00</tarif_3>
		<tarif_6>0.00</tarif_6>
		<d_from>2020-02-01</d_from>
		<d_to>2020-10-31</d_to>
		<dop_pr>1</dop_pr>
		<vid_fin>1</vid_fin>
	</smptar>
	<smptar>
		<id_r_smpta>163</id_r_smpta>
		<code_hosp>045</code_hosp>
		<pnf>0</pnf>
		<tarif>64798.78</tarif>
		<tarif_1>0.00</tarif_1>
		<tarif_3>0.00</tarif_3>
		<tarif_6>0.00</tarif_6>
		<d_from>2020-02-01</d_from>
		<d_to>2020-12-31</d_to>
		<dop_pr>1</dop_pr>
		<vid_fin>1</vid_fin>
	</smptar>
	<smptar>
		<id_r_smpta>164</id_r_smpta>
		<code_hosp>419</code_hosp>
		<pnf>0</pnf>
		<tarif>64798.78</tarif>
		<tarif_1>0.00</tarif_1>
		<tarif_3>0.00</tarif_3>
		<tarif_6>0.00</tarif_6>
		<d_from>2020-02-01</d_from>
		<d_to>2020-10-31</d_to>
		<dop_pr>1</dop_pr>
		<vid_fin>1</vid_fin>
	</smptar>
	<smptar>
		<id_r_smpta>165</id_r_smpta>
		<code_hosp>037</code_hosp>
		<pnf>0</pnf>
		<tarif>65124.66</tarif>
		<tarif_1>0.00</tarif_1>
		<tarif_3>0.00</tarif_3>
		<tarif_6>0.00</tarif_6>
		<d_from>2020-02-01</d_from>
		<d_to>2020-10-31</d_to>
		<dop_pr>1</dop_pr>
		<vid_fin>1</vid_fin>
	</smptar>
	<smptar>
		<id_r_smpta>166</id_r_smpta>
		<code_hosp>038</code_hosp>
		<pnf>0</pnf>
		<tarif>65124.66</tarif>
		<tarif_1>0.00</tarif_1>
		<tarif_3>0.00</tarif_3>
		<tarif_6>0.00</tarif_6>
		<d_from>2020-02-01</d_from>
		<d_to>2020-10-31</d_to>
		<dop_pr>1</dop_pr>
		<vid_fin>1</vid_fin>
	</smptar>
	<smptar>
		<id_r_smpta>167</id_r_smpta>
		<code_hosp>419</code_hosp>
		<pnf>0</pnf>
		<tarif>4630.28</tarif>
		<tarif_1>0.00</tarif_1>
		<tarif_3>0.00</tarif_3>
		<tarif_6>0.00</tarif_6>
		<d_from>2020-11-01</d_from>
		<d_to>2020-12-31</d_to>
		<dop_pr>0</dop_pr>
		<vid_fin>1</vid_fin>
	</smptar>
	<smptar>
		<id_r_smpta>168</id_r_smpta>
		<code_hosp>037</code_hosp>
		<pnf>0</pnf>
		<tarif>4630.28</tarif>
		<tarif_1>0.00</tarif_1>
		<tarif_3>0.00</tarif_3>
		<tarif_6>0.00</tarif_6>
		<d_from>2020-11-01</d_from>
		<d_to>2020-12-31</d_to>
		<dop_pr>0</dop_pr>
		<vid_fin>1</vid_fin>
	</smptar>
	<smptar>
		<id_r_smpta>169</id_r_smpta>
		<code_hosp>419</code_hosp>
		<pnf>0</pnf>
		<tarif>64805.98</tarif>
		<tarif_1>0.00</tarif_1>
		<tarif_3>0.00</tarif_3>
		<tarif_6>0.00</tarif_6>
		<d_from>2020-11-01</d_from>
		<d_to>2020-12-31</d_to>
		<dop_pr>1</dop_pr>
		<vid_fin>1</vid_fin>
	</smptar>
	<smptar>
		<id_r_smpta>170</id_r_smpta>
		<code_hosp>037</code_hosp>
		<pnf>0</pnf>
		<tarif>64805.98</tarif>
		<tarif_1>0.00</tarif_1>
		<tarif_3>0.00</tarif_3>
		<tarif_6>0.00</tarif_6>
		<d_from>2020-11-01</d_from>
		<d_to>2020-12-31</d_to>
		<dop_pr>1</dop_pr>
		<vid_fin>1</vid_fin>
	</smptar>
	<smptar>
		<id_r_smpta>171</id_r_smpta>
		<code_hosp>009</code_hosp>
		<pnf>0</pnf>
		<tarif>4951.86</tarif>
		<tarif_1>0.00</tarif_1>
		<tarif_3>0.00</tarif_3>
		<tarif_6>0.00</tarif_6>
		<d_from>2020-11-01</d_from>
		<d_to>2020-12-31</d_to>
		<dop_pr>0</dop_pr>
		<vid_fin>1</vid_fin>
	</smptar>
	<smptar>
		<id_r_smpta>172</id_r_smpta>
		<code_hosp>038</code_hosp>
		<pnf>0</pnf>
		<tarif>4951.86</tarif>
		<tarif_1>0.00</tarif_1>
		<tarif_3>0.00</tarif_3>
		<tarif_6>0.00</tarif_6>
		<d_from>2020-11-01</d_from>
		<d_to>2020-12-31</d_to>
		<dop_pr>0</dop_pr>
		<vid_fin>1</vid_fin>
	</smptar>
	<smptar>
		<id_r_smpta>173</id_r_smpta>
		<code_hosp>009</code_hosp>
		<pnf>0</pnf>
		<tarif>65127.56</tarif>
		<tarif_1>0.00</tarif_1>
		<tarif_3>0.00</tarif_3>
		<tarif_6>0.00</tarif_6>
		<d_from>2020-11-01</d_from>
		<d_to>2020-12-31</d_to>
		<dop_pr>1</dop_pr>
		<vid_fin>1</vid_fin>
	</smptar>
	<smptar>
		<id_r_smpta>174</id_r_smpta>
		<code_hosp>038</code_hosp>
		<pnf>0</pnf>
		<tarif>65127.56</tarif>
		<tarif_1>0.00</tarif_1>
		<tarif_3>0.00</tarif_3>
		<tarif_6>0.00</tarif_6>
		<d_from>2020-11-01</d_from>
		<d_to>2020-12-31</d_to>
		<dop_pr>1</dop_pr>
		<vid_fin>1</vid_fin>
	</smptar>
	<smptar>
		<id_r_smpta>175</id_r_smpta>
		<code_hosp>009</code_hosp>
		<pnf>1</pnf>
		<tarif>1627.59</tarif>
		<tarif_1>0.00</tarif_1>
		<tarif_3>0.00</tarif_3>
		<tarif_6>0.00</tarif_6>
		<d_from>2021-01-01</d_from>
		<d_to>2021-05-31</d_to>
		<dop_pr>0</dop_pr>
		<vid_fin>1</vid_fin>
	</smptar>
	<smptar>
		<id_r_smpta>176</id_r_smpta>
		<code_hosp>419</code_hosp>
		<pnf>1</pnf>
		<tarif>1463.68</tarif>
		<tarif_1>0.00</tarif_1>
		<tarif_3>0.00</tarif_3>
		<tarif_6>0.00</tarif_6>
		<d_from>2021-01-01</d_from>
		<d_to>2021-05-31</d_to>
		<dop_pr>0</dop_pr>
		<vid_fin>1</vid_fin>
	</smptar>
	<smptar>
		<id_r_smpta>177</id_r_smpta>
		<code_hosp>037</code_hosp>
		<pnf>1</pnf>
		<tarif>1449.56</tarif>
		<tarif_1>0.00</tarif_1>
		<tarif_3>0.00</tarif_3>
		<tarif_6>0.00</tarif_6>
		<d_from>2021-01-01</d_from>
		<d_to>2021-12-31</d_to>
		<dop_pr>0</dop_pr>
		<vid_fin>1</vid_fin>
	</smptar>
	<smptar>
		<id_r_smpta>178</id_r_smpta>
		<code_hosp>038</code_hosp>
		<pnf>1</pnf>
		<tarif>1346.93</tarif>
		<tarif_1>0.00</tarif_1>
		<tarif_3>0.00</tarif_3>
		<tarif_6>0.00</tarif_6>
		<d_from>2021-01-01</d_from>
		<d_to>2021-12-31</d_to>
		<dop_pr>0</dop_pr>
		<vid_fin>1</vid_fin>
	</smptar>
	<smptar>
		<id_r_smpta>179</id_r_smpta>
		<code_hosp>009</code_hosp>
		<pnf>0</pnf>
		<tarif>5466.03</tarif>
		<tarif_1>0.00</tarif_1>
		<tarif_3>0.00</tarif_3>
		<tarif_6>0.00</tarif_6>
		<d_from>2021-01-01</d_from>
		<d_to>2021-05-31</d_to>
		<dop_pr>0</dop_pr>
		<vid_fin>1</vid_fin>
	</smptar>
	<smptar>
		<id_r_smpta>180</id_r_smpta>
		<code_hosp>419</code_hosp>
		<pnf>0</pnf>
		<tarif>5118.67</tarif>
		<tarif_1>0.00</tarif_1>
		<tarif_3>0.00</tarif_3>
		<tarif_6>0.00</tarif_6>
		<d_from>2021-01-01</d_from>
		<d_to>2021-05-31</d_to>
		<dop_pr>0</dop_pr>
		<vid_fin>1</vid_fin>
	</smptar>
	<smptar>
		<id_r_smpta>181</id_r_smpta>
		<code_hosp>037</code_hosp>
		<pnf>0</pnf>
		<tarif>5073.07</tarif>
		<tarif_1>0.00</tarif_1>
		<tarif_3>0.00</tarif_3>
		<tarif_6>0.00</tarif_6>
		<d_from>2021-01-01</d_from>
		<d_to>2021-12-31</d_to>
		<dop_pr>0</dop_pr>
		<vid_fin>1</vid_fin>
	</smptar>
	<smptar>
		<id_r_smpta>182</id_r_smpta>
		<code_hosp>038</code_hosp>
		<pnf>0</pnf>
		<tarif>5444.23</tarif>
		<tarif_1>0.00</tarif_1>
		<tarif_3>0.00</tarif_3>
		<tarif_6>0.00</tarif_6>
		<d_from>2021-01-01</d_from>
		<d_to>2021-12-31</d_to>
		<dop_pr>0</dop_pr>
		<vid_fin>1</vid_fin>
	</smptar>
	<smptar>
		<id_r_smpta>183</id_r_smpta>
		<code_hosp>009</code_hosp>
		<pnf>0</pnf>
		<tarif>67868.18</tarif>
		<tarif_1>0.00</tarif_1>
		<tarif_3>0.00</tarif_3>
		<tarif_6>0.00</tarif_6>
		<d_from>2021-01-01</d_from>
		<d_to>2021-05-31</d_to>
		<dop_pr>1</dop_pr>
		<vid_fin>1</vid_fin>
	</smptar>
	<smptar>
		<id_r_smpta>184</id_r_smpta>
		<code_hosp>419</code_hosp>
		<pnf>0</pnf>
		<tarif>67520.82</tarif>
		<tarif_1>0.00</tarif_1>
		<tarif_3>0.00</tarif_3>
		<tarif_6>0.00</tarif_6>
		<d_from>2021-01-01</d_from>
		<d_to>2021-05-31</d_to>
		<dop_pr>1</dop_pr>
		<vid_fin>1</vid_fin>
	</smptar>
	<smptar>
		<id_r_smpta>185</id_r_smpta>
		<code_hosp>037</code_hosp>
		<pnf>0</pnf>
		<tarif>67475.22</tarif>
		<tarif_1>0.00</tarif_1>
		<tarif_3>0.00</tarif_3>
		<tarif_6>0.00</tarif_6>
		<d_from>2021-01-01</d_from>
		<d_to>2021-12-31</d_to>
		<dop_pr>1</dop_pr>
		<vid_fin>1</vid_fin>
	</smptar>
	<smptar>
		<id_r_smpta>186</id_r_smpta>
		<code_hosp>038</code_hosp>
		<pnf>0</pnf>
		<tarif>67846.38</tarif>
		<tarif_1>0.00</tarif_1>
		<tarif_3>0.00</tarif_3>
		<tarif_6>0.00</tarif_6>
		<d_from>2021-01-01</d_from>
		<d_to>2021-12-31</d_to>
		<dop_pr>1</dop_pr>
		<vid_fin>1</vid_fin>
	</smptar>
	<smptar>
		<id_r_smpta>187</id_r_smpta>
		<code_hosp>419</code_hosp>
		<pnf>1</pnf>
		<tarif>1476.36</tarif>
		<tarif_1>0.00</tarif_1>
		<tarif_3>0.00</tarif_3>
		<tarif_6>0.00</tarif_6>
		<d_from>2021-06-01</d_from>
		<d_to>2021-12-31</d_to>
		<dop_pr>0</dop_pr>
		<vid_fin>1</vid_fin>
	</smptar>
	<smptar>
		<id_r_smpta>188</id_r_smpta>
		<code_hosp>419</code_hosp>
		<pnf>0</pnf>
		<tarif>5146.61</tarif>
		<tarif_1>0.00</tarif_1>
		<tarif_3>0.00</tarif_3>
		<tarif_6>0.00</tarif_6>
		<d_from>2021-06-01</d_from>
		<d_to>2021-12-31</d_to>
		<dop_pr>0</dop_pr>
		<vid_fin>1</vid_fin>
	</smptar>
	<smptar>
		<id_r_smpta>189</id_r_smpta>
		<code_hosp>419</code_hosp>
		<pnf>0</pnf>
		<tarif>67548.76</tarif>
		<tarif_1>0.00</tarif_1>
		<tarif_3>0.00</tarif_3>
		<tarif_6>0.00</tarif_6>
		<d_from>2021-06-01</d_from>
		<d_to>2021-12-31</d_to>
		<dop_pr>1</dop_pr>
		<vid_fin>1</vid_fin>
	</smptar>
	<smptar>
		<id_r_smpta>190</id_r_smpta>
		<code_hosp>419</code_hosp>
		<pnf>1</pnf>
		<tarif>1621.31</tarif>
		<tarif_1>0.00</tarif_1>
		<tarif_3>0.00</tarif_3>
		<tarif_6>0.00</tarif_6>
		<d_from>2022-01-01</d_from>
		<d_to>2022-06-30</d_to>
		<dop_pr>0</dop_pr>
		<vid_fin>1</vid_fin>
	</smptar>
	<smptar>
		<id_r_smpta>191</id_r_smpta>
		<code_hosp>037</code_hosp>
		<pnf>1</pnf>
		<tarif>1630.18</tarif>
		<tarif_1>0.00</tarif_1>
		<tarif_3>0.00</tarif_3>
		<tarif_6>0.00</tarif_6>
		<d_from>2022-01-01</d_from>
		<d_to>2022-06-30</d_to>
		<dop_pr>0</dop_pr>
		<vid_fin>1</vid_fin>
	</smptar>
	<smptar>
		<id_r_smpta>192</id_r_smpta>
		<code_hosp>038</code_hosp>
		<pnf>1</pnf>
		<tarif>1355.01</tarif>
		<tarif_1>0.00</tarif_1>
		<tarif_3>0.00</tarif_3>
		<tarif_6>0.00</tarif_6>
		<d_from>2022-01-01</d_from>
		<d_to>2022-06-30</d_to>
		<dop_pr>0</dop_pr>
		<vid_fin>1</vid_fin>
	</smptar>
	<smptar>
		<id_r_smpta>193</id_r_smpta>
		<code_hosp>419</code_hosp>
		<pnf>0</pnf>
		<tarif>5460.90</tarif>
		<tarif_1>0.00</tarif_1>
		<tarif_3>0.00</tarif_3>
		<tarif_6>0.00</tarif_6>
		<d_from>2022-01-01</d_from>
		<d_to>2022-06-30</d_to>
		<dop_pr>0</dop_pr>
		<vid_fin>1</vid_fin>
	</smptar>
	<smptar>
		<id_r_smpta>194</id_r_smpta>
		<code_hosp>037</code_hosp>
		<pnf>0</pnf>
		<tarif>5460.36</tarif>
		<tarif_1>0.00</tarif_1>
		<tarif_3>0.00</tarif_3>
		<tarif_6>0.00</tarif_6>
		<d_from>2022-01-01</d_from>
		<d_to>2022-06-30</d_to>
		<dop_pr>0</dop_pr>
		<vid_fin>1</vid_fin>
	</smptar>
	<smptar>
		<id_r_smpta>195</id_r_smpta>
		<code_hosp>038</code_hosp>
		<pnf>0</pnf>
		<tarif>5290.85</tarif>
		<tarif_1>0.00</tarif_1>
		<tarif_3>0.00</tarif_3>
		<tarif_6>0.00</tarif_6>
		<d_from>2022-01-01</d_from>
		<d_to>2022-06-30</d_to>
		<dop_pr>0</dop_pr>
		<vid_fin>1</vid_fin>
	</smptar>
	<smptar>
		<id_r_smpta>196</id_r_smpta>
		<code_hosp>419</code_hosp>
		<pnf>0</pnf>
		<tarif>70360.90</tarif>
		<tarif_1>0.00</tarif_1>
		<tarif_3>0.00</tarif_3>
		<tarif_6>0.00</tarif_6>
		<d_from>2022-01-01</d_from>
		<d_to>2022-06-30</d_to>
		<dop_pr>1</dop_pr>
		<vid_fin>1</vid_fin>
	</smptar>
	<smptar>
		<id_r_smpta>197</id_r_smpta>
		<code_hosp>037</code_hosp>
		<pnf>0</pnf>
		<tarif>70360.36</tarif>
		<tarif_1>0.00</tarif_1>
		<tarif_3>0.00</tarif_3>
		<tarif_6>0.00</tarif_6>
		<d_from>2022-01-01</d_from>
		<d_to>2022-06-30</d_to>
		<dop_pr>1</dop_pr>
		<vid_fin>1</vid_fin>
	</smptar>
	<smptar>
		<id_r_smpta>198</id_r_smpta>
		<code_hosp>038</code_hosp>
		<pnf>0</pnf>
		<tarif>70190.85</tarif>
		<tarif_1>0.00</tarif_1>
		<tarif_3>0.00</tarif_3>
		<tarif_6>0.00</tarif_6>
		<d_from>2022-01-01</d_from>
		<d_to>2022-06-30</d_to>
		<dop_pr>1</dop_pr>
		<vid_fin>1</vid_fin>
	</smptar>
	<smptar>
		<id_r_smpta>199</id_r_smpta>
		<code_hosp>419</code_hosp>
		<pnf>1</pnf>
		<tarif>1621.74</tarif>
		<tarif_1>0.00</tarif_1>
		<tarif_3>0.00</tarif_3>
		<tarif_6>0.00</tarif_6>
		<d_from>2022-07-01</d_from>
		<d_to>2022-12-31</d_to>
		<dop_pr>0</dop_pr>
		<vid_fin>1</vid_fin>
	</smptar>
	<smptar>
		<id_r_smpta>200</id_r_smpta>
		<code_hosp>037</code_hosp>
		<pnf>1</pnf>
		<tarif>1630.76</tarif>
		<tarif_1>0.00</tarif_1>
		<tarif_3>0.00</tarif_3>
		<tarif_6>0.00</tarif_6>
		<d_from>2022-07-01</d_from>
		<d_to>2022-12-31</d_to>
		<dop_pr>0</dop_pr>
		<vid_fin>1</vid_fin>
	</smptar>
	<smptar>
		<id_r_smpta>201</id_r_smpta>
		<code_hosp>038</code_hosp>
		<pnf>1</pnf>
		<tarif>1348.37</tarif>
		<tarif_1>0.00</tarif_1>
		<tarif_3>0.00</tarif_3>
		<tarif_6>0.00</tarif_6>
		<d_from>2022-07-01</d_from>
		<d_to>2022-12-31</d_to>
		<dop_pr>0</dop_pr>
		<vid_fin>1</vid_fin>
	</smptar>
	<smptar>
		<id_r_smpta>202</id_r_smpta>
		<code_hosp>419</code_hosp>
		<pnf>0</pnf>
		<tarif>5462.16</tarif>
		<tarif_1>0.00</tarif_1>
		<tarif_3>0.00</tarif_3>
		<tarif_6>0.00</tarif_6>
		<d_from>2022-07-01</d_from>
		<d_to>2022-12-31</d_to>
		<dop_pr>0</dop_pr>
		<vid_fin>1</vid_fin>
	</smptar>
	<smptar>
		<id_r_smpta>203</id_r_smpta>
		<code_hosp>037</code_hosp>
		<pnf>0</pnf>
		<tarif>5462.16</tarif>
		<tarif_1>0.00</tarif_1>
		<tarif_3>0.00</tarif_3>
		<tarif_6>0.00</tarif_6>
		<d_from>2022-07-01</d_from>
		<d_to>2022-12-31</d_to>
		<dop_pr>0</dop_pr>
		<vid_fin>1</vid_fin>
	</smptar>
	<smptar>
		<id_r_smpta>204</id_r_smpta>
		<code_hosp>038</code_hosp>
		<pnf>0</pnf>
		<tarif>5268.08</tarif>
		<tarif_1>0.00</tarif_1>
		<tarif_3>0.00</tarif_3>
		<tarif_6>0.00</tarif_6>
		<d_from>2022-07-01</d_from>
		<d_to>2022-12-31</d_to>
		<dop_pr>0</dop_pr>
		<vid_fin>1</vid_fin>
	</smptar>
	<smptar>
		<id_r_smpta>205</id_r_smpta>
		<code_hosp>419</code_hosp>
		<pnf>0</pnf>
		<tarif>70362.16</tarif>
		<tarif_1>0.00</tarif_1>
		<tarif_3>0.00</tarif_3>
		<tarif_6>0.00</tarif_6>
		<d_from>2022-07-01</d_from>
		<d_to>2022-12-31</d_to>
		<dop_pr>1</dop_pr>
		<vid_fin>1</vid_fin>
	</smptar>
	<smptar>
		<id_r_smpta>206</id_r_smpta>
		<code_hosp>037</code_hosp>
		<pnf>0</pnf>
		<tarif>70362.16</tarif>
		<tarif_1>0.00</tarif_1>
		<tarif_3>0.00</tarif_3>
		<tarif_6>0.00</tarif_6>
		<d_from>2022-07-01</d_from>
		<d_to>2022-12-31</d_to>
		<dop_pr>1</dop_pr>
		<vid_fin>1</vid_fin>
	</smptar>
	<smptar>
		<id_r_smpta>207</id_r_smpta>
		<code_hosp>038</code_hosp>
		<pnf>0</pnf>
		<tarif>70168.08</tarif>
		<tarif_1>0.00</tarif_1>
		<tarif_3>0.00</tarif_3>
		<tarif_6>0.00</tarif_6>
		<d_from>2022-07-01</d_from>
		<d_to>2022-12-31</d_to>
		<dop_pr>1</dop_pr>
		<vid_fin>1</vid_fin>
	</smptar>
	<smptar>
		<id_r_smpta>217</id_r_smpta>
		<code_hosp>419</code_hosp>
		<pnf>1</pnf>
		<tarif>1809.36</tarif>
		<tarif_1>0.00</tarif_1>
		<tarif_3>0.00</tarif_3>
		<tarif_6>0.00</tarif_6>
		<d_from>2022-01-01</d_from>
		<d_to>2022-12-31</d_to>
		<dop_pr>0</dop_pr>
		<vid_fin>1</vid_fin>
	</smptar>
	<smptar>
		<id_r_smpta>218</id_r_smpta>
		<code_hosp>037</code_hosp>
		<pnf>1</pnf>
		<tarif>1815.81</tarif>
		<tarif_1>0.00</tarif_1>
		<tarif_3>0.00</tarif_3>
		<tarif_6>0.00</tarif_6>
		<d_from>2022-01-01</d_from>
		<d_to>2022-12-31</d_to>
		<dop_pr>0</dop_pr>
		<vid_fin>1</vid_fin>
	</smptar>
	<smptar>
		<id_r_smpta>219</id_r_smpta>
		<code_hosp>038</code_hosp>
		<pnf>1</pnf>
		<tarif>1578.63</tarif>
		<tarif_1>0.00</tarif_1>
		<tarif_3>0.00</tarif_3>
		<tarif_6>0.00</tarif_6>
		<d_from>2022-01-01</d_from>
		<d_to>2022-12-31</d_to>
		<dop_pr>0</dop_pr>
		<vid_fin>1</vid_fin>
	</smptar>
	<smptar>
		<id_r_smpta>220</id_r_smpta>
		<code_hosp>419</code_hosp>
		<pnf>0</pnf>
		<tarif>6217.11</tarif>
		<tarif_1>0.00</tarif_1>
		<tarif_3>0.00</tarif_3>
		<tarif_6>0.00</tarif_6>
		<d_from>2022-01-01</d_from>
		<d_to>2022-12-31</d_to>
		<dop_pr>0</dop_pr>
		<vid_fin>1</vid_fin>
	</smptar>
	<smptar>
		<id_r_smpta>221</id_r_smpta>
		<code_hosp>037</code_hosp>
		<pnf>0</pnf>
		<tarif>6217.11</tarif>
		<tarif_1>0.00</tarif_1>
		<tarif_3>0.00</tarif_3>
		<tarif_6>0.00</tarif_6>
		<d_from>2022-01-01</d_from>
		<d_to>2022-12-31</d_to>
		<dop_pr>0</dop_pr>
		<vid_fin>1</vid_fin>
	</smptar>
	<smptar>
		<id_r_smpta>222</id_r_smpta>
		<code_hosp>038</code_hosp>
		<pnf>0</pnf>
		<tarif>6214.36</tarif>
		<tarif_1>0.00</tarif_1>
		<tarif_3>0.00</tarif_3>
		<tarif_6>0.00</tarif_6>
		<d_from>2022-01-01</d_from>
		<d_to>2022-12-31</d_to>
		<dop_pr>0</dop_pr>
		<vid_fin>1</vid_fin>
	</smptar>
	<smptar>
		<id_r_smpta>223</id_r_smpta>
		<code_hosp>419</code_hosp>
		<pnf>0</pnf>
		<tarif>73717.11</tarif>
		<tarif_1>0.00</tarif_1>
		<tarif_3>0.00</tarif_3>
		<tarif_6>0.00</tarif_6>
		<d_from>2022-01-01</d_from>
		<d_to>2022-12-31</d_to>
		<dop_pr>1</dop_pr>
		<vid_fin>1</vid_fin>
	</smptar>
	<smptar>
		<id_r_smpta>224</id_r_smpta>
		<code_hosp>037</code_hosp>
		<pnf>0</pnf>
		<tarif>73717.11</tarif>
		<tarif_1>0.00</tarif_1>
		<tarif_3>0.00</tarif_3>
		<tarif_6>0.00</tarif_6>
		<d_from>2022-01-01</d_from>
		<d_to>2022-12-31</d_to>
		<dop_pr>1</dop_pr>
		<vid_fin>1</vid_fin>
	</smptar>
	<smptar>
		<id_r_smpta>225</id_r_smpta>
		<code_hosp>038</code_hosp>
		<pnf>0</pnf>
		<tarif>73714.36</tarif>
		<tarif_1>0.00</tarif_1>
		<tarif_3>0.00</tarif_3>
		<tarif_6>0.00</tarif_6>
		<d_from>2022-01-01</d_from>
		<d_to>2022-12-31</d_to>
		<dop_pr>1</dop_pr>
		<vid_fin>1</vid_fin>
	</smptar>
	<smptar>
		<id_r_smpta>226</id_r_smpta>
		<code_hosp>419</code_hosp>
		<pnf>1</pnf>
		<tarif>1809.36</tarif>
		<tarif_1>0.00</tarif_1>
		<tarif_3>0.00</tarif_3>
		<tarif_6>0.00</tarif_6>
		<d_from>2023-01-01</d_from>
		<d_to>2023-09-30</d_to>
		<dop_pr>0</dop_pr>
		<vid_fin>1</vid_fin>
	</smptar>
	<smptar>
		<id_r_smpta>227</id_r_smpta>
		<code_hosp>037</code_hosp>
		<pnf>1</pnf>
		<tarif>1815.81</tarif>
		<tarif_1>0.00</tarif_1>
		<tarif_3>0.00</tarif_3>
		<tarif_6>0.00</tarif_6>
		<d_from>2023-01-01</d_from>
		<d_to>2023-09-30</d_to>
		<dop_pr>0</dop_pr>
		<vid_fin>1</vid_fin>
	</smptar>
	<smptar>
		<id_r_smpta>228</id_r_smpta>
		<code_hosp>038</code_hosp>
		<pnf>1</pnf>
		<tarif>1578.63</tarif>
		<tarif_1>0.00</tarif_1>
		<tarif_3>0.00</tarif_3>
		<tarif_6>0.00</tarif_6>
		<d_from>2023-01-01</d_from>
		<d_to>2023-09-30</d_to>
		<dop_pr>0</dop_pr>
		<vid_fin>1</vid_fin>
	</smptar>
	<smptar>
		<id_r_smpta>229</id_r_smpta>
		<code_hosp>419</code_hosp>
		<pnf>0</pnf>
		<tarif>6217.11</tarif>
		<tarif_1>0.00</tarif_1>
		<tarif_3>0.00</tarif_3>
		<tarif_6>0.00</tarif_6>
		<d_from>2023-01-01</d_from>
		<d_to>2023-12-31</d_to>
		<dop_pr>0</dop_pr>
		<vid_fin>1</vid_fin>
	</smptar>
	<smptar>
		<id_r_smpta>230</id_r_smpta>
		<code_hosp>037</code_hosp>
		<pnf>0</pnf>
		<tarif>6217.11</tarif>
		<tarif_1>0.00</tarif_1>
		<tarif_3>0.00</tarif_3>
		<tarif_6>0.00</tarif_6>
		<d_from>2023-01-01</d_from>
		<d_to>2023-12-31</d_to>
		<dop_pr>0</dop_pr>
		<vid_fin>1</vid_fin>
	</smptar>
	<smptar>
		<id_r_smpta>231</id_r_smpta>
		<code_hosp>038</code_hosp>
		<pnf>0</pnf>
		<tarif>6214.36</tarif>
		<tarif_1>0.00</tarif_1>
		<tarif_3>0.00</tarif_3>
		<tarif_6>0.00</tarif_6>
		<d_from>2023-01-01</d_from>
		<d_to>2023-12-31</d_to>
		<dop_pr>0</dop_pr>
		<vid_fin>1</vid_fin>
	</smptar>
	<smptar>
		<id_r_smpta>232</id_r_smpta>
		<code_hosp>419</code_hosp>
		<pnf>0</pnf>
		<tarif>73717.11</tarif>
		<tarif_1>0.00</tarif_1>
		<tarif_3>0.00</tarif_3>
		<tarif_6>0.00</tarif_6>
		<d_from>2023-01-01</d_from>
		<d_to>2023-12-31</d_to>
		<dop_pr>1</dop_pr>
		<vid_fin>1</vid_fin>
	</smptar>
	<smptar>
		<id_r_smpta>233</id_r_smpta>
		<code_hosp>037</code_hosp>
		<pnf>0</pnf>
		<tarif>73717.11</tarif>
		<tarif_1>0.00</tarif_1>
		<tarif_3>0.00</tarif_3>
		<tarif_6>0.00</tarif_6>
		<d_from>2023-01-01</d_from>
		<d_to>2023-12-31</d_to>
		<dop_pr>1</dop_pr>
		<vid_fin>1</vid_fin>
	</smptar>
	<smptar>
		<id_r_smpta>234</id_r_smpta>
		<code_hosp>038</code_hosp>
		<pnf>0</pnf>
		<tarif>73714.36</tarif>
		<tarif_1>0.00</tarif_1>
		<tarif_3>0.00</tarif_3>
		<tarif_6>0.00</tarif_6>
		<d_from>2023-01-01</d_from>
		<d_to>2023-12-31</d_to>
		<dop_pr>1</dop_pr>
		<vid_fin>1</vid_fin>
	</smptar>
	<smptar>
		<id_r_smpta>235</id_r_smpta>
		<code_hosp>419</code_hosp>
		<pnf>1</pnf>
		<tarif>1890.79</tarif>
		<tarif_1>0.00</tarif_1>
		<tarif_3>0.00</tarif_3>
		<tarif_6>0.00</tarif_6>
		<d_from>2023-10-01</d_from>
		<d_to>2023-10-31</d_to>
		<dop_pr>0</dop_pr>
		<vid_fin>1</vid_fin>
	</smptar>
	<smptar>
		<id_r_smpta>236</id_r_smpta>
		<code_hosp>037</code_hosp>
		<pnf>1</pnf>
		<tarif>1897.52</tarif>
		<tarif_1>0.00</tarif_1>
		<tarif_3>0.00</tarif_3>
		<tarif_6>0.00</tarif_6>
		<d_from>2023-10-01</d_from>
		<d_to>2023-12-31</d_to>
		<dop_pr>0</dop_pr>
		<vid_fin>1</vid_fin>
	</smptar>
	<smptar>
		<id_r_smpta>237</id_r_smpta>
		<code_hosp>038</code_hosp>
		<pnf>1</pnf>
		<tarif>1649.67</tarif>
		<tarif_1>0.00</tarif_1>
		<tarif_3>0.00</tarif_3>
		<tarif_6>0.00</tarif_6>
		<d_from>2023-10-01</d_from>
		<d_to>2023-10-31</d_to>
		<dop_pr>0</dop_pr>
		<vid_fin>1</vid_fin>
	</smptar>
</VFPData>
