<?xml version = "1.0" encoding="Windows-1251" standalone="yes"?>
<VFPData>
	<xsd:schema id="VFPData" xmlns:xsd="http://www.w3.org/2001/XMLSchema" xmlns:msdata="urn:schemas-microsoft-com:xml-msdata">
		<xsd:element name="VFPData" msdata:IsDataSet="true">
			<xsd:complexType>
				<xsd:choice maxOccurs="unbounded">
					<xsd:element name="v033" minOccurs="0" maxOccurs="unbounded">
						<xsd:complexType>
							<xsd:sequence>
								<xsd:element name="schedruggr">
									<xsd:simpleType>
										<xsd:restriction base="xsd:string">
											<xsd:maxLength value="10"/>
										</xsd:restriction>
									</xsd:simpleType>
								</xsd:element>
								<xsd:element name="drugcode">
									<xsd:simpleType>
										<xsd:restriction base="xsd:string">
											<xsd:maxLength value="10"/>
										</xsd:restriction>
									</xsd:simpleType>
								</xsd:element>
								<xsd:element name="datebeg" type="xsd:date"/>
								<xsd:element name="dateend" type="xsd:date"/>
							</xsd:sequence>
						</xsd:complexType>
					</xsd:element>
				</xsd:choice>
				<xsd:anyAttribute namespace="http://www.w3.org/XML/1998/namespace" processContents="lax"/>
			</xsd:complexType>
		</xsd:element>
	</xsd:schema>
	<v033>
		<schedruggr>1-1-1</schedruggr>
		<drugcode>002983</drugcode>
		<datebeg>2022-01-01</datebeg>
		<dateend>9999-12-31</dateend>
	</v033>
	<v033>
		<schedruggr>1-1-1</schedruggr>
		<drugcode>002945</drugcode>
		<datebeg>2022-01-01</datebeg>
		<dateend>9999-12-31</dateend>
	</v033>
	<v033>
		<schedruggr>1-1-1</schedruggr>
		<drugcode>002848</drugcode>
		<datebeg>2022-01-01</datebeg>
		<dateend>9999-12-31</dateend>
	</v033>
	<v033>
		<schedruggr>1-1-1</schedruggr>
		<drugcode>003000</drugcode>
		<datebeg>2022-01-01</datebeg>
		<dateend>9999-12-31</dateend>
	</v033>
	<v033>
		<schedruggr>1-1-1</schedruggr>
		<drugcode>001004</drugcode>
		<datebeg>2022-01-01</datebeg>
		<dateend>9999-12-31</dateend>
	</v033>
	<v033>
		<schedruggr>1-1-1</schedruggr>
		<drugcode>003001</drugcode>
		<datebeg>2022-03-01</datebeg>
		<dateend>9999-12-31</dateend>
	</v033>
	<v033>
		<schedruggr>1-1-2</schedruggr>
		<drugcode>002504</drugcode>
		<datebeg>2022-01-01</datebeg>
		<dateend>9999-12-31</dateend>
	</v033>
	<v033>
		<schedruggr>1-1-2</schedruggr>
		<drugcode>002109</drugcode>
		<datebeg>2022-01-01</datebeg>
		<dateend>9999-12-31</dateend>
	</v033>
	<v033>
		<schedruggr>1-1-2</schedruggr>
		<drugcode>002640</drugcode>
		<datebeg>2022-01-01</datebeg>
		<dateend>9999-12-31</dateend>
	</v033>
	<v033>
		<schedruggr>1-1-2</schedruggr>
		<drugcode>002877</drugcode>
		<datebeg>2022-01-01</datebeg>
		<dateend>9999-12-31</dateend>
	</v033>
	<v033>
		<schedruggr>1-1-2</schedruggr>
		<drugcode>002920</drugcode>
		<datebeg>2022-01-01</datebeg>
		<dateend>9999-12-31</dateend>
	</v033>
	<v033>
		<schedruggr>1-1-3</schedruggr>
		<drugcode/>
		<datebeg>2022-01-01</datebeg>
		<dateend>9999-12-31</dateend>
	</v033>
	<v033>
		<schedruggr>1-1-3</schedruggr>
		<drugcode>000215</drugcode>
		<datebeg>2022-03-01</datebeg>
		<dateend>9999-12-31</dateend>
	</v033>
	<v033>
		<schedruggr>1-1-3</schedruggr>
		<drugcode>000319</drugcode>
		<datebeg>2022-03-01</datebeg>
		<dateend>9999-12-31</dateend>
	</v033>
	<v033>
		<schedruggr>1-1-3</schedruggr>
		<drugcode>000699</drugcode>
		<datebeg>2022-03-01</datebeg>
		<dateend>9999-12-31</dateend>
	</v033>
	<v033>
		<schedruggr>1-1-3</schedruggr>
		<drugcode>000707</drugcode>
		<datebeg>2022-03-01</datebeg>
		<dateend>9999-12-31</dateend>
	</v033>
	<v033>
		<schedruggr>1-1-3</schedruggr>
		<drugcode>001493</drugcode>
		<datebeg>2022-03-01</datebeg>
		<dateend>9999-12-31</dateend>
	</v033>
	<v033>
		<schedruggr>1-1-3</schedruggr>
		<drugcode>001686</drugcode>
		<datebeg>2022-03-01</datebeg>
		<dateend>9999-12-31</dateend>
	</v033>
	<v033>
		<schedruggr>1-1-3</schedruggr>
		<drugcode>001882</drugcode>
		<datebeg>2022-03-01</datebeg>
		<dateend>9999-12-31</dateend>
	</v033>
	<v033>
		<schedruggr>1-1-3</schedruggr>
		<drugcode>002243</drugcode>
		<datebeg>2022-03-01</datebeg>
		<dateend>9999-12-31</dateend>
	</v033>
	<v033>
		<schedruggr>1-1-3</schedruggr>
		<drugcode>002406</drugcode>
		<datebeg>2022-03-01</datebeg>
		<dateend>9999-12-31</dateend>
	</v033>
	<v033>
		<schedruggr>1-1-3</schedruggr>
		<drugcode>003003</drugcode>
		<datebeg>2022-03-01</datebeg>
		<dateend>9999-12-31</dateend>
	</v033>
	<v033>
		<schedruggr>1-1-6</schedruggr>
		<drugcode>001663</drugcode>
		<datebeg>2022-01-01</datebeg>
		<dateend>9999-12-31</dateend>
	</v033>
	<v033>
		<schedruggr>1-2-1</schedruggr>
		<drugcode>001004</drugcode>
		<datebeg>2022-01-01</datebeg>
		<dateend>9999-12-31</dateend>
	</v033>
	<v033>
		<schedruggr>1-2-1</schedruggr>
		<drugcode>002166</drugcode>
		<datebeg>2022-01-01</datebeg>
		<dateend>9999-12-31</dateend>
	</v033>
	<v033>
		<schedruggr>1-2-1</schedruggr>
		<drugcode>003001</drugcode>
		<datebeg>2022-03-01</datebeg>
		<dateend>9999-12-31</dateend>
	</v033>
	<v033>
		<schedruggr>1-2-3</schedruggr>
		<drugcode/>
		<datebeg>2022-03-01</datebeg>
		<dateend>9999-12-31</dateend>
	</v033>
	<v033>
		<schedruggr>1-2-6</schedruggr>
		<drugcode>001663</drugcode>
		<datebeg>2022-03-01</datebeg>
		<dateend>9999-12-31</dateend>
	</v033>
	<v033>
		<schedruggr>1-3-1</schedruggr>
		<drugcode>001004</drugcode>
		<datebeg>2022-01-01</datebeg>
		<dateend>9999-12-31</dateend>
	</v033>
	<v033>
		<schedruggr>1-3-1</schedruggr>
		<drugcode>002983</drugcode>
		<datebeg>2022-01-01</datebeg>
		<dateend>9999-12-31</dateend>
	</v033>
	<v033>
		<schedruggr>1-3-1</schedruggr>
		<drugcode>002166</drugcode>
		<datebeg>2022-03-01</datebeg>
		<dateend>9999-12-31</dateend>
	</v033>
	<v033>
		<schedruggr>1-3-3</schedruggr>
		<drugcode/>
		<datebeg>2022-03-01</datebeg>
		<dateend>9999-12-31</dateend>
	</v033>
	<v033>
		<schedruggr>1-3-4</schedruggr>
		<drugcode>000431</drugcode>
		<datebeg>2022-01-01</datebeg>
		<dateend>9999-12-31</dateend>
	</v033>
	<v033>
		<schedruggr>1-3-6</schedruggr>
		<drugcode>001663</drugcode>
		<datebeg>2022-03-01</datebeg>
		<dateend>9999-12-31</dateend>
	</v033>
	<v033>
		<schedruggr>1-4-1</schedruggr>
		<drugcode>001004</drugcode>
		<datebeg>2022-01-01</datebeg>
		<dateend>9999-12-31</dateend>
	</v033>
	<v033>
		<schedruggr>1-4-1</schedruggr>
		<drugcode>002166</drugcode>
		<datebeg>2022-01-01</datebeg>
		<dateend>9999-12-31</dateend>
	</v033>
	<v033>
		<schedruggr>1-4-1</schedruggr>
		<drugcode>002983</drugcode>
		<datebeg>2022-03-01</datebeg>
		<dateend>9999-12-31</dateend>
	</v033>
	<v033>
		<schedruggr>1-4-3</schedruggr>
		<drugcode/>
		<datebeg>2022-03-01</datebeg>
		<dateend>9999-12-31</dateend>
	</v033>
	<v033>
		<schedruggr>1-4-4</schedruggr>
		<drugcode>000431</drugcode>
		<datebeg>2022-03-01</datebeg>
		<dateend>9999-12-31</dateend>
	</v033>
	<v033>
		<schedruggr>1-4-6</schedruggr>
		<drugcode>001663</drugcode>
		<datebeg>2022-01-01</datebeg>
		<dateend>9999-12-31</dateend>
	</v033>
	<v033>
		<schedruggr>1-5-1</schedruggr>
		<drugcode>001004</drugcode>
		<datebeg>2022-03-01</datebeg>
		<dateend>9999-12-31</dateend>
	</v033>
	<v033>
		<schedruggr>1-5-1</schedruggr>
		<drugcode>003001</drugcode>
		<datebeg>2022-03-01</datebeg>
		<dateend>9999-12-31</dateend>
	</v033>
	<v033>
		<schedruggr>1-5-3</schedruggr>
		<drugcode/>
		<datebeg>2022-03-01</datebeg>
		<dateend>9999-12-31</dateend>
	</v033>
	<v033>
		<schedruggr>1-5-4</schedruggr>
		<drugcode>000431</drugcode>
		<datebeg>2022-03-01</datebeg>
		<dateend>9999-12-31</dateend>
	</v033>
	<v033>
		<schedruggr>1-5-6</schedruggr>
		<drugcode>001663</drugcode>
		<datebeg>2022-03-01</datebeg>
		<dateend>9999-12-31</dateend>
	</v033>
	<v033>
		<schedruggr>1-6-1</schedruggr>
		<drugcode>001004</drugcode>
		<datebeg>2022-03-01</datebeg>
		<dateend>9999-12-31</dateend>
	</v033>
	<v033>
		<schedruggr>1-6-1</schedruggr>
		<drugcode>002166</drugcode>
		<datebeg>2022-03-01</datebeg>
		<dateend>9999-12-31</dateend>
	</v033>
	<v033>
		<schedruggr>1-6-3</schedruggr>
		<drugcode/>
		<datebeg>2022-03-01</datebeg>
		<dateend>9999-12-31</dateend>
	</v033>
	<v033>
		<schedruggr>1-6-4</schedruggr>
		<drugcode>000431</drugcode>
		<datebeg>2022-03-01</datebeg>
		<dateend>9999-12-31</dateend>
	</v033>
	<v033>
		<schedruggr>1-6-6</schedruggr>
		<drugcode>001663</drugcode>
		<datebeg>2022-03-01</datebeg>
		<dateend>9999-12-31</dateend>
	</v033>
	<v033>
		<schedruggr>2-1-1</schedruggr>
		<drugcode>002983</drugcode>
		<datebeg>2022-01-01</datebeg>
		<dateend>9999-12-31</dateend>
	</v033>
	<v033>
		<schedruggr>2-1-1</schedruggr>
		<drugcode>002945</drugcode>
		<datebeg>2022-01-01</datebeg>
		<dateend>9999-12-31</dateend>
	</v033>
	<v033>
		<schedruggr>2-1-1</schedruggr>
		<drugcode>002848</drugcode>
		<datebeg>2022-01-01</datebeg>
		<dateend>9999-12-31</dateend>
	</v033>
	<v033>
		<schedruggr>2-1-1</schedruggr>
		<drugcode>003000</drugcode>
		<datebeg>2022-01-01</datebeg>
		<dateend>9999-12-31</dateend>
	</v033>
	<v033>
		<schedruggr>2-1-1</schedruggr>
		<drugcode>001004</drugcode>
		<datebeg>2022-01-01</datebeg>
		<dateend>9999-12-31</dateend>
	</v033>
	<v033>
		<schedruggr>2-1-1</schedruggr>
		<drugcode>003001</drugcode>
		<datebeg>2022-03-01</datebeg>
		<dateend>9999-12-31</dateend>
	</v033>
	<v033>
		<schedruggr>2-1-2</schedruggr>
		<drugcode>002877</drugcode>
		<datebeg>2022-01-01</datebeg>
		<dateend>9999-12-31</dateend>
	</v033>
	<v033>
		<schedruggr>2-1-2</schedruggr>
		<drugcode>002920</drugcode>
		<datebeg>2022-01-01</datebeg>
		<dateend>9999-12-31</dateend>
	</v033>
	<v033>
		<schedruggr>2-1-2</schedruggr>
		<drugcode>002111</drugcode>
		<datebeg>2022-01-01</datebeg>
		<dateend>9999-12-31</dateend>
	</v033>
	<v033>
		<schedruggr>2-1-2</schedruggr>
		<drugcode>002672</drugcode>
		<datebeg>2022-01-01</datebeg>
		<dateend>9999-12-31</dateend>
	</v033>
	<v033>
		<schedruggr>2-1-2</schedruggr>
		<drugcode>002745</drugcode>
		<datebeg>2022-01-01</datebeg>
		<dateend>9999-12-31</dateend>
	</v033>
	<v033>
		<schedruggr>2-1-2</schedruggr>
		<drugcode>002109</drugcode>
		<datebeg>2022-03-01</datebeg>
		<dateend>9999-12-31</dateend>
	</v033>
	<v033>
		<schedruggr>2-1-2</schedruggr>
		<drugcode>002504</drugcode>
		<datebeg>2022-03-01</datebeg>
		<dateend>9999-12-31</dateend>
	</v033>
	<v033>
		<schedruggr>2-1-3</schedruggr>
		<drugcode/>
		<datebeg>2022-01-01</datebeg>
		<dateend>9999-12-31</dateend>
	</v033>
	<v033>
		<schedruggr>2-1-3</schedruggr>
		<drugcode>000215</drugcode>
		<datebeg>2022-01-01</datebeg>
		<dateend>9999-12-31</dateend>
	</v033>
	<v033>
		<schedruggr>2-1-3</schedruggr>
		<drugcode>000699</drugcode>
		<datebeg>2022-01-01</datebeg>
		<dateend>9999-12-31</dateend>
	</v033>
	<v033>
		<schedruggr>2-1-3</schedruggr>
		<drugcode>001882</drugcode>
		<datebeg>2022-01-01</datebeg>
		<dateend>9999-12-31</dateend>
	</v033>
	<v033>
		<schedruggr>2-1-3</schedruggr>
		<drugcode>000319</drugcode>
		<datebeg>2022-03-01</datebeg>
		<dateend>9999-12-31</dateend>
	</v033>
	<v033>
		<schedruggr>2-1-3</schedruggr>
		<drugcode>000707</drugcode>
		<datebeg>2022-03-01</datebeg>
		<dateend>9999-12-31</dateend>
	</v033>
	<v033>
		<schedruggr>2-1-3</schedruggr>
		<drugcode>001493</drugcode>
		<datebeg>2022-03-01</datebeg>
		<dateend>9999-12-31</dateend>
	</v033>
	<v033>
		<schedruggr>2-1-3</schedruggr>
		<drugcode>001686</drugcode>
		<datebeg>2022-03-01</datebeg>
		<dateend>9999-12-31</dateend>
	</v033>
	<v033>
		<schedruggr>2-1-3</schedruggr>
		<drugcode>002243</drugcode>
		<datebeg>2022-03-01</datebeg>
		<dateend>9999-12-31</dateend>
	</v033>
	<v033>
		<schedruggr>2-1-3</schedruggr>
		<drugcode>002406</drugcode>
		<datebeg>2022-03-01</datebeg>
		<dateend>9999-12-31</dateend>
	</v033>
	<v033>
		<schedruggr>2-1-3</schedruggr>
		<drugcode>003003</drugcode>
		<datebeg>2022-03-01</datebeg>
		<dateend>9999-12-31</dateend>
	</v033>
	<v033>
		<schedruggr>2-1-4</schedruggr>
		<drugcode/>
		<datebeg>2022-01-01</datebeg>
		<dateend>9999-12-31</dateend>
	</v033>
	<v033>
		<schedruggr>2-1-4</schedruggr>
		<drugcode>000736</drugcode>
		<datebeg>2022-03-01</datebeg>
		<dateend>9999-12-31</dateend>
	</v033>
	<v033>
		<schedruggr>2-1-4</schedruggr>
		<drugcode>001410</drugcode>
		<datebeg>2022-03-01</datebeg>
		<dateend>9999-12-31</dateend>
	</v033>
	<v033>
		<schedruggr>2-1-4</schedruggr>
		<drugcode>000431</drugcode>
		<datebeg>2022-03-01</datebeg>
		<dateend>9999-12-31</dateend>
	</v033>
	<v033>
		<schedruggr>2-1-6</schedruggr>
		<drugcode>001663</drugcode>
		<datebeg>2022-03-01</datebeg>
		<dateend>9999-12-31</dateend>
	</v033>
	<v033>
		<schedruggr>2-2-1</schedruggr>
		<drugcode>002983</drugcode>
		<datebeg>2022-01-01</datebeg>
		<dateend>9999-12-31</dateend>
	</v033>
	<v033>
		<schedruggr>2-2-1</schedruggr>
		<drugcode>002945</drugcode>
		<datebeg>2022-01-01</datebeg>
		<dateend>9999-12-31</dateend>
	</v033>
	<v033>
		<schedruggr>2-2-1</schedruggr>
		<drugcode>002848</drugcode>
		<datebeg>2022-01-01</datebeg>
		<dateend>9999-12-31</dateend>
	</v033>
	<v033>
		<schedruggr>2-2-1</schedruggr>
		<drugcode>003000</drugcode>
		<datebeg>2022-01-01</datebeg>
		<dateend>9999-12-31</dateend>
	</v033>
	<v033>
		<schedruggr>2-2-1</schedruggr>
		<drugcode>001004</drugcode>
		<datebeg>2022-03-01</datebeg>
		<dateend>9999-12-31</dateend>
	</v033>
	<v033>
		<schedruggr>2-2-1</schedruggr>
		<drugcode>003001</drugcode>
		<datebeg>2022-03-01</datebeg>
		<dateend>9999-12-31</dateend>
	</v033>
	<v033>
		<schedruggr>2-2-3</schedruggr>
		<drugcode/>
		<datebeg>2022-01-01</datebeg>
		<dateend>9999-12-31</dateend>
	</v033>
	<v033>
		<schedruggr>2-2-3</schedruggr>
		<drugcode>000215</drugcode>
		<datebeg>2022-03-01</datebeg>
		<dateend>9999-12-31</dateend>
	</v033>
	<v033>
		<schedruggr>2-2-3</schedruggr>
		<drugcode>000319</drugcode>
		<datebeg>2022-03-01</datebeg>
		<dateend>9999-12-31</dateend>
	</v033>
	<v033>
		<schedruggr>2-2-3</schedruggr>
		<drugcode>000699</drugcode>
		<datebeg>2022-03-01</datebeg>
		<dateend>9999-12-31</dateend>
	</v033>
	<v033>
		<schedruggr>2-2-3</schedruggr>
		<drugcode>000707</drugcode>
		<datebeg>2022-03-01</datebeg>
		<dateend>9999-12-31</dateend>
	</v033>
	<v033>
		<schedruggr>2-2-3</schedruggr>
		<drugcode>001493</drugcode>
		<datebeg>2022-03-01</datebeg>
		<dateend>9999-12-31</dateend>
	</v033>
	<v033>
		<schedruggr>2-2-3</schedruggr>
		<drugcode>001686</drugcode>
		<datebeg>2022-03-01</datebeg>
		<dateend>9999-12-31</dateend>
	</v033>
	<v033>
		<schedruggr>2-2-3</schedruggr>
		<drugcode>001882</drugcode>
		<datebeg>2022-03-01</datebeg>
		<dateend>9999-12-31</dateend>
	</v033>
	<v033>
		<schedruggr>2-2-3</schedruggr>
		<drugcode>002243</drugcode>
		<datebeg>2022-03-01</datebeg>
		<dateend>9999-12-31</dateend>
	</v033>
	<v033>
		<schedruggr>2-2-3</schedruggr>
		<drugcode>002406</drugcode>
		<datebeg>2022-03-01</datebeg>
		<dateend>9999-12-31</dateend>
	</v033>
	<v033>
		<schedruggr>2-2-3</schedruggr>
		<drugcode>003003</drugcode>
		<datebeg>2022-03-01</datebeg>
		<dateend>9999-12-31</dateend>
	</v033>
	<v033>
		<schedruggr>2-2-4</schedruggr>
		<drugcode/>
		<datebeg>2022-01-01</datebeg>
		<dateend>9999-12-31</dateend>
	</v033>
	<v033>
		<schedruggr>2-2-4</schedruggr>
		<drugcode>000736</drugcode>
		<datebeg>2022-03-01</datebeg>
		<dateend>9999-12-31</dateend>
	</v033>
	<v033>
		<schedruggr>2-2-4</schedruggr>
		<drugcode>001410</drugcode>
		<datebeg>2022-03-01</datebeg>
		<dateend>9999-12-31</dateend>
	</v033>
	<v033>
		<schedruggr>2-2-4</schedruggr>
		<drugcode>000431</drugcode>
		<datebeg>2022-03-01</datebeg>
		<dateend>9999-12-31</dateend>
	</v033>
	<v033>
		<schedruggr>2-2-5</schedruggr>
		<drugcode/>
		<datebeg>2022-01-01</datebeg>
		<dateend>9999-12-31</dateend>
	</v033>
	<v033>
		<schedruggr>2-2-5</schedruggr>
		<drugcode>000180</drugcode>
		<datebeg>2022-03-01</datebeg>
		<dateend>9999-12-31</dateend>
	</v033>
	<v033>
		<schedruggr>2-2-5</schedruggr>
		<drugcode>000182</drugcode>
		<datebeg>2022-03-01</datebeg>
		<dateend>9999-12-31</dateend>
	</v033>
	<v033>
		<schedruggr>2-2-5</schedruggr>
		<drugcode>000186</drugcode>
		<datebeg>2022-03-01</datebeg>
		<dateend>9999-12-31</dateend>
	</v033>
	<v033>
		<schedruggr>2-2-5</schedruggr>
		<drugcode>001271</drugcode>
		<datebeg>2022-03-01</datebeg>
		<dateend>9999-12-31</dateend>
	</v033>
	<v033>
		<schedruggr>2-2-5</schedruggr>
		<drugcode>001462</drugcode>
		<datebeg>2022-03-01</datebeg>
		<dateend>9999-12-31</dateend>
	</v033>
	<v033>
		<schedruggr>2-2-5</schedruggr>
		<drugcode>002313</drugcode>
		<datebeg>2022-03-01</datebeg>
		<dateend>9999-12-31</dateend>
	</v033>
	<v033>
		<schedruggr>2-2-5</schedruggr>
		<drugcode>002314</drugcode>
		<datebeg>2022-03-01</datebeg>
		<dateend>9999-12-31</dateend>
	</v033>
	<v033>
		<schedruggr>2-2-5</schedruggr>
		<drugcode>002319</drugcode>
		<datebeg>2022-03-01</datebeg>
		<dateend>9999-12-31</dateend>
	</v033>
	<v033>
		<schedruggr>2-2-5</schedruggr>
		<drugcode>002321</drugcode>
		<datebeg>2022-03-01</datebeg>
		<dateend>9999-12-31</dateend>
	</v033>
	<v033>
		<schedruggr>2-2-5</schedruggr>
		<drugcode>002322</drugcode>
		<datebeg>2022-03-01</datebeg>
		<dateend>9999-12-31</dateend>
	</v033>
	<v033>
		<schedruggr>2-2-5</schedruggr>
		<drugcode>002423</drugcode>
		<datebeg>2022-03-01</datebeg>
		<dateend>9999-12-31</dateend>
	</v033>
	<v033>
		<schedruggr>2-2-6</schedruggr>
		<drugcode>001663</drugcode>
		<datebeg>2022-03-01</datebeg>
		<dateend>9999-12-31</dateend>
	</v033>
	<v033>
		<schedruggr>3-1-1</schedruggr>
		<drugcode>002945</drugcode>
		<datebeg>2022-01-01</datebeg>
		<dateend>9999-12-31</dateend>
	</v033>
	<v033>
		<schedruggr>3-1-1</schedruggr>
		<drugcode>002848</drugcode>
		<datebeg>2022-01-01</datebeg>
		<dateend>9999-12-31</dateend>
	</v033>
	<v033>
		<schedruggr>3-1-2</schedruggr>
		<drugcode>002111</drugcode>
		<datebeg>2022-01-01</datebeg>
		<dateend>9999-12-31</dateend>
	</v033>
	<v033>
		<schedruggr>3-1-2</schedruggr>
		<drugcode>002672</drugcode>
		<datebeg>2022-01-01</datebeg>
		<dateend>9999-12-31</dateend>
	</v033>
	<v033>
		<schedruggr>3-1-3</schedruggr>
		<drugcode/>
		<datebeg>2022-01-01</datebeg>
		<dateend>9999-12-31</dateend>
	</v033>
	<v033>
		<schedruggr>3-1-3</schedruggr>
		<drugcode>000215</drugcode>
		<datebeg>2022-03-01</datebeg>
		<dateend>9999-12-31</dateend>
	</v033>
	<v033>
		<schedruggr>3-1-3</schedruggr>
		<drugcode>000319</drugcode>
		<datebeg>2022-03-01</datebeg>
		<dateend>9999-12-31</dateend>
	</v033>
	<v033>
		<schedruggr>3-1-3</schedruggr>
		<drugcode>000699</drugcode>
		<datebeg>2022-03-01</datebeg>
		<dateend>9999-12-31</dateend>
	</v033>
	<v033>
		<schedruggr>3-1-3</schedruggr>
		<drugcode>000707</drugcode>
		<datebeg>2022-03-01</datebeg>
		<dateend>9999-12-31</dateend>
	</v033>
	<v033>
		<schedruggr>3-1-3</schedruggr>
		<drugcode>001493</drugcode>
		<datebeg>2022-03-01</datebeg>
		<dateend>9999-12-31</dateend>
	</v033>
	<v033>
		<schedruggr>3-1-3</schedruggr>
		<drugcode>001686</drugcode>
		<datebeg>2022-03-01</datebeg>
		<dateend>9999-12-31</dateend>
	</v033>
	<v033>
		<schedruggr>3-1-3</schedruggr>
		<drugcode>001882</drugcode>
		<datebeg>2022-03-01</datebeg>
		<dateend>9999-12-31</dateend>
	</v033>
	<v033>
		<schedruggr>3-1-3</schedruggr>
		<drugcode>002243</drugcode>
		<datebeg>2022-03-01</datebeg>
		<dateend>9999-12-31</dateend>
	</v033>
	<v033>
		<schedruggr>3-1-3</schedruggr>
		<drugcode>002406</drugcode>
		<datebeg>2022-03-01</datebeg>
		<dateend>9999-12-31</dateend>
	</v033>
	<v033>
		<schedruggr>3-1-3</schedruggr>
		<drugcode>003003</drugcode>
		<datebeg>2022-03-01</datebeg>
		<dateend>9999-12-31</dateend>
	</v033>
	<v033>
		<schedruggr>3-1-4</schedruggr>
		<drugcode/>
		<datebeg>2022-01-01</datebeg>
		<dateend>9999-12-31</dateend>
	</v033>
	<v033>
		<schedruggr>3-1-4</schedruggr>
		<drugcode>000736</drugcode>
		<datebeg>2022-03-01</datebeg>
		<dateend>9999-12-31</dateend>
	</v033>
	<v033>
		<schedruggr>3-1-4</schedruggr>
		<drugcode>001410</drugcode>
		<datebeg>2022-03-01</datebeg>
		<dateend>9999-12-31</dateend>
	</v033>
	<v033>
		<schedruggr>3-1-5</schedruggr>
		<drugcode/>
		<datebeg>2022-01-01</datebeg>
		<dateend>9999-12-31</dateend>
	</v033>
	<v033>
		<schedruggr>3-1-5</schedruggr>
		<drugcode>000182</drugcode>
		<datebeg>2022-03-01</datebeg>
		<dateend>9999-12-31</dateend>
	</v033>
	<v033>
		<schedruggr>3-1-5</schedruggr>
		<drugcode>000186</drugcode>
		<datebeg>2022-03-01</datebeg>
		<dateend>9999-12-31</dateend>
	</v033>
	<v033>
		<schedruggr>3-1-5</schedruggr>
		<drugcode>000521</drugcode>
		<datebeg>2022-03-01</datebeg>
		<dateend>9999-12-31</dateend>
	</v033>
	<v033>
		<schedruggr>3-1-5</schedruggr>
		<drugcode>001142</drugcode>
		<datebeg>2022-03-01</datebeg>
		<dateend>9999-12-31</dateend>
	</v033>
	<v033>
		<schedruggr>3-1-5</schedruggr>
		<drugcode>001271</drugcode>
		<datebeg>2022-03-01</datebeg>
		<dateend>9999-12-31</dateend>
	</v033>
	<v033>
		<schedruggr>3-1-5</schedruggr>
		<drugcode>001394</drugcode>
		<datebeg>2022-03-01</datebeg>
		<dateend>9999-12-31</dateend>
	</v033>
	<v033>
		<schedruggr>3-1-5</schedruggr>
		<drugcode>001733</drugcode>
		<datebeg>2022-03-01</datebeg>
		<dateend>9999-12-31</dateend>
	</v033>
	<v033>
		<schedruggr>3-1-5</schedruggr>
		<drugcode>002307</drugcode>
		<datebeg>2022-03-01</datebeg>
		<dateend>9999-12-31</dateend>
	</v033>
	<v033>
		<schedruggr>3-1-5</schedruggr>
		<drugcode>002312</drugcode>
		<datebeg>2022-03-01</datebeg>
		<dateend>9999-12-31</dateend>
	</v033>
	<v033>
		<schedruggr>3-1-5</schedruggr>
		<drugcode>002313</drugcode>
		<datebeg>2022-03-01</datebeg>
		<dateend>9999-12-31</dateend>
	</v033>
	<v033>
		<schedruggr>3-1-5</schedruggr>
		<drugcode>002319</drugcode>
		<datebeg>2022-03-01</datebeg>
		<dateend>9999-12-31</dateend>
	</v033>
	<v033>
		<schedruggr>3-1-5</schedruggr>
		<drugcode>002321</drugcode>
		<datebeg>2022-03-01</datebeg>
		<dateend>9999-12-31</dateend>
	</v033>
	<v033>
		<schedruggr>3-1-5</schedruggr>
		<drugcode>002322</drugcode>
		<datebeg>2022-03-01</datebeg>
		<dateend>9999-12-31</dateend>
	</v033>
	<v033>
		<schedruggr>3-1-5</schedruggr>
		<drugcode>002423</drugcode>
		<datebeg>2022-03-01</datebeg>
		<dateend>9999-12-31</dateend>
	</v033>
	<v033>
		<schedruggr>3-1-5</schedruggr>
		<drugcode>002707</drugcode>
		<datebeg>2022-03-01</datebeg>
		<dateend>9999-12-31</dateend>
	</v033>
	<v033>
		<schedruggr>3-1-5</schedruggr>
		<drugcode>003004</drugcode>
		<datebeg>2022-03-01</datebeg>
		<dateend>9999-12-31</dateend>
	</v033>
	<v033>
		<schedruggr>3-1-5</schedruggr>
		<drugcode>003005</drugcode>
		<datebeg>2022-03-01</datebeg>
		<dateend>9999-12-31</dateend>
	</v033>
	<v033>
		<schedruggr>3-1-5</schedruggr>
		<drugcode>003006</drugcode>
		<datebeg>2022-03-01</datebeg>
		<dateend>9999-12-31</dateend>
	</v033>
	<v033>
		<schedruggr>3-1-5</schedruggr>
		<drugcode>003007</drugcode>
		<datebeg>2022-03-01</datebeg>
		<dateend>9999-12-31</dateend>
	</v033>
	<v033>
		<schedruggr>3-1-5</schedruggr>
		<drugcode>003008</drugcode>
		<datebeg>2022-03-01</datebeg>
		<dateend>9999-12-31</dateend>
	</v033>
	<v033>
		<schedruggr>3-1-5</schedruggr>
		<drugcode>003009</drugcode>
		<datebeg>2022-03-01</datebeg>
		<dateend>9999-12-31</dateend>
	</v033>
	<v033>
		<schedruggr>3-1-5</schedruggr>
		<drugcode>003010</drugcode>
		<datebeg>2022-03-01</datebeg>
		<dateend>9999-12-31</dateend>
	</v033>
	<v033>
		<schedruggr>3-1-5</schedruggr>
		<drugcode>003011</drugcode>
		<datebeg>2022-03-01</datebeg>
		<dateend>9999-12-31</dateend>
	</v033>
	<v033>
		<schedruggr>3-1-5</schedruggr>
		<drugcode>003012</drugcode>
		<datebeg>2022-03-01</datebeg>
		<dateend>9999-12-31</dateend>
	</v033>
	<v033>
		<schedruggr>3-1-5</schedruggr>
		<drugcode>003013</drugcode>
		<datebeg>2022-03-01</datebeg>
		<dateend>9999-12-31</dateend>
	</v033>
	<v033>
		<schedruggr>3-1-5</schedruggr>
		<drugcode>003014</drugcode>
		<datebeg>2022-03-01</datebeg>
		<dateend>9999-12-31</dateend>
	</v033>
	<v033>
		<schedruggr>3-1-5</schedruggr>
		<drugcode>003015</drugcode>
		<datebeg>2022-03-01</datebeg>
		<dateend>9999-12-31</dateend>
	</v033>
	<v033>
		<schedruggr>3-1-5</schedruggr>
		<drugcode>003016</drugcode>
		<datebeg>2022-03-01</datebeg>
		<dateend>9999-12-31</dateend>
	</v033>
	<v033>
		<schedruggr>3-1-5</schedruggr>
		<drugcode>003017</drugcode>
		<datebeg>2022-03-01</datebeg>
		<dateend>9999-12-31</dateend>
	</v033>
	<v033>
		<schedruggr>3-1-5</schedruggr>
		<drugcode>003018</drugcode>
		<datebeg>2022-03-01</datebeg>
		<dateend>9999-12-31</dateend>
	</v033>
	<v033>
		<schedruggr>3-2-1</schedruggr>
		<drugcode>002945</drugcode>
		<datebeg>2022-01-01</datebeg>
		<dateend>9999-12-31</dateend>
	</v033>
	<v033>
		<schedruggr>3-2-1</schedruggr>
		<drugcode>002848</drugcode>
		<datebeg>2022-01-01</datebeg>
		<dateend>9999-12-31</dateend>
	</v033>
	<v033>
		<schedruggr>3-2-2</schedruggr>
		<drugcode>001105</drugcode>
		<datebeg>2022-01-01</datebeg>
		<dateend>9999-12-31</dateend>
	</v033>
	<v033>
		<schedruggr>3-2-2</schedruggr>
		<drugcode>002745</drugcode>
		<datebeg>2022-01-01</datebeg>
		<dateend>9999-12-31</dateend>
	</v033>
	<v033>
		<schedruggr>3-2-3</schedruggr>
		<drugcode/>
		<datebeg>2022-01-01</datebeg>
		<dateend>9999-12-31</dateend>
	</v033>
	<v033>
		<schedruggr>3-2-3</schedruggr>
		<drugcode>000215</drugcode>
		<datebeg>2022-03-01</datebeg>
		<dateend>9999-12-31</dateend>
	</v033>
	<v033>
		<schedruggr>3-2-3</schedruggr>
		<drugcode>000319</drugcode>
		<datebeg>2022-03-01</datebeg>
		<dateend>9999-12-31</dateend>
	</v033>
	<v033>
		<schedruggr>3-2-3</schedruggr>
		<drugcode>000699</drugcode>
		<datebeg>2022-03-01</datebeg>
		<dateend>9999-12-31</dateend>
	</v033>
	<v033>
		<schedruggr>3-2-3</schedruggr>
		<drugcode>000707</drugcode>
		<datebeg>2022-03-01</datebeg>
		<dateend>9999-12-31</dateend>
	</v033>
	<v033>
		<schedruggr>3-2-3</schedruggr>
		<drugcode>001493</drugcode>
		<datebeg>2022-03-01</datebeg>
		<dateend>9999-12-31</dateend>
	</v033>
	<v033>
		<schedruggr>3-2-3</schedruggr>
		<drugcode>001686</drugcode>
		<datebeg>2022-03-01</datebeg>
		<dateend>9999-12-31</dateend>
	</v033>
	<v033>
		<schedruggr>3-2-3</schedruggr>
		<drugcode>001882</drugcode>
		<datebeg>2022-03-01</datebeg>
		<dateend>9999-12-31</dateend>
	</v033>
	<v033>
		<schedruggr>3-2-3</schedruggr>
		<drugcode>002243</drugcode>
		<datebeg>2022-03-01</datebeg>
		<dateend>9999-12-31</dateend>
	</v033>
	<v033>
		<schedruggr>3-2-3</schedruggr>
		<drugcode>002406</drugcode>
		<datebeg>2022-03-01</datebeg>
		<dateend>9999-12-31</dateend>
	</v033>
	<v033>
		<schedruggr>3-2-3</schedruggr>
		<drugcode>003003</drugcode>
		<datebeg>2022-03-01</datebeg>
		<dateend>9999-12-31</dateend>
	</v033>
	<v033>
		<schedruggr>3-2-4</schedruggr>
		<drugcode/>
		<datebeg>2022-01-01</datebeg>
		<dateend>9999-12-31</dateend>
	</v033>
	<v033>
		<schedruggr>3-2-4</schedruggr>
		<drugcode>000736</drugcode>
		<datebeg>2022-03-01</datebeg>
		<dateend>9999-12-31</dateend>
	</v033>
	<v033>
		<schedruggr>3-2-4</schedruggr>
		<drugcode>001410</drugcode>
		<datebeg>2022-03-01</datebeg>
		<dateend>9999-12-31</dateend>
	</v033>
	<v033>
		<schedruggr>3-2-5</schedruggr>
		<drugcode/>
		<datebeg>2022-01-01</datebeg>
		<dateend>9999-12-31</dateend>
	</v033>
	<v033>
		<schedruggr>3-2-5</schedruggr>
		<drugcode>000182</drugcode>
		<datebeg>2022-03-01</datebeg>
		<dateend>9999-12-31</dateend>
	</v033>
	<v033>
		<schedruggr>3-2-5</schedruggr>
		<drugcode>000186</drugcode>
		<datebeg>2022-03-01</datebeg>
		<dateend>9999-12-31</dateend>
	</v033>
	<v033>
		<schedruggr>3-2-5</schedruggr>
		<drugcode>000521</drugcode>
		<datebeg>2022-03-01</datebeg>
		<dateend>9999-12-31</dateend>
	</v033>
	<v033>
		<schedruggr>3-2-5</schedruggr>
		<drugcode>001142</drugcode>
		<datebeg>2022-03-01</datebeg>
		<dateend>9999-12-31</dateend>
	</v033>
	<v033>
		<schedruggr>3-2-5</schedruggr>
		<drugcode>001271</drugcode>
		<datebeg>2022-03-01</datebeg>
		<dateend>9999-12-31</dateend>
	</v033>
	<v033>
		<schedruggr>3-2-5</schedruggr>
		<drugcode>001394</drugcode>
		<datebeg>2022-03-01</datebeg>
		<dateend>9999-12-31</dateend>
	</v033>
	<v033>
		<schedruggr>3-2-5</schedruggr>
		<drugcode>001733</drugcode>
		<datebeg>2022-03-01</datebeg>
		<dateend>9999-12-31</dateend>
	</v033>
	<v033>
		<schedruggr>3-2-5</schedruggr>
		<drugcode>002307</drugcode>
		<datebeg>2022-03-01</datebeg>
		<dateend>9999-12-31</dateend>
	</v033>
	<v033>
		<schedruggr>3-2-5</schedruggr>
		<drugcode>002312</drugcode>
		<datebeg>2022-03-01</datebeg>
		<dateend>9999-12-31</dateend>
	</v033>
	<v033>
		<schedruggr>3-2-5</schedruggr>
		<drugcode>002313</drugcode>
		<datebeg>2022-03-01</datebeg>
		<dateend>9999-12-31</dateend>
	</v033>
	<v033>
		<schedruggr>3-2-5</schedruggr>
		<drugcode>002319</drugcode>
		<datebeg>2022-03-01</datebeg>
		<dateend>9999-12-31</dateend>
	</v033>
	<v033>
		<schedruggr>3-2-5</schedruggr>
		<drugcode>002321</drugcode>
		<datebeg>2022-03-01</datebeg>
		<dateend>9999-12-31</dateend>
	</v033>
	<v033>
		<schedruggr>3-2-5</schedruggr>
		<drugcode>002322</drugcode>
		<datebeg>2022-03-01</datebeg>
		<dateend>9999-12-31</dateend>
	</v033>
	<v033>
		<schedruggr>3-2-5</schedruggr>
		<drugcode>002423</drugcode>
		<datebeg>2022-03-01</datebeg>
		<dateend>9999-12-31</dateend>
	</v033>
	<v033>
		<schedruggr>3-2-5</schedruggr>
		<drugcode>002707</drugcode>
		<datebeg>2022-03-01</datebeg>
		<dateend>9999-12-31</dateend>
	</v033>
	<v033>
		<schedruggr>3-2-5</schedruggr>
		<drugcode>003004</drugcode>
		<datebeg>2022-03-01</datebeg>
		<dateend>9999-12-31</dateend>
	</v033>
	<v033>
		<schedruggr>3-2-5</schedruggr>
		<drugcode>003005</drugcode>
		<datebeg>2022-03-01</datebeg>
		<dateend>9999-12-31</dateend>
	</v033>
	<v033>
		<schedruggr>3-2-5</schedruggr>
		<drugcode>003006</drugcode>
		<datebeg>2022-03-01</datebeg>
		<dateend>9999-12-31</dateend>
	</v033>
	<v033>
		<schedruggr>3-2-5</schedruggr>
		<drugcode>003007</drugcode>
		<datebeg>2022-03-01</datebeg>
		<dateend>9999-12-31</dateend>
	</v033>
	<v033>
		<schedruggr>3-2-5</schedruggr>
		<drugcode>003008</drugcode>
		<datebeg>2022-03-01</datebeg>
		<dateend>9999-12-31</dateend>
	</v033>
	<v033>
		<schedruggr>3-2-5</schedruggr>
		<drugcode>003009</drugcode>
		<datebeg>2022-03-01</datebeg>
		<dateend>9999-12-31</dateend>
	</v033>
	<v033>
		<schedruggr>3-2-5</schedruggr>
		<drugcode>003010</drugcode>
		<datebeg>2022-03-01</datebeg>
		<dateend>9999-12-31</dateend>
	</v033>
	<v033>
		<schedruggr>3-2-5</schedruggr>
		<drugcode>003011</drugcode>
		<datebeg>2022-03-01</datebeg>
		<dateend>9999-12-31</dateend>
	</v033>
	<v033>
		<schedruggr>3-2-5</schedruggr>
		<drugcode>003012</drugcode>
		<datebeg>2022-03-01</datebeg>
		<dateend>9999-12-31</dateend>
	</v033>
	<v033>
		<schedruggr>3-2-5</schedruggr>
		<drugcode>003013</drugcode>
		<datebeg>2022-03-01</datebeg>
		<dateend>9999-12-31</dateend>
	</v033>
	<v033>
		<schedruggr>3-2-5</schedruggr>
		<drugcode>003014</drugcode>
		<datebeg>2022-03-01</datebeg>
		<dateend>9999-12-31</dateend>
	</v033>
	<v033>
		<schedruggr>3-2-5</schedruggr>
		<drugcode>003015</drugcode>
		<datebeg>2022-03-01</datebeg>
		<dateend>9999-12-31</dateend>
	</v033>
	<v033>
		<schedruggr>3-2-5</schedruggr>
		<drugcode>003016</drugcode>
		<datebeg>2022-03-01</datebeg>
		<dateend>9999-12-31</dateend>
	</v033>
	<v033>
		<schedruggr>3-2-5</schedruggr>
		<drugcode>003017</drugcode>
		<datebeg>2022-03-01</datebeg>
		<dateend>9999-12-31</dateend>
	</v033>
	<v033>
		<schedruggr>3-2-5</schedruggr>
		<drugcode>003018</drugcode>
		<datebeg>2022-03-01</datebeg>
		<dateend>9999-12-31</dateend>
	</v033>
	<v033>
		<schedruggr>3-3-1</schedruggr>
		<drugcode>002945</drugcode>
		<datebeg>2022-01-01</datebeg>
		<dateend>9999-12-31</dateend>
	</v033>
	<v033>
		<schedruggr>3-3-1</schedruggr>
		<drugcode>002848</drugcode>
		<datebeg>2022-01-01</datebeg>
		<dateend>9999-12-31</dateend>
	</v033>
	<v033>
		<schedruggr>3-3-3</schedruggr>
		<drugcode/>
		<datebeg>2022-01-01</datebeg>
		<dateend>9999-12-31</dateend>
	</v033>
	<v033>
		<schedruggr>3-3-3</schedruggr>
		<drugcode>000215</drugcode>
		<datebeg>2022-03-01</datebeg>
		<dateend>9999-12-31</dateend>
	</v033>
	<v033>
		<schedruggr>3-3-3</schedruggr>
		<drugcode>000319</drugcode>
		<datebeg>2022-03-01</datebeg>
		<dateend>9999-12-31</dateend>
	</v033>
	<v033>
		<schedruggr>3-3-3</schedruggr>
		<drugcode>000699</drugcode>
		<datebeg>2022-03-01</datebeg>
		<dateend>9999-12-31</dateend>
	</v033>
	<v033>
		<schedruggr>3-3-3</schedruggr>
		<drugcode>000707</drugcode>
		<datebeg>2022-03-01</datebeg>
		<dateend>9999-12-31</dateend>
	</v033>
	<v033>
		<schedruggr>3-3-3</schedruggr>
		<drugcode>001493</drugcode>
		<datebeg>2022-03-01</datebeg>
		<dateend>9999-12-31</dateend>
	</v033>
	<v033>
		<schedruggr>3-3-3</schedruggr>
		<drugcode>001686</drugcode>
		<datebeg>2022-03-01</datebeg>
		<dateend>9999-12-31</dateend>
	</v033>
	<v033>
		<schedruggr>3-3-3</schedruggr>
		<drugcode>001882</drugcode>
		<datebeg>2022-03-01</datebeg>
		<dateend>9999-12-31</dateend>
	</v033>
	<v033>
		<schedruggr>3-3-3</schedruggr>
		<drugcode>002243</drugcode>
		<datebeg>2022-03-01</datebeg>
		<dateend>9999-12-31</dateend>
	</v033>
	<v033>
		<schedruggr>3-3-3</schedruggr>
		<drugcode>002406</drugcode>
		<datebeg>2022-03-01</datebeg>
		<dateend>9999-12-31</dateend>
	</v033>
	<v033>
		<schedruggr>3-3-3</schedruggr>
		<drugcode>003003</drugcode>
		<datebeg>2022-03-01</datebeg>
		<dateend>9999-12-31</dateend>
	</v033>
	<v033>
		<schedruggr>3-3-4</schedruggr>
		<drugcode/>
		<datebeg>2022-01-01</datebeg>
		<dateend>9999-12-31</dateend>
	</v033>
	<v033>
		<schedruggr>3-3-4</schedruggr>
		<drugcode>000736</drugcode>
		<datebeg>2022-03-01</datebeg>
		<dateend>9999-12-31</dateend>
	</v033>
	<v033>
		<schedruggr>3-3-4</schedruggr>
		<drugcode>001410</drugcode>
		<datebeg>2022-03-01</datebeg>
		<dateend>9999-12-31</dateend>
	</v033>
	<v033>
		<schedruggr>3-3-5</schedruggr>
		<drugcode/>
		<datebeg>2022-01-01</datebeg>
		<dateend>9999-12-31</dateend>
	</v033>
	<v033>
		<schedruggr>3-3-5</schedruggr>
		<drugcode>000182</drugcode>
		<datebeg>2022-03-01</datebeg>
		<dateend>9999-12-31</dateend>
	</v033>
	<v033>
		<schedruggr>3-3-5</schedruggr>
		<drugcode>000186</drugcode>
		<datebeg>2022-03-01</datebeg>
		<dateend>9999-12-31</dateend>
	</v033>
	<v033>
		<schedruggr>3-3-5</schedruggr>
		<drugcode>000521</drugcode>
		<datebeg>2022-03-01</datebeg>
		<dateend>9999-12-31</dateend>
	</v033>
	<v033>
		<schedruggr>3-3-5</schedruggr>
		<drugcode>001142</drugcode>
		<datebeg>2022-03-01</datebeg>
		<dateend>9999-12-31</dateend>
	</v033>
	<v033>
		<schedruggr>3-3-5</schedruggr>
		<drugcode>001271</drugcode>
		<datebeg>2022-03-01</datebeg>
		<dateend>9999-12-31</dateend>
	</v033>
	<v033>
		<schedruggr>3-3-5</schedruggr>
		<drugcode>001394</drugcode>
		<datebeg>2022-03-01</datebeg>
		<dateend>9999-12-31</dateend>
	</v033>
	<v033>
		<schedruggr>3-3-5</schedruggr>
		<drugcode>001733</drugcode>
		<datebeg>2022-03-01</datebeg>
		<dateend>9999-12-31</dateend>
	</v033>
	<v033>
		<schedruggr>3-3-5</schedruggr>
		<drugcode>002307</drugcode>
		<datebeg>2022-03-01</datebeg>
		<dateend>9999-12-31</dateend>
	</v033>
	<v033>
		<schedruggr>3-3-5</schedruggr>
		<drugcode>002312</drugcode>
		<datebeg>2022-03-01</datebeg>
		<dateend>9999-12-31</dateend>
	</v033>
	<v033>
		<schedruggr>3-3-5</schedruggr>
		<drugcode>002313</drugcode>
		<datebeg>2022-03-01</datebeg>
		<dateend>9999-12-31</dateend>
	</v033>
	<v033>
		<schedruggr>3-3-5</schedruggr>
		<drugcode>002319</drugcode>
		<datebeg>2022-03-01</datebeg>
		<dateend>9999-12-31</dateend>
	</v033>
	<v033>
		<schedruggr>3-3-5</schedruggr>
		<drugcode>002321</drugcode>
		<datebeg>2022-03-01</datebeg>
		<dateend>9999-12-31</dateend>
	</v033>
	<v033>
		<schedruggr>3-3-5</schedruggr>
		<drugcode>002322</drugcode>
		<datebeg>2022-03-01</datebeg>
		<dateend>9999-12-31</dateend>
	</v033>
	<v033>
		<schedruggr>3-3-5</schedruggr>
		<drugcode>002423</drugcode>
		<datebeg>2022-03-01</datebeg>
		<dateend>9999-12-31</dateend>
	</v033>
	<v033>
		<schedruggr>3-3-5</schedruggr>
		<drugcode>002707</drugcode>
		<datebeg>2022-03-01</datebeg>
		<dateend>9999-12-31</dateend>
	</v033>
	<v033>
		<schedruggr>3-3-5</schedruggr>
		<drugcode>003004</drugcode>
		<datebeg>2022-03-01</datebeg>
		<dateend>9999-12-31</dateend>
	</v033>
	<v033>
		<schedruggr>3-3-5</schedruggr>
		<drugcode>003005</drugcode>
		<datebeg>2022-03-01</datebeg>
		<dateend>9999-12-31</dateend>
	</v033>
	<v033>
		<schedruggr>3-3-5</schedruggr>
		<drugcode>003006</drugcode>
		<datebeg>2022-03-01</datebeg>
		<dateend>9999-12-31</dateend>
	</v033>
	<v033>
		<schedruggr>3-3-5</schedruggr>
		<drugcode>003007</drugcode>
		<datebeg>2022-03-01</datebeg>
		<dateend>9999-12-31</dateend>
	</v033>
	<v033>
		<schedruggr>3-3-5</schedruggr>
		<drugcode>003008</drugcode>
		<datebeg>2022-03-01</datebeg>
		<dateend>9999-12-31</dateend>
	</v033>
	<v033>
		<schedruggr>3-3-5</schedruggr>
		<drugcode>003009</drugcode>
		<datebeg>2022-03-01</datebeg>
		<dateend>9999-12-31</dateend>
	</v033>
	<v033>
		<schedruggr>3-3-5</schedruggr>
		<drugcode>003010</drugcode>
		<datebeg>2022-03-01</datebeg>
		<dateend>9999-12-31</dateend>
	</v033>
	<v033>
		<schedruggr>3-3-5</schedruggr>
		<drugcode>003011</drugcode>
		<datebeg>2022-03-01</datebeg>
		<dateend>9999-12-31</dateend>
	</v033>
	<v033>
		<schedruggr>3-3-5</schedruggr>
		<drugcode>003012</drugcode>
		<datebeg>2022-03-01</datebeg>
		<dateend>9999-12-31</dateend>
	</v033>
	<v033>
		<schedruggr>3-3-5</schedruggr>
		<drugcode>003013</drugcode>
		<datebeg>2022-03-01</datebeg>
		<dateend>9999-12-31</dateend>
	</v033>
	<v033>
		<schedruggr>3-3-5</schedruggr>
		<drugcode>003014</drugcode>
		<datebeg>2022-03-01</datebeg>
		<dateend>9999-12-31</dateend>
	</v033>
	<v033>
		<schedruggr>3-3-5</schedruggr>
		<drugcode>003015</drugcode>
		<datebeg>2022-03-01</datebeg>
		<dateend>9999-12-31</dateend>
	</v033>
	<v033>
		<schedruggr>3-3-5</schedruggr>
		<drugcode>003016</drugcode>
		<datebeg>2022-03-01</datebeg>
		<dateend>9999-12-31</dateend>
	</v033>
	<v033>
		<schedruggr>3-3-5</schedruggr>
		<drugcode>003017</drugcode>
		<datebeg>2022-03-01</datebeg>
		<dateend>9999-12-31</dateend>
	</v033>
	<v033>
		<schedruggr>3-3-5</schedruggr>
		<drugcode>003018</drugcode>
		<datebeg>2022-03-01</datebeg>
		<dateend>9999-12-31</dateend>
	</v033>
	<v033>
		<schedruggr>3-4-1</schedruggr>
		<drugcode>002945</drugcode>
		<datebeg>2022-01-01</datebeg>
		<dateend>9999-12-31</dateend>
	</v033>
	<v033>
		<schedruggr>3-4-1</schedruggr>
		<drugcode>002848</drugcode>
		<datebeg>2022-01-01</datebeg>
		<dateend>9999-12-31</dateend>
	</v033>
	<v033>
		<schedruggr>3-4-2</schedruggr>
		<drugcode>002877</drugcode>
		<datebeg>2022-01-01</datebeg>
		<dateend>9999-12-31</dateend>
	</v033>
	<v033>
		<schedruggr>3-4-2</schedruggr>
		<drugcode>002920</drugcode>
		<datebeg>2022-01-01</datebeg>
		<dateend>9999-12-31</dateend>
	</v033>
	<v033>
		<schedruggr>3-4-3</schedruggr>
		<drugcode/>
		<datebeg>2022-01-01</datebeg>
		<dateend>9999-12-31</dateend>
	</v033>
	<v033>
		<schedruggr>3-4-3</schedruggr>
		<drugcode>000215</drugcode>
		<datebeg>2022-03-01</datebeg>
		<dateend>9999-12-31</dateend>
	</v033>
	<v033>
		<schedruggr>3-4-3</schedruggr>
		<drugcode>000319</drugcode>
		<datebeg>2022-03-01</datebeg>
		<dateend>9999-12-31</dateend>
	</v033>
	<v033>
		<schedruggr>3-4-3</schedruggr>
		<drugcode>000699</drugcode>
		<datebeg>2022-03-01</datebeg>
		<dateend>9999-12-31</dateend>
	</v033>
	<v033>
		<schedruggr>3-4-3</schedruggr>
		<drugcode>000707</drugcode>
		<datebeg>2022-03-01</datebeg>
		<dateend>9999-12-31</dateend>
	</v033>
	<v033>
		<schedruggr>3-4-3</schedruggr>
		<drugcode>001493</drugcode>
		<datebeg>2022-03-01</datebeg>
		<dateend>9999-12-31</dateend>
	</v033>
	<v033>
		<schedruggr>3-4-3</schedruggr>
		<drugcode>001686</drugcode>
		<datebeg>2022-03-01</datebeg>
		<dateend>9999-12-31</dateend>
	</v033>
	<v033>
		<schedruggr>3-4-3</schedruggr>
		<drugcode>001882</drugcode>
		<datebeg>2022-03-01</datebeg>
		<dateend>9999-12-31</dateend>
	</v033>
	<v033>
		<schedruggr>3-4-3</schedruggr>
		<drugcode>002243</drugcode>
		<datebeg>2022-03-01</datebeg>
		<dateend>9999-12-31</dateend>
	</v033>
	<v033>
		<schedruggr>3-4-3</schedruggr>
		<drugcode>002406</drugcode>
		<datebeg>2022-03-01</datebeg>
		<dateend>9999-12-31</dateend>
	</v033>
	<v033>
		<schedruggr>3-4-3</schedruggr>
		<drugcode>003003</drugcode>
		<datebeg>2022-03-01</datebeg>
		<dateend>9999-12-31</dateend>
	</v033>
	<v033>
		<schedruggr>3-4-4</schedruggr>
		<drugcode/>
		<datebeg>2022-01-01</datebeg>
		<dateend>9999-12-31</dateend>
	</v033>
	<v033>
		<schedruggr>3-4-4</schedruggr>
		<drugcode>000736</drugcode>
		<datebeg>2022-03-01</datebeg>
		<dateend>9999-12-31</dateend>
	</v033>
	<v033>
		<schedruggr>3-4-4</schedruggr>
		<drugcode>001410</drugcode>
		<datebeg>2022-03-01</datebeg>
		<dateend>9999-12-31</dateend>
	</v033>
	<v033>
		<schedruggr>3-4-5</schedruggr>
		<drugcode/>
		<datebeg>2022-01-01</datebeg>
		<dateend>9999-12-31</dateend>
	</v033>
	<v033>
		<schedruggr>3-4-5</schedruggr>
		<drugcode>000182</drugcode>
		<datebeg>2022-03-01</datebeg>
		<dateend>9999-12-31</dateend>
	</v033>
	<v033>
		<schedruggr>3-4-5</schedruggr>
		<drugcode>000186</drugcode>
		<datebeg>2022-03-01</datebeg>
		<dateend>9999-12-31</dateend>
	</v033>
	<v033>
		<schedruggr>3-4-5</schedruggr>
		<drugcode>000521</drugcode>
		<datebeg>2022-03-01</datebeg>
		<dateend>9999-12-31</dateend>
	</v033>
	<v033>
		<schedruggr>3-4-5</schedruggr>
		<drugcode>001142</drugcode>
		<datebeg>2022-03-01</datebeg>
		<dateend>9999-12-31</dateend>
	</v033>
	<v033>
		<schedruggr>3-4-5</schedruggr>
		<drugcode>001271</drugcode>
		<datebeg>2022-03-01</datebeg>
		<dateend>9999-12-31</dateend>
	</v033>
	<v033>
		<schedruggr>3-4-5</schedruggr>
		<drugcode>001394</drugcode>
		<datebeg>2022-03-01</datebeg>
		<dateend>9999-12-31</dateend>
	</v033>
	<v033>
		<schedruggr>3-4-5</schedruggr>
		<drugcode>001733</drugcode>
		<datebeg>2022-03-01</datebeg>
		<dateend>9999-12-31</dateend>
	</v033>
	<v033>
		<schedruggr>3-4-5</schedruggr>
		<drugcode>002307</drugcode>
		<datebeg>2022-03-01</datebeg>
		<dateend>9999-12-31</dateend>
	</v033>
	<v033>
		<schedruggr>3-4-5</schedruggr>
		<drugcode>002312</drugcode>
		<datebeg>2022-03-01</datebeg>
		<dateend>9999-12-31</dateend>
	</v033>
	<v033>
		<schedruggr>3-4-5</schedruggr>
		<drugcode>002313</drugcode>
		<datebeg>2022-03-01</datebeg>
		<dateend>9999-12-31</dateend>
	</v033>
	<v033>
		<schedruggr>3-4-5</schedruggr>
		<drugcode>002319</drugcode>
		<datebeg>2022-03-01</datebeg>
		<dateend>9999-12-31</dateend>
	</v033>
	<v033>
		<schedruggr>3-4-5</schedruggr>
		<drugcode>002321</drugcode>
		<datebeg>2022-03-01</datebeg>
		<dateend>9999-12-31</dateend>
	</v033>
	<v033>
		<schedruggr>3-4-5</schedruggr>
		<drugcode>002322</drugcode>
		<datebeg>2022-03-01</datebeg>
		<dateend>9999-12-31</dateend>
	</v033>
	<v033>
		<schedruggr>3-4-5</schedruggr>
		<drugcode>002423</drugcode>
		<datebeg>2022-03-01</datebeg>
		<dateend>9999-12-31</dateend>
	</v033>
	<v033>
		<schedruggr>3-4-5</schedruggr>
		<drugcode>002707</drugcode>
		<datebeg>2022-03-01</datebeg>
		<dateend>9999-12-31</dateend>
	</v033>
	<v033>
		<schedruggr>3-4-5</schedruggr>
		<drugcode>003004</drugcode>
		<datebeg>2022-03-01</datebeg>
		<dateend>9999-12-31</dateend>
	</v033>
	<v033>
		<schedruggr>3-4-5</schedruggr>
		<drugcode>003005</drugcode>
		<datebeg>2022-03-01</datebeg>
		<dateend>9999-12-31</dateend>
	</v033>
	<v033>
		<schedruggr>3-4-5</schedruggr>
		<drugcode>003006</drugcode>
		<datebeg>2022-03-01</datebeg>
		<dateend>9999-12-31</dateend>
	</v033>
	<v033>
		<schedruggr>3-4-5</schedruggr>
		<drugcode>003007</drugcode>
		<datebeg>2022-03-01</datebeg>
		<dateend>9999-12-31</dateend>
	</v033>
	<v033>
		<schedruggr>3-4-5</schedruggr>
		<drugcode>003008</drugcode>
		<datebeg>2022-03-01</datebeg>
		<dateend>9999-12-31</dateend>
	</v033>
	<v033>
		<schedruggr>3-4-5</schedruggr>
		<drugcode>003009</drugcode>
		<datebeg>2022-03-01</datebeg>
		<dateend>9999-12-31</dateend>
	</v033>
	<v033>
		<schedruggr>3-4-5</schedruggr>
		<drugcode>003010</drugcode>
		<datebeg>2022-03-01</datebeg>
		<dateend>9999-12-31</dateend>
	</v033>
	<v033>
		<schedruggr>3-4-5</schedruggr>
		<drugcode>003011</drugcode>
		<datebeg>2022-03-01</datebeg>
		<dateend>9999-12-31</dateend>
	</v033>
	<v033>
		<schedruggr>3-4-5</schedruggr>
		<drugcode>003012</drugcode>
		<datebeg>2022-03-01</datebeg>
		<dateend>9999-12-31</dateend>
	</v033>
	<v033>
		<schedruggr>3-4-5</schedruggr>
		<drugcode>003013</drugcode>
		<datebeg>2022-03-01</datebeg>
		<dateend>9999-12-31</dateend>
	</v033>
	<v033>
		<schedruggr>3-4-5</schedruggr>
		<drugcode>003014</drugcode>
		<datebeg>2022-03-01</datebeg>
		<dateend>9999-12-31</dateend>
	</v033>
	<v033>
		<schedruggr>3-4-5</schedruggr>
		<drugcode>003015</drugcode>
		<datebeg>2022-03-01</datebeg>
		<dateend>9999-12-31</dateend>
	</v033>
	<v033>
		<schedruggr>3-4-5</schedruggr>
		<drugcode>003016</drugcode>
		<datebeg>2022-03-01</datebeg>
		<dateend>9999-12-31</dateend>
	</v033>
	<v033>
		<schedruggr>3-4-5</schedruggr>
		<drugcode>003017</drugcode>
		<datebeg>2022-03-01</datebeg>
		<dateend>9999-12-31</dateend>
	</v033>
	<v033>
		<schedruggr>3-4-5</schedruggr>
		<drugcode>003018</drugcode>
		<datebeg>2022-03-01</datebeg>
		<dateend>9999-12-31</dateend>
	</v033>
	<v033>
		<schedruggr>4-1-1</schedruggr>
		<drugcode>002945</drugcode>
		<datebeg>2022-01-01</datebeg>
		<dateend>9999-12-31</dateend>
	</v033>
	<v033>
		<schedruggr>4-1-1</schedruggr>
		<drugcode>002848</drugcode>
		<datebeg>2022-01-01</datebeg>
		<dateend>9999-12-31</dateend>
	</v033>
	<v033>
		<schedruggr>4-1-2</schedruggr>
		<drugcode>002111</drugcode>
		<datebeg>2022-01-01</datebeg>
		<dateend>9999-12-31</dateend>
	</v033>
	<v033>
		<schedruggr>4-1-2</schedruggr>
		<drugcode>002672</drugcode>
		<datebeg>2022-01-01</datebeg>
		<dateend>9999-12-31</dateend>
	</v033>
	<v033>
		<schedruggr>4-1-3</schedruggr>
		<drugcode/>
		<datebeg>2022-01-01</datebeg>
		<dateend>9999-12-31</dateend>
	</v033>
	<v033>
		<schedruggr>4-1-3</schedruggr>
		<drugcode>000215</drugcode>
		<datebeg>2022-03-01</datebeg>
		<dateend>9999-12-31</dateend>
	</v033>
	<v033>
		<schedruggr>4-1-3</schedruggr>
		<drugcode>000319</drugcode>
		<datebeg>2022-03-01</datebeg>
		<dateend>9999-12-31</dateend>
	</v033>
	<v033>
		<schedruggr>4-1-3</schedruggr>
		<drugcode>000699</drugcode>
		<datebeg>2022-03-01</datebeg>
		<dateend>9999-12-31</dateend>
	</v033>
	<v033>
		<schedruggr>4-1-3</schedruggr>
		<drugcode>000707</drugcode>
		<datebeg>2022-03-01</datebeg>
		<dateend>9999-12-31</dateend>
	</v033>
	<v033>
		<schedruggr>4-1-3</schedruggr>
		<drugcode>001493</drugcode>
		<datebeg>2022-03-01</datebeg>
		<dateend>9999-12-31</dateend>
	</v033>
	<v033>
		<schedruggr>4-1-3</schedruggr>
		<drugcode>001686</drugcode>
		<datebeg>2022-03-01</datebeg>
		<dateend>9999-12-31</dateend>
	</v033>
	<v033>
		<schedruggr>4-1-3</schedruggr>
		<drugcode>001882</drugcode>
		<datebeg>2022-03-01</datebeg>
		<dateend>9999-12-31</dateend>
	</v033>
	<v033>
		<schedruggr>4-1-3</schedruggr>
		<drugcode>002243</drugcode>
		<datebeg>2022-03-01</datebeg>
		<dateend>9999-12-31</dateend>
	</v033>
	<v033>
		<schedruggr>4-1-3</schedruggr>
		<drugcode>002406</drugcode>
		<datebeg>2022-03-01</datebeg>
		<dateend>9999-12-31</dateend>
	</v033>
	<v033>
		<schedruggr>4-1-3</schedruggr>
		<drugcode>003003</drugcode>
		<datebeg>2022-03-01</datebeg>
		<dateend>9999-12-31</dateend>
	</v033>
	<v033>
		<schedruggr>4-1-4</schedruggr>
		<drugcode/>
		<datebeg>2022-01-01</datebeg>
		<dateend>9999-12-31</dateend>
	</v033>
	<v033>
		<schedruggr>4-1-4</schedruggr>
		<drugcode>000736</drugcode>
		<datebeg>2022-03-01</datebeg>
		<dateend>9999-12-31</dateend>
	</v033>
	<v033>
		<schedruggr>4-1-4</schedruggr>
		<drugcode>001410</drugcode>
		<datebeg>2022-03-01</datebeg>
		<dateend>9999-12-31</dateend>
	</v033>
	<v033>
		<schedruggr>4-1-5</schedruggr>
		<drugcode/>
		<datebeg>2022-01-01</datebeg>
		<dateend>9999-12-31</dateend>
	</v033>
	<v033>
		<schedruggr>4-1-5</schedruggr>
		<drugcode>000182</drugcode>
		<datebeg>2022-03-01</datebeg>
		<dateend>9999-12-31</dateend>
	</v033>
	<v033>
		<schedruggr>4-1-5</schedruggr>
		<drugcode>000186</drugcode>
		<datebeg>2022-03-01</datebeg>
		<dateend>9999-12-31</dateend>
	</v033>
	<v033>
		<schedruggr>4-1-5</schedruggr>
		<drugcode>000521</drugcode>
		<datebeg>2022-03-01</datebeg>
		<dateend>9999-12-31</dateend>
	</v033>
	<v033>
		<schedruggr>4-1-5</schedruggr>
		<drugcode>001142</drugcode>
		<datebeg>2022-03-01</datebeg>
		<dateend>9999-12-31</dateend>
	</v033>
	<v033>
		<schedruggr>4-1-5</schedruggr>
		<drugcode>001271</drugcode>
		<datebeg>2022-03-01</datebeg>
		<dateend>9999-12-31</dateend>
	</v033>
	<v033>
		<schedruggr>4-1-5</schedruggr>
		<drugcode>001394</drugcode>
		<datebeg>2022-03-01</datebeg>
		<dateend>9999-12-31</dateend>
	</v033>
	<v033>
		<schedruggr>4-1-5</schedruggr>
		<drugcode>001733</drugcode>
		<datebeg>2022-03-01</datebeg>
		<dateend>9999-12-31</dateend>
	</v033>
	<v033>
		<schedruggr>4-1-5</schedruggr>
		<drugcode>002307</drugcode>
		<datebeg>2022-03-01</datebeg>
		<dateend>9999-12-31</dateend>
	</v033>
	<v033>
		<schedruggr>4-1-5</schedruggr>
		<drugcode>002312</drugcode>
		<datebeg>2022-03-01</datebeg>
		<dateend>9999-12-31</dateend>
	</v033>
	<v033>
		<schedruggr>4-1-5</schedruggr>
		<drugcode>002313</drugcode>
		<datebeg>2022-03-01</datebeg>
		<dateend>9999-12-31</dateend>
	</v033>
	<v033>
		<schedruggr>4-1-5</schedruggr>
		<drugcode>002319</drugcode>
		<datebeg>2022-03-01</datebeg>
		<dateend>9999-12-31</dateend>
	</v033>
	<v033>
		<schedruggr>4-1-5</schedruggr>
		<drugcode>002321</drugcode>
		<datebeg>2022-03-01</datebeg>
		<dateend>9999-12-31</dateend>
	</v033>
	<v033>
		<schedruggr>4-1-5</schedruggr>
		<drugcode>002322</drugcode>
		<datebeg>2022-03-01</datebeg>
		<dateend>9999-12-31</dateend>
	</v033>
	<v033>
		<schedruggr>4-1-5</schedruggr>
		<drugcode>002423</drugcode>
		<datebeg>2022-03-01</datebeg>
		<dateend>9999-12-31</dateend>
	</v033>
	<v033>
		<schedruggr>4-1-5</schedruggr>
		<drugcode>002707</drugcode>
		<datebeg>2022-03-01</datebeg>
		<dateend>9999-12-31</dateend>
	</v033>
	<v033>
		<schedruggr>4-1-5</schedruggr>
		<drugcode>003004</drugcode>
		<datebeg>2022-03-01</datebeg>
		<dateend>9999-12-31</dateend>
	</v033>
	<v033>
		<schedruggr>4-1-5</schedruggr>
		<drugcode>003005</drugcode>
		<datebeg>2022-03-01</datebeg>
		<dateend>9999-12-31</dateend>
	</v033>
	<v033>
		<schedruggr>4-1-5</schedruggr>
		<drugcode>003006</drugcode>
		<datebeg>2022-03-01</datebeg>
		<dateend>9999-12-31</dateend>
	</v033>
	<v033>
		<schedruggr>4-1-5</schedruggr>
		<drugcode>003007</drugcode>
		<datebeg>2022-03-01</datebeg>
		<dateend>9999-12-31</dateend>
	</v033>
	<v033>
		<schedruggr>4-1-5</schedruggr>
		<drugcode>003008</drugcode>
		<datebeg>2022-03-01</datebeg>
		<dateend>9999-12-31</dateend>
	</v033>
	<v033>
		<schedruggr>4-1-5</schedruggr>
		<drugcode>003009</drugcode>
		<datebeg>2022-03-01</datebeg>
		<dateend>9999-12-31</dateend>
	</v033>
	<v033>
		<schedruggr>4-1-5</schedruggr>
		<drugcode>003010</drugcode>
		<datebeg>2022-03-01</datebeg>
		<dateend>9999-12-31</dateend>
	</v033>
	<v033>
		<schedruggr>4-1-5</schedruggr>
		<drugcode>003011</drugcode>
		<datebeg>2022-03-01</datebeg>
		<dateend>9999-12-31</dateend>
	</v033>
	<v033>
		<schedruggr>4-1-5</schedruggr>
		<drugcode>003012</drugcode>
		<datebeg>2022-03-01</datebeg>
		<dateend>9999-12-31</dateend>
	</v033>
	<v033>
		<schedruggr>4-1-5</schedruggr>
		<drugcode>003013</drugcode>
		<datebeg>2022-03-01</datebeg>
		<dateend>9999-12-31</dateend>
	</v033>
	<v033>
		<schedruggr>4-1-5</schedruggr>
		<drugcode>003014</drugcode>
		<datebeg>2022-03-01</datebeg>
		<dateend>9999-12-31</dateend>
	</v033>
	<v033>
		<schedruggr>4-1-5</schedruggr>
		<drugcode>003015</drugcode>
		<datebeg>2022-03-01</datebeg>
		<dateend>9999-12-31</dateend>
	</v033>
	<v033>
		<schedruggr>4-1-5</schedruggr>
		<drugcode>003016</drugcode>
		<datebeg>2022-03-01</datebeg>
		<dateend>9999-12-31</dateend>
	</v033>
	<v033>
		<schedruggr>4-1-5</schedruggr>
		<drugcode>003017</drugcode>
		<datebeg>2022-03-01</datebeg>
		<dateend>9999-12-31</dateend>
	</v033>
	<v033>
		<schedruggr>4-1-5</schedruggr>
		<drugcode>003018</drugcode>
		<datebeg>2022-03-01</datebeg>
		<dateend>9999-12-31</dateend>
	</v033>
	<v033>
		<schedruggr>4-2-1</schedruggr>
		<drugcode>002945</drugcode>
		<datebeg>2022-01-01</datebeg>
		<dateend>9999-12-31</dateend>
	</v033>
	<v033>
		<schedruggr>4-2-1</schedruggr>
		<drugcode>002848</drugcode>
		<datebeg>2022-01-01</datebeg>
		<dateend>9999-12-31</dateend>
	</v033>
	<v033>
		<schedruggr>4-2-2</schedruggr>
		<drugcode>001105</drugcode>
		<datebeg>2022-01-01</datebeg>
		<dateend>9999-12-31</dateend>
	</v033>
	<v033>
		<schedruggr>4-2-2</schedruggr>
		<drugcode>002745</drugcode>
		<datebeg>2022-01-01</datebeg>
		<dateend>9999-12-31</dateend>
	</v033>
	<v033>
		<schedruggr>4-2-3</schedruggr>
		<drugcode/>
		<datebeg>2022-01-01</datebeg>
		<dateend>9999-12-31</dateend>
	</v033>
	<v033>
		<schedruggr>4-2-3</schedruggr>
		<drugcode>000215</drugcode>
		<datebeg>2022-03-01</datebeg>
		<dateend>9999-12-31</dateend>
	</v033>
	<v033>
		<schedruggr>4-2-3</schedruggr>
		<drugcode>000319</drugcode>
		<datebeg>2022-03-01</datebeg>
		<dateend>9999-12-31</dateend>
	</v033>
	<v033>
		<schedruggr>4-2-3</schedruggr>
		<drugcode>000699</drugcode>
		<datebeg>2022-03-01</datebeg>
		<dateend>9999-12-31</dateend>
	</v033>
	<v033>
		<schedruggr>4-2-3</schedruggr>
		<drugcode>000707</drugcode>
		<datebeg>2022-03-01</datebeg>
		<dateend>9999-12-31</dateend>
	</v033>
	<v033>
		<schedruggr>4-2-3</schedruggr>
		<drugcode>001493</drugcode>
		<datebeg>2022-03-01</datebeg>
		<dateend>9999-12-31</dateend>
	</v033>
	<v033>
		<schedruggr>4-2-3</schedruggr>
		<drugcode>001686</drugcode>
		<datebeg>2022-03-01</datebeg>
		<dateend>9999-12-31</dateend>
	</v033>
	<v033>
		<schedruggr>4-2-3</schedruggr>
		<drugcode>001882</drugcode>
		<datebeg>2022-03-01</datebeg>
		<dateend>9999-12-31</dateend>
	</v033>
	<v033>
		<schedruggr>4-2-3</schedruggr>
		<drugcode>002243</drugcode>
		<datebeg>2022-03-01</datebeg>
		<dateend>9999-12-31</dateend>
	</v033>
	<v033>
		<schedruggr>4-2-3</schedruggr>
		<drugcode>002406</drugcode>
		<datebeg>2022-03-01</datebeg>
		<dateend>9999-12-31</dateend>
	</v033>
	<v033>
		<schedruggr>4-2-3</schedruggr>
		<drugcode>003003</drugcode>
		<datebeg>2022-03-01</datebeg>
		<dateend>9999-12-31</dateend>
	</v033>
	<v033>
		<schedruggr>4-2-4</schedruggr>
		<drugcode/>
		<datebeg>2022-01-01</datebeg>
		<dateend>9999-12-31</dateend>
	</v033>
	<v033>
		<schedruggr>4-2-4</schedruggr>
		<drugcode>000736</drugcode>
		<datebeg>2022-03-01</datebeg>
		<dateend>9999-12-31</dateend>
	</v033>
	<v033>
		<schedruggr>4-2-4</schedruggr>
		<drugcode>001410</drugcode>
		<datebeg>2022-03-01</datebeg>
		<dateend>9999-12-31</dateend>
	</v033>
	<v033>
		<schedruggr>4-2-5</schedruggr>
		<drugcode/>
		<datebeg>2022-01-01</datebeg>
		<dateend>9999-12-31</dateend>
	</v033>
	<v033>
		<schedruggr>4-2-5</schedruggr>
		<drugcode>000182</drugcode>
		<datebeg>2022-03-01</datebeg>
		<dateend>9999-12-31</dateend>
	</v033>
	<v033>
		<schedruggr>4-2-5</schedruggr>
		<drugcode>000186</drugcode>
		<datebeg>2022-03-01</datebeg>
		<dateend>9999-12-31</dateend>
	</v033>
	<v033>
		<schedruggr>4-2-5</schedruggr>
		<drugcode>000521</drugcode>
		<datebeg>2022-03-01</datebeg>
		<dateend>9999-12-31</dateend>
	</v033>
	<v033>
		<schedruggr>4-2-5</schedruggr>
		<drugcode>001142</drugcode>
		<datebeg>2022-03-01</datebeg>
		<dateend>9999-12-31</dateend>
	</v033>
	<v033>
		<schedruggr>4-2-5</schedruggr>
		<drugcode>001271</drugcode>
		<datebeg>2022-03-01</datebeg>
		<dateend>9999-12-31</dateend>
	</v033>
	<v033>
		<schedruggr>4-2-5</schedruggr>
		<drugcode>001394</drugcode>
		<datebeg>2022-03-01</datebeg>
		<dateend>9999-12-31</dateend>
	</v033>
	<v033>
		<schedruggr>4-2-5</schedruggr>
		<drugcode>001733</drugcode>
		<datebeg>2022-03-01</datebeg>
		<dateend>9999-12-31</dateend>
	</v033>
	<v033>
		<schedruggr>4-2-5</schedruggr>
		<drugcode>002307</drugcode>
		<datebeg>2022-03-01</datebeg>
		<dateend>9999-12-31</dateend>
	</v033>
	<v033>
		<schedruggr>4-2-5</schedruggr>
		<drugcode>002312</drugcode>
		<datebeg>2022-03-01</datebeg>
		<dateend>9999-12-31</dateend>
	</v033>
	<v033>
		<schedruggr>4-2-5</schedruggr>
		<drugcode>002313</drugcode>
		<datebeg>2022-03-01</datebeg>
		<dateend>9999-12-31</dateend>
	</v033>
	<v033>
		<schedruggr>4-2-5</schedruggr>
		<drugcode>002319</drugcode>
		<datebeg>2022-03-01</datebeg>
		<dateend>9999-12-31</dateend>
	</v033>
	<v033>
		<schedruggr>4-2-5</schedruggr>
		<drugcode>002321</drugcode>
		<datebeg>2022-03-01</datebeg>
		<dateend>9999-12-31</dateend>
	</v033>
	<v033>
		<schedruggr>4-2-5</schedruggr>
		<drugcode>002322</drugcode>
		<datebeg>2022-03-01</datebeg>
		<dateend>9999-12-31</dateend>
	</v033>
	<v033>
		<schedruggr>4-2-5</schedruggr>
		<drugcode>002423</drugcode>
		<datebeg>2022-03-01</datebeg>
		<dateend>9999-12-31</dateend>
	</v033>
	<v033>
		<schedruggr>4-2-5</schedruggr>
		<drugcode>002707</drugcode>
		<datebeg>2022-03-01</datebeg>
		<dateend>9999-12-31</dateend>
	</v033>
	<v033>
		<schedruggr>4-2-5</schedruggr>
		<drugcode>003004</drugcode>
		<datebeg>2022-03-01</datebeg>
		<dateend>9999-12-31</dateend>
	</v033>
	<v033>
		<schedruggr>4-2-5</schedruggr>
		<drugcode>003005</drugcode>
		<datebeg>2022-03-01</datebeg>
		<dateend>9999-12-31</dateend>
	</v033>
	<v033>
		<schedruggr>4-2-5</schedruggr>
		<drugcode>003006</drugcode>
		<datebeg>2022-03-01</datebeg>
		<dateend>9999-12-31</dateend>
	</v033>
	<v033>
		<schedruggr>4-2-5</schedruggr>
		<drugcode>003007</drugcode>
		<datebeg>2022-03-01</datebeg>
		<dateend>9999-12-31</dateend>
	</v033>
	<v033>
		<schedruggr>4-2-5</schedruggr>
		<drugcode>003008</drugcode>
		<datebeg>2022-03-01</datebeg>
		<dateend>9999-12-31</dateend>
	</v033>
	<v033>
		<schedruggr>4-2-5</schedruggr>
		<drugcode>003009</drugcode>
		<datebeg>2022-03-01</datebeg>
		<dateend>9999-12-31</dateend>
	</v033>
	<v033>
		<schedruggr>4-2-5</schedruggr>
		<drugcode>003010</drugcode>
		<datebeg>2022-03-01</datebeg>
		<dateend>9999-12-31</dateend>
	</v033>
	<v033>
		<schedruggr>4-2-5</schedruggr>
		<drugcode>003011</drugcode>
		<datebeg>2022-03-01</datebeg>
		<dateend>9999-12-31</dateend>
	</v033>
	<v033>
		<schedruggr>4-2-5</schedruggr>
		<drugcode>003012</drugcode>
		<datebeg>2022-03-01</datebeg>
		<dateend>9999-12-31</dateend>
	</v033>
	<v033>
		<schedruggr>4-2-5</schedruggr>
		<drugcode>003013</drugcode>
		<datebeg>2022-03-01</datebeg>
		<dateend>9999-12-31</dateend>
	</v033>
	<v033>
		<schedruggr>4-2-5</schedruggr>
		<drugcode>003014</drugcode>
		<datebeg>2022-03-01</datebeg>
		<dateend>9999-12-31</dateend>
	</v033>
	<v033>
		<schedruggr>4-2-5</schedruggr>
		<drugcode>003015</drugcode>
		<datebeg>2022-03-01</datebeg>
		<dateend>9999-12-31</dateend>
	</v033>
	<v033>
		<schedruggr>4-2-5</schedruggr>
		<drugcode>003016</drugcode>
		<datebeg>2022-03-01</datebeg>
		<dateend>9999-12-31</dateend>
	</v033>
	<v033>
		<schedruggr>4-2-5</schedruggr>
		<drugcode>003017</drugcode>
		<datebeg>2022-03-01</datebeg>
		<dateend>9999-12-31</dateend>
	</v033>
	<v033>
		<schedruggr>4-2-5</schedruggr>
		<drugcode>003018</drugcode>
		<datebeg>2022-03-01</datebeg>
		<dateend>9999-12-31</dateend>
	</v033>
	<v033>
		<schedruggr>4-3-1</schedruggr>
		<drugcode>002945</drugcode>
		<datebeg>2022-01-01</datebeg>
		<dateend>9999-12-31</dateend>
	</v033>
	<v033>
		<schedruggr>4-3-1</schedruggr>
		<drugcode>002848</drugcode>
		<datebeg>2022-01-01</datebeg>
		<dateend>9999-12-31</dateend>
	</v033>
	<v033>
		<schedruggr>4-3-3</schedruggr>
		<drugcode/>
		<datebeg>2022-01-01</datebeg>
		<dateend>9999-12-31</dateend>
	</v033>
	<v033>
		<schedruggr>4-3-3</schedruggr>
		<drugcode>000215</drugcode>
		<datebeg>2022-03-01</datebeg>
		<dateend>9999-12-31</dateend>
	</v033>
	<v033>
		<schedruggr>4-3-3</schedruggr>
		<drugcode>000319</drugcode>
		<datebeg>2022-03-01</datebeg>
		<dateend>9999-12-31</dateend>
	</v033>
	<v033>
		<schedruggr>4-3-3</schedruggr>
		<drugcode>000699</drugcode>
		<datebeg>2022-03-01</datebeg>
		<dateend>9999-12-31</dateend>
	</v033>
	<v033>
		<schedruggr>4-3-3</schedruggr>
		<drugcode>000707</drugcode>
		<datebeg>2022-03-01</datebeg>
		<dateend>9999-12-31</dateend>
	</v033>
	<v033>
		<schedruggr>4-3-3</schedruggr>
		<drugcode>001493</drugcode>
		<datebeg>2022-03-01</datebeg>
		<dateend>9999-12-31</dateend>
	</v033>
	<v033>
		<schedruggr>4-3-3</schedruggr>
		<drugcode>001686</drugcode>
		<datebeg>2022-03-01</datebeg>
		<dateend>9999-12-31</dateend>
	</v033>
	<v033>
		<schedruggr>4-3-3</schedruggr>
		<drugcode>001882</drugcode>
		<datebeg>2022-03-01</datebeg>
		<dateend>9999-12-31</dateend>
	</v033>
	<v033>
		<schedruggr>4-3-3</schedruggr>
		<drugcode>002243</drugcode>
		<datebeg>2022-03-01</datebeg>
		<dateend>9999-12-31</dateend>
	</v033>
	<v033>
		<schedruggr>4-3-3</schedruggr>
		<drugcode>002406</drugcode>
		<datebeg>2022-03-01</datebeg>
		<dateend>9999-12-31</dateend>
	</v033>
	<v033>
		<schedruggr>4-3-3</schedruggr>
		<drugcode>003003</drugcode>
		<datebeg>2022-03-01</datebeg>
		<dateend>9999-12-31</dateend>
	</v033>
	<v033>
		<schedruggr>4-3-4</schedruggr>
		<drugcode/>
		<datebeg>2022-01-01</datebeg>
		<dateend>9999-12-31</dateend>
	</v033>
	<v033>
		<schedruggr>4-3-4</schedruggr>
		<drugcode>000736</drugcode>
		<datebeg>2022-03-01</datebeg>
		<dateend>9999-12-31</dateend>
	</v033>
	<v033>
		<schedruggr>4-3-4</schedruggr>
		<drugcode>001410</drugcode>
		<datebeg>2022-03-01</datebeg>
		<dateend>9999-12-31</dateend>
	</v033>
	<v033>
		<schedruggr>4-3-5</schedruggr>
		<drugcode/>
		<datebeg>2022-01-01</datebeg>
		<dateend>9999-12-31</dateend>
	</v033>
	<v033>
		<schedruggr>4-3-5</schedruggr>
		<drugcode>000182</drugcode>
		<datebeg>2022-03-01</datebeg>
		<dateend>9999-12-31</dateend>
	</v033>
	<v033>
		<schedruggr>4-3-5</schedruggr>
		<drugcode>000186</drugcode>
		<datebeg>2022-03-01</datebeg>
		<dateend>9999-12-31</dateend>
	</v033>
	<v033>
		<schedruggr>4-3-5</schedruggr>
		<drugcode>000521</drugcode>
		<datebeg>2022-03-01</datebeg>
		<dateend>9999-12-31</dateend>
	</v033>
	<v033>
		<schedruggr>4-3-5</schedruggr>
		<drugcode>001142</drugcode>
		<datebeg>2022-03-01</datebeg>
		<dateend>9999-12-31</dateend>
	</v033>
	<v033>
		<schedruggr>4-3-5</schedruggr>
		<drugcode>001271</drugcode>
		<datebeg>2022-03-01</datebeg>
		<dateend>9999-12-31</dateend>
	</v033>
	<v033>
		<schedruggr>4-3-5</schedruggr>
		<drugcode>001394</drugcode>
		<datebeg>2022-03-01</datebeg>
		<dateend>9999-12-31</dateend>
	</v033>
	<v033>
		<schedruggr>4-3-5</schedruggr>
		<drugcode>001733</drugcode>
		<datebeg>2022-03-01</datebeg>
		<dateend>9999-12-31</dateend>
	</v033>
	<v033>
		<schedruggr>4-3-5</schedruggr>
		<drugcode>002307</drugcode>
		<datebeg>2022-03-01</datebeg>
		<dateend>9999-12-31</dateend>
	</v033>
	<v033>
		<schedruggr>4-3-5</schedruggr>
		<drugcode>002312</drugcode>
		<datebeg>2022-03-01</datebeg>
		<dateend>9999-12-31</dateend>
	</v033>
	<v033>
		<schedruggr>4-3-5</schedruggr>
		<drugcode>002313</drugcode>
		<datebeg>2022-03-01</datebeg>
		<dateend>9999-12-31</dateend>
	</v033>
	<v033>
		<schedruggr>4-3-5</schedruggr>
		<drugcode>002319</drugcode>
		<datebeg>2022-03-01</datebeg>
		<dateend>9999-12-31</dateend>
	</v033>
	<v033>
		<schedruggr>4-3-5</schedruggr>
		<drugcode>002321</drugcode>
		<datebeg>2022-03-01</datebeg>
		<dateend>9999-12-31</dateend>
	</v033>
	<v033>
		<schedruggr>4-3-5</schedruggr>
		<drugcode>002322</drugcode>
		<datebeg>2022-03-01</datebeg>
		<dateend>9999-12-31</dateend>
	</v033>
	<v033>
		<schedruggr>4-3-5</schedruggr>
		<drugcode>002423</drugcode>
		<datebeg>2022-03-01</datebeg>
		<dateend>9999-12-31</dateend>
	</v033>
	<v033>
		<schedruggr>4-3-5</schedruggr>
		<drugcode>002707</drugcode>
		<datebeg>2022-03-01</datebeg>
		<dateend>9999-12-31</dateend>
	</v033>
	<v033>
		<schedruggr>4-3-5</schedruggr>
		<drugcode>003004</drugcode>
		<datebeg>2022-03-01</datebeg>
		<dateend>9999-12-31</dateend>
	</v033>
	<v033>
		<schedruggr>4-3-5</schedruggr>
		<drugcode>003005</drugcode>
		<datebeg>2022-03-01</datebeg>
		<dateend>9999-12-31</dateend>
	</v033>
	<v033>
		<schedruggr>4-3-5</schedruggr>
		<drugcode>003006</drugcode>
		<datebeg>2022-03-01</datebeg>
		<dateend>9999-12-31</dateend>
	</v033>
	<v033>
		<schedruggr>4-3-5</schedruggr>
		<drugcode>003007</drugcode>
		<datebeg>2022-03-01</datebeg>
		<dateend>9999-12-31</dateend>
	</v033>
	<v033>
		<schedruggr>4-3-5</schedruggr>
		<drugcode>003008</drugcode>
		<datebeg>2022-03-01</datebeg>
		<dateend>9999-12-31</dateend>
	</v033>
	<v033>
		<schedruggr>4-3-5</schedruggr>
		<drugcode>003009</drugcode>
		<datebeg>2022-03-01</datebeg>
		<dateend>9999-12-31</dateend>
	</v033>
	<v033>
		<schedruggr>4-3-5</schedruggr>
		<drugcode>003010</drugcode>
		<datebeg>2022-03-01</datebeg>
		<dateend>9999-12-31</dateend>
	</v033>
	<v033>
		<schedruggr>4-3-5</schedruggr>
		<drugcode>003011</drugcode>
		<datebeg>2022-03-01</datebeg>
		<dateend>9999-12-31</dateend>
	</v033>
	<v033>
		<schedruggr>4-3-5</schedruggr>
		<drugcode>003012</drugcode>
		<datebeg>2022-03-01</datebeg>
		<dateend>9999-12-31</dateend>
	</v033>
	<v033>
		<schedruggr>4-3-5</schedruggr>
		<drugcode>003013</drugcode>
		<datebeg>2022-03-01</datebeg>
		<dateend>9999-12-31</dateend>
	</v033>
	<v033>
		<schedruggr>4-3-5</schedruggr>
		<drugcode>003014</drugcode>
		<datebeg>2022-03-01</datebeg>
		<dateend>9999-12-31</dateend>
	</v033>
	<v033>
		<schedruggr>4-3-5</schedruggr>
		<drugcode>003015</drugcode>
		<datebeg>2022-03-01</datebeg>
		<dateend>9999-12-31</dateend>
	</v033>
	<v033>
		<schedruggr>4-3-5</schedruggr>
		<drugcode>003016</drugcode>
		<datebeg>2022-03-01</datebeg>
		<dateend>9999-12-31</dateend>
	</v033>
	<v033>
		<schedruggr>4-3-5</schedruggr>
		<drugcode>003017</drugcode>
		<datebeg>2022-03-01</datebeg>
		<dateend>9999-12-31</dateend>
	</v033>
	<v033>
		<schedruggr>4-3-5</schedruggr>
		<drugcode>003018</drugcode>
		<datebeg>2022-03-01</datebeg>
		<dateend>9999-12-31</dateend>
	</v033>
	<v033>
		<schedruggr>4-4-1</schedruggr>
		<drugcode>002945</drugcode>
		<datebeg>2022-01-01</datebeg>
		<dateend>9999-12-31</dateend>
	</v033>
	<v033>
		<schedruggr>4-4-1</schedruggr>
		<drugcode>002848</drugcode>
		<datebeg>2022-01-01</datebeg>
		<dateend>9999-12-31</dateend>
	</v033>
	<v033>
		<schedruggr>4-4-2</schedruggr>
		<drugcode>002877</drugcode>
		<datebeg>2022-01-01</datebeg>
		<dateend>9999-12-31</dateend>
	</v033>
	<v033>
		<schedruggr>4-4-2</schedruggr>
		<drugcode>002920</drugcode>
		<datebeg>2022-01-01</datebeg>
		<dateend>9999-12-31</dateend>
	</v033>
	<v033>
		<schedruggr>4-4-3</schedruggr>
		<drugcode/>
		<datebeg>2022-01-01</datebeg>
		<dateend>9999-12-31</dateend>
	</v033>
	<v033>
		<schedruggr>4-4-3</schedruggr>
		<drugcode>000215</drugcode>
		<datebeg>2022-03-01</datebeg>
		<dateend>9999-12-31</dateend>
	</v033>
	<v033>
		<schedruggr>4-4-3</schedruggr>
		<drugcode>000319</drugcode>
		<datebeg>2022-03-01</datebeg>
		<dateend>9999-12-31</dateend>
	</v033>
	<v033>
		<schedruggr>4-4-3</schedruggr>
		<drugcode>000699</drugcode>
		<datebeg>2022-03-01</datebeg>
		<dateend>9999-12-31</dateend>
	</v033>
	<v033>
		<schedruggr>4-4-3</schedruggr>
		<drugcode>000707</drugcode>
		<datebeg>2022-03-01</datebeg>
		<dateend>9999-12-31</dateend>
	</v033>
	<v033>
		<schedruggr>4-4-3</schedruggr>
		<drugcode>001493</drugcode>
		<datebeg>2022-03-01</datebeg>
		<dateend>9999-12-31</dateend>
	</v033>
	<v033>
		<schedruggr>4-4-3</schedruggr>
		<drugcode>001686</drugcode>
		<datebeg>2022-03-01</datebeg>
		<dateend>9999-12-31</dateend>
	</v033>
	<v033>
		<schedruggr>4-4-3</schedruggr>
		<drugcode>001882</drugcode>
		<datebeg>2022-03-01</datebeg>
		<dateend>9999-12-31</dateend>
	</v033>
	<v033>
		<schedruggr>4-4-3</schedruggr>
		<drugcode>002243</drugcode>
		<datebeg>2022-03-01</datebeg>
		<dateend>9999-12-31</dateend>
	</v033>
	<v033>
		<schedruggr>4-4-3</schedruggr>
		<drugcode>002406</drugcode>
		<datebeg>2022-03-01</datebeg>
		<dateend>9999-12-31</dateend>
	</v033>
	<v033>
		<schedruggr>4-4-3</schedruggr>
		<drugcode>003003</drugcode>
		<datebeg>2022-03-01</datebeg>
		<dateend>9999-12-31</dateend>
	</v033>
	<v033>
		<schedruggr>4-4-4</schedruggr>
		<drugcode/>
		<datebeg>2022-01-01</datebeg>
		<dateend>9999-12-31</dateend>
	</v033>
	<v033>
		<schedruggr>4-4-4</schedruggr>
		<drugcode>000736</drugcode>
		<datebeg>2022-03-01</datebeg>
		<dateend>9999-12-31</dateend>
	</v033>
	<v033>
		<schedruggr>4-4-4</schedruggr>
		<drugcode>001410</drugcode>
		<datebeg>2022-03-01</datebeg>
		<dateend>9999-12-31</dateend>
	</v033>
	<v033>
		<schedruggr>4-4-5</schedruggr>
		<drugcode/>
		<datebeg>2022-01-01</datebeg>
		<dateend>9999-12-31</dateend>
	</v033>
	<v033>
		<schedruggr>4-4-5</schedruggr>
		<drugcode>000182</drugcode>
		<datebeg>2022-03-01</datebeg>
		<dateend>9999-12-31</dateend>
	</v033>
	<v033>
		<schedruggr>4-4-5</schedruggr>
		<drugcode>000186</drugcode>
		<datebeg>2022-03-01</datebeg>
		<dateend>9999-12-31</dateend>
	</v033>
	<v033>
		<schedruggr>4-4-5</schedruggr>
		<drugcode>000521</drugcode>
		<datebeg>2022-03-01</datebeg>
		<dateend>9999-12-31</dateend>
	</v033>
	<v033>
		<schedruggr>4-4-5</schedruggr>
		<drugcode>001142</drugcode>
		<datebeg>2022-03-01</datebeg>
		<dateend>9999-12-31</dateend>
	</v033>
	<v033>
		<schedruggr>4-4-5</schedruggr>
		<drugcode>001271</drugcode>
		<datebeg>2022-03-01</datebeg>
		<dateend>9999-12-31</dateend>
	</v033>
	<v033>
		<schedruggr>4-4-5</schedruggr>
		<drugcode>001394</drugcode>
		<datebeg>2022-03-01</datebeg>
		<dateend>9999-12-31</dateend>
	</v033>
	<v033>
		<schedruggr>4-4-5</schedruggr>
		<drugcode>001733</drugcode>
		<datebeg>2022-03-01</datebeg>
		<dateend>9999-12-31</dateend>
	</v033>
	<v033>
		<schedruggr>4-4-5</schedruggr>
		<drugcode>002307</drugcode>
		<datebeg>2022-03-01</datebeg>
		<dateend>9999-12-31</dateend>
	</v033>
	<v033>
		<schedruggr>4-4-5</schedruggr>
		<drugcode>002312</drugcode>
		<datebeg>2022-03-01</datebeg>
		<dateend>9999-12-31</dateend>
	</v033>
	<v033>
		<schedruggr>4-4-5</schedruggr>
		<drugcode>002313</drugcode>
		<datebeg>2022-03-01</datebeg>
		<dateend>9999-12-31</dateend>
	</v033>
	<v033>
		<schedruggr>4-4-5</schedruggr>
		<drugcode>002319</drugcode>
		<datebeg>2022-03-01</datebeg>
		<dateend>9999-12-31</dateend>
	</v033>
	<v033>
		<schedruggr>4-4-5</schedruggr>
		<drugcode>002321</drugcode>
		<datebeg>2022-03-01</datebeg>
		<dateend>9999-12-31</dateend>
	</v033>
	<v033>
		<schedruggr>4-4-5</schedruggr>
		<drugcode>002322</drugcode>
		<datebeg>2022-03-01</datebeg>
		<dateend>9999-12-31</dateend>
	</v033>
	<v033>
		<schedruggr>4-4-5</schedruggr>
		<drugcode>002423</drugcode>
		<datebeg>2022-03-01</datebeg>
		<dateend>9999-12-31</dateend>
	</v033>
	<v033>
		<schedruggr>4-4-5</schedruggr>
		<drugcode>002707</drugcode>
		<datebeg>2022-03-01</datebeg>
		<dateend>9999-12-31</dateend>
	</v033>
	<v033>
		<schedruggr>4-4-5</schedruggr>
		<drugcode>003004</drugcode>
		<datebeg>2022-03-01</datebeg>
		<dateend>9999-12-31</dateend>
	</v033>
	<v033>
		<schedruggr>4-4-5</schedruggr>
		<drugcode>003005</drugcode>
		<datebeg>2022-03-01</datebeg>
		<dateend>9999-12-31</dateend>
	</v033>
	<v033>
		<schedruggr>4-4-5</schedruggr>
		<drugcode>003006</drugcode>
		<datebeg>2022-03-01</datebeg>
		<dateend>9999-12-31</dateend>
	</v033>
	<v033>
		<schedruggr>4-4-5</schedruggr>
		<drugcode>003007</drugcode>
		<datebeg>2022-03-01</datebeg>
		<dateend>9999-12-31</dateend>
	</v033>
	<v033>
		<schedruggr>4-4-5</schedruggr>
		<drugcode>003008</drugcode>
		<datebeg>2022-03-01</datebeg>
		<dateend>9999-12-31</dateend>
	</v033>
	<v033>
		<schedruggr>4-4-5</schedruggr>
		<drugcode>003009</drugcode>
		<datebeg>2022-03-01</datebeg>
		<dateend>9999-12-31</dateend>
	</v033>
	<v033>
		<schedruggr>4-4-5</schedruggr>
		<drugcode>003010</drugcode>
		<datebeg>2022-03-01</datebeg>
		<dateend>9999-12-31</dateend>
	</v033>
	<v033>
		<schedruggr>4-4-5</schedruggr>
		<drugcode>003011</drugcode>
		<datebeg>2022-03-01</datebeg>
		<dateend>9999-12-31</dateend>
	</v033>
	<v033>
		<schedruggr>4-4-5</schedruggr>
		<drugcode>003012</drugcode>
		<datebeg>2022-03-01</datebeg>
		<dateend>9999-12-31</dateend>
	</v033>
	<v033>
		<schedruggr>4-4-5</schedruggr>
		<drugcode>003013</drugcode>
		<datebeg>2022-03-01</datebeg>
		<dateend>9999-12-31</dateend>
	</v033>
	<v033>
		<schedruggr>4-4-5</schedruggr>
		<drugcode>003014</drugcode>
		<datebeg>2022-03-01</datebeg>
		<dateend>9999-12-31</dateend>
	</v033>
	<v033>
		<schedruggr>4-4-5</schedruggr>
		<drugcode>003015</drugcode>
		<datebeg>2022-03-01</datebeg>
		<dateend>9999-12-31</dateend>
	</v033>
	<v033>
		<schedruggr>4-4-5</schedruggr>
		<drugcode>003016</drugcode>
		<datebeg>2022-03-01</datebeg>
		<dateend>9999-12-31</dateend>
	</v033>
	<v033>
		<schedruggr>4-4-5</schedruggr>
		<drugcode>003017</drugcode>
		<datebeg>2022-03-01</datebeg>
		<dateend>9999-12-31</dateend>
	</v033>
	<v033>
		<schedruggr>4-4-5</schedruggr>
		<drugcode>003018</drugcode>
		<datebeg>2022-03-01</datebeg>
		<dateend>9999-12-31</dateend>
	</v033>
</VFPData>
