<?xml version = "1.0" encoding="Windows-1251" standalone="yes"?>
<VFPData>
	<xsd:schema id="VFPData" xmlns:xsd="http://www.w3.org/2001/XMLSchema" xmlns:msdata="urn:schemas-microsoft-com:xml-msdata">
		<xsd:element name="VFPData" msdata:IsDataSet="true">
			<xsd:complexType>
				<xsd:choice maxOccurs="unbounded">
					<xsd:element name="wh_days" minOccurs="0" maxOccurs="unbounded">
						<xsd:complexType>
							<xsd:sequence>
								<xsd:element name="id">
									<xsd:simpleType>
										<xsd:restriction base="xsd:decimal">
											<xsd:totalDigits value="11"/>
											<xsd:fractionDigits value="0"/>
										</xsd:restriction>
									</xsd:simpleType>
								</xsd:element>
								<xsd:element name="wh_date" type="xsd:date"/>
							</xsd:sequence>
						</xsd:complexType>
					</xsd:element>
				</xsd:choice>
				<xsd:anyAttribute namespace="http://www.w3.org/XML/1998/namespace" processContents="lax"/>
			</xsd:complexType>
		</xsd:element>
	</xsd:schema>
	<wh_days>
		<id>12</id>
		<wh_date>2024-02-04</wh_date>
	</wh_days>
	<wh_days>
		<id>13</id>
		<wh_date>2024-02-11</wh_date>
	</wh_days>
	<wh_days>
		<id>14</id>
		<wh_date>2024-02-18</wh_date>
	</wh_days>
	<wh_days>
		<id>15</id>
		<wh_date>2024-02-23</wh_date>
	</wh_days>
	<wh_days>
		<id>16</id>
		<wh_date>2024-02-25</wh_date>
	</wh_days>
	<wh_days>
		<id>17</id>
		<wh_date>2024-03-03</wh_date>
	</wh_days>
	<wh_days>
		<id>18</id>
		<wh_date>2024-03-08</wh_date>
	</wh_days>
	<wh_days>
		<id>19</id>
		<wh_date>2024-03-10</wh_date>
	</wh_days>
	<wh_days>
		<id>20</id>
		<wh_date>2024-03-17</wh_date>
	</wh_days>
	<wh_days>
		<id>21</id>
		<wh_date>2024-03-24</wh_date>
	</wh_days>
	<wh_days>
		<id>22</id>
		<wh_date>2024-03-31</wh_date>
	</wh_days>
	<wh_days>
		<id>23</id>
		<wh_date>2024-04-07</wh_date>
	</wh_days>
	<wh_days>
		<id>24</id>
		<wh_date>2024-04-14</wh_date>
	</wh_days>
	<wh_days>
		<id>25</id>
		<wh_date>2024-04-21</wh_date>
	</wh_days>
	<wh_days>
		<id>26</id>
		<wh_date>2024-04-28</wh_date>
	</wh_days>
	<wh_days>
		<id>27</id>
		<wh_date>2024-05-01</wh_date>
	</wh_days>
	<wh_days>
		<id>28</id>
		<wh_date>2024-05-05</wh_date>
	</wh_days>
	<wh_days>
		<id>29</id>
		<wh_date>2024-05-09</wh_date>
	</wh_days>
	<wh_days>
		<id>30</id>
		<wh_date>2024-05-12</wh_date>
	</wh_days>
	<wh_days>
		<id>31</id>
		<wh_date>2024-05-19</wh_date>
	</wh_days>
	<wh_days>
		<id>32</id>
		<wh_date>2024-05-26</wh_date>
	</wh_days>
	<wh_days>
		<id>33</id>
		<wh_date>2024-06-02</wh_date>
	</wh_days>
	<wh_days>
		<id>34</id>
		<wh_date>2024-06-09</wh_date>
	</wh_days>
	<wh_days>
		<id>35</id>
		<wh_date>2024-06-12</wh_date>
	</wh_days>
	<wh_days>
		<id>36</id>
		<wh_date>2024-06-16</wh_date>
	</wh_days>
	<wh_days>
		<id>37</id>
		<wh_date>2024-06-23</wh_date>
	</wh_days>
	<wh_days>
		<id>38</id>
		<wh_date>2024-06-30</wh_date>
	</wh_days>
	<wh_days>
		<id>39</id>
		<wh_date>2024-07-07</wh_date>
	</wh_days>
	<wh_days>
		<id>40</id>
		<wh_date>2024-07-14</wh_date>
	</wh_days>
	<wh_days>
		<id>41</id>
		<wh_date>2024-07-21</wh_date>
	</wh_days>
	<wh_days>
		<id>42</id>
		<wh_date>2024-07-28</wh_date>
	</wh_days>
	<wh_days>
		<id>43</id>
		<wh_date>2024-08-04</wh_date>
	</wh_days>
	<wh_days>
		<id>44</id>
		<wh_date>2024-08-11</wh_date>
	</wh_days>
	<wh_days>
		<id>45</id>
		<wh_date>2024-08-18</wh_date>
	</wh_days>
	<wh_days>
		<id>46</id>
		<wh_date>2024-08-25</wh_date>
	</wh_days>
	<wh_days>
		<id>47</id>
		<wh_date>2024-09-01</wh_date>
	</wh_days>
	<wh_days>
		<id>48</id>
		<wh_date>2024-09-08</wh_date>
	</wh_days>
	<wh_days>
		<id>49</id>
		<wh_date>2024-09-15</wh_date>
	</wh_days>
	<wh_days>
		<id>50</id>
		<wh_date>2024-09-22</wh_date>
	</wh_days>
	<wh_days>
		<id>51</id>
		<wh_date>2024-09-29</wh_date>
	</wh_days>
	<wh_days>
		<id>52</id>
		<wh_date>2024-10-06</wh_date>
	</wh_days>
	<wh_days>
		<id>53</id>
		<wh_date>2024-10-13</wh_date>
	</wh_days>
	<wh_days>
		<id>54</id>
		<wh_date>2024-10-20</wh_date>
	</wh_days>
	<wh_days>
		<id>55</id>
		<wh_date>2024-10-27</wh_date>
	</wh_days>
	<wh_days>
		<id>56</id>
		<wh_date>2024-11-03</wh_date>
	</wh_days>
	<wh_days>
		<id>57</id>
		<wh_date>2024-11-04</wh_date>
	</wh_days>
	<wh_days>
		<id>58</id>
		<wh_date>2024-11-10</wh_date>
	</wh_days>
	<wh_days>
		<id>59</id>
		<wh_date>2024-11-17</wh_date>
	</wh_days>
	<wh_days>
		<id>60</id>
		<wh_date>2024-11-24</wh_date>
	</wh_days>
	<wh_days>
		<id>61</id>
		<wh_date>2024-12-01</wh_date>
	</wh_days>
	<wh_days>
		<id>62</id>
		<wh_date>2024-12-08</wh_date>
	</wh_days>
	<wh_days>
		<id>63</id>
		<wh_date>2024-12-15</wh_date>
	</wh_days>
	<wh_days>
		<id>64</id>
		<wh_date>2024-12-22</wh_date>
	</wh_days>
	<wh_days>
		<id>65</id>
		<wh_date>2024-12-29</wh_date>
	</wh_days>
	<wh_days>
		<id>66</id>
		<wh_date>2024-12-31</wh_date>
	</wh_days>
</VFPData>
